-- phpMyAdmin SQL Dump
-- version 5.2.0
-- https://www.phpmyadmin.net/
--
-- Host: 127.0.0.1
-- Generation Time: Dec 12, 2022 at 06:42 PM
-- Server version: 10.4.25-MariaDB
-- PHP Version: 8.1.10
DROP DATABASE IF EXISTS Cinema;
CREATE DATABASE Cinema;

SET SQL_MODE = "NO_AUTO_VALUE_ON_ZERO";
START TRANSACTION;
SET time_zone = "+00:00";


/*!40101 SET @OLD_CHARACTER_SET_CLIENT=@@CHARACTER_SET_CLIENT */;
/*!40101 SET @OLD_CHARACTER_SET_RESULTS=@@CHARACTER_SET_RESULTS */;
/*!40101 SET @OLD_COLLATION_CONNECTION=@@COLLATION_CONNECTION */;
/*!40101 SET NAMES utf8mb4 */;

--
-- Database: `cinema`
--

DELIMITER $$
--
-- Procedures
--
CREATE DEFINER=`root`@`localhost` PROCEDURE `customer_orders` (IN `Gender` VARCHAR(50), `minPrice` FLOAT)   BEGIN
    IF (Gender = 'Male' or Gender = 'Female' or Gender = 'Other') THEN
        SELECT customer.CustomerID, Customer.Username,Customer.Password,Customer.Email, Customer.Name, Customer.Birthday, Customer.Address, Customer.Phone, Customer.Gender,Customer.Total_point, cOrder.Total_price FROM Customer, cOrder
        WHERE Customer.CustomerID = cOrder.CustomerID AND Customer.Gender = Gender AND cOrder.Total_price >= minPrice
        ORDER BY Customer.Name;

    END IF;
END$$

CREATE DEFINER=`root`@`localhost` PROCEDURE `delete_customer` (IN `CustomerID` VARCHAR(255))   BEGIN
        IF length(CustomerID) < 9 THEN
			SELECT 'The customer ID is too short!'AS response;
        ELSEIF length(CustomerID) > 9 THEN
			SELECT 'The customer ID is too long!' AS response;
        ELSEIF CustomerID NOT REGEXP '^c[0-9]{8}' THEN
			SELECT 'The customer ID is invalid!' AS response;
        ELSE
            DELETE FROM customer WHERE customer.customerID=customerID;
            SELECT 'Customer Deleted Successfully!' AS response;
        END IF;
    END$$

CREATE DEFINER=`root`@`localhost` PROCEDURE `findOrderAfter` (IN `DateFrom` DATE, `Amount` INT, `NameFood` VARCHAR(255), `sortPatemeter` VARCHAR(255), `offset` INT)   BEGIN
    IF NOT EXISTS(SELECT * FROM Food WHERE Name=NameFood) THEN
        SELECT "The food name doesn't exist!" AS Response;
    ELSEIF (sortPatemeter= 'Name') THEN
        SELECT  Customer.Username, Customer.Gender, Customer.Name, Customer.Birthday, Customer.Address, Customer.Phone, SUM(Food_order.Amount) AS OrderAmount
        FROM Food, cOrder, Food_order, Customer
        WHERE CONVERT(cOrder.Pay_time, DATE) > DateFrom
            AND Food_order.Invoice_num=cOrder.Invoice_num
            AND Food.FoodID=Food_order.FoodID
            AND cOrder.CustomerID=Customer.CustomerID
            AND Food.Name=NameFood
        GROUP BY Customer.Name
        HAVING  SUM(Food_order.Amount) > Amount
        ORDER BY Customer.Name
        LIMIT 10 OFFSET offset;

    ELSEIF (sortPatemeter = 'Amount') THEN
        SELECT  Customer.Username, Customer.Gender, Customer.Name, Customer.Birthday, Customer.Address, Customer.Phone, SUM(Food_order.Amount) AS OrderAmount
        FROM Food, cOrder, Food_order, Customer
        WHERE CONVERT(cOrder.Pay_time, DATE) > DateFrom
            AND Food_order.Invoice_num=cOrder.Invoice_num
            AND Food.FoodID=Food_order.FoodID
            AND cOrder.CustomerID=Customer.CustomerID
            AND Food.Name=NameFood
        GROUP BY Customer.Name
        HAVING  SUM(Food_order.Amount) > Amount
        ORDER BY SUM(Food_order.Amount)
        LIMIT 10 OFFSET offset;

    ELSE
        SELECT  Customer.Username, Customer.Gender, Customer.Name, Customer.Birthday, Customer.Address, Customer.Phone, SUM(Food_order.Amount) AS OrderAmount
        FROM Food, cOrder, Food_order, Customer
        WHERE CONVERT(cOrder.Pay_time, DATE) > DateFrom
            AND Food_order.Invoice_num=cOrder.Invoice_num
            AND Food.FoodID=Food_order.FoodID
            AND cOrder.CustomerID=Customer.CustomerID
            AND Food.Name=NameFood
        GROUP BY Customer.Username
        HAVING  SUM(Food_order.Amount) > Amount
        ORDER BY Customer.Username
        LIMIT 10 OFFSET offset;

    END IF;
END$$

CREATE DEFINER=`root`@`localhost` PROCEDURE `insert_new_customer` (IN `CustomerID` VARCHAR(255), `Username` VARCHAR(255), `Password` VARCHAR(255), `Name` VARCHAR(255), `Birthday` DATE, `Gender` VARCHAR(255), `Address` VARCHAR(255), `Phone` VARCHAR(255), `Email` VARCHAR(255), `Created_time` DATETIME, `Total_point` BIGINT)   BEGIN
    	DECLARE canAdd BOOL DEFAULT 1;
	-- Check customerID
		IF length(CustomerID) < 9 THEN
			SELECT 'The customer ID is too short!'AS response_customer;
            SET canAdd = 0;
        ELSEIF length(CustomerID) > 9 THEN
			SELECT 'The customer ID is too long!' AS response_customer;
            SET canAdd = 0;
        ELSEIF CustomerID NOT REGEXP '^c[0-9]{8}' THEN
			SELECT 'The customer ID is invalid!' AS response_customer;
            SET canAdd = 0;
        END IF;
	-- Check username already exists
		IF EXISTS(SELECT * FROM customer where customer.Username=Username) THEN
			SELECT "The Username already exists"  AS response_customer;
            SET canAdd = 0;
        END IF;
	-- Check length of password
		IF length(Password) <= 5 THEN
			SELECT 'The length of password must be more than 5' AS response_customer;
            SET canAdd = 0;
        END IF;
	-- Check birthday
		IF (SELECT CONVERT(Birthday, DATE)) > (SELECT CURRENT_DATE) THEN
        	SELECT "The Birthday is not correct!" AS response_customer;
            SET canAdd = 0;
        END IF;

	-- Check gender
		IF ((Gender != 'Male') and (Gender != 'Female') and (Gender != 'Other')) THEN
			SELECT "Gender is not correct!" AS response_customer;
            SET canAdd = 0;
		END IF;

    -- Check phone number
		IF (length(Phone) != 10) or (Phone NOT REGEXP "[0-9]{10}") THEN
			SELECT "Phone is not correct!" AS response_customer;
            SET canAdd = 0;
		END IF;

	-- Check Created_time
		IF (SELECT CONVERT(Created_time, DATE)) > (SELECT CURRENT_DATE) THEN
        	SELECT "Time is created more than present" AS response_customer;
            SET canAdd = 0;
        END IF;

	-- Check total point
		IF (Total_point < 0) THEN
        	SELECT "Total point of customer must be greater than or equal to 0" AS reponse_customer;
            SET canAdd = 0;
        END IF;

        IF canAdd = 1 THEN
            INSERT INTO cinema.customer(CustomerID, Username, Password, Name, Birthday, Gender, Address, Phone, Email, Created_time, Total_point) VALUES (customerID, Username, Password, Name, Birthday, Gender, Address, Phone, Email, Created_time ,Total_point);
            SELECT "Insert Successful" as response_customer;
        END IF;
    END$$

CREATE DEFINER=`root`@`localhost` PROCEDURE `update_address_customer` (IN `usrName` VARCHAR(255), `Addr` VARCHAR(255))   BEGIN
    	IF EXISTS (SELECT * from customer where customer.Username = usrName) THEN
            UPDATE customer SET customer.Address=Addr where customer.Username = usrName;
            SELECT "Update Address Successful";
        ELSE
            SELECT "Customer doesn't exist!" as response;
        END IF;
    END$$

CREATE DEFINER=`root`@`localhost` PROCEDURE `update_birthday_customer` (IN `usrName` VARCHAR(255), `bornDay` DATE)   BEGIN
        IF NOT EXISTS (SELECT * from customer where customer.Username = usrName) THEN
            SELECT "Customer doesn't exists!" AS response;
        ELSEIF (SELECT CONVERT(bornDay, DATE)) > (SELECT CURRENT_DATE) THEN
        	SELECT "The Birthday is not correct!" AS response;
		ELSE
        	UPDATE customer SET customer.Birthday = bornDay where customer.Username = usrName;
        	SELECT "Update Birthday Successfull" as response;
        END IF;
    END$$

CREATE DEFINER=`root`@`localhost` PROCEDURE `update_email_customer` (IN `usrName` VARCHAR(255), `mail` VARCHAR(255))   BEGIN
        IF NOT EXISTS (SELECT * from customer where customer.Username = usrName) THEN
            SELECT "Customer doesn't exists!" AS response;
        ELSEIF (mail NOT REGEXP "^[A-Za-z]+[A-Za-z0-9.]+@[A-Za-z0-9.-]+\.[A-Za-z]{2,4}$") THEN
            SELECT "Email is not correct!" AS response;
        ELSE
        	UPDATE customer SET customer.Email = mail where customer.Username = usrName;
        	SELECT "Update Email Successfull" as response;
        END IF;
    END$$

CREATE DEFINER=`root`@`localhost` PROCEDURE `update_gender_customer` (IN `usrName` VARCHAR(255), `sex` VARCHAR(255))   BEGIN
        IF NOT EXISTS (SELECT * from customer where customer.Username = usrName) THEN
            SELECT "Customer doesn't exists!" AS response;
        ELSEIF ((sex != 'Male') and (sex != 'Female') and (sex != 'Other')) THEN
			SELECT "Gender is not correct!" AS response;
		ELSE
        	UPDATE customer SET customer.Gender = sex where customer.Username = usrName;
        	SELECT "Update Gender Successfull" as response;
        END IF;
    END$$

CREATE DEFINER=`root`@`localhost` PROCEDURE `update_name_customer` (IN `usrName` VARCHAR(255), `fullName` VARCHAR(255))   BEGIN
        IF NOT EXISTS (SELECT * from customer where customer.Username = usrName) THEN
            SELECT "Customer doesn't exists!" AS response;
        ELSE
        	UPDATE customer SET customer.Name = fullName where customer.Username = usrName;
        	SELECT "Update Name Successfull" as response;
        END IF;
    END$$

CREATE DEFINER=`root`@`localhost` PROCEDURE `update_password_customer` (IN `CID` VARCHAR(255), `Pass` VARCHAR(255))   BEGIN
        IF length(Pass) <= 5 THEN
			SELECT 'The length of password must be more than 5' AS response;
        ELSEIF NOT EXISTS (SELECT * from customer where customer.CustomerID=CID) THEN
            SELECT "Customer doesn't exist!" AS response;
        ELSE
        	UPDATE customer SET customer.Password = Pass WHERE customer.CustomerID = CID;
        END IF;
    END$$

CREATE DEFINER=`root`@`localhost` PROCEDURE `update_phone_customer` (IN `usrName` VARCHAR(255), `phoneNumber` VARCHAR(255))   BEGIN
        IF (length(phoneNumber) != 10) or (phoneNumber NOT REGEXP "^0[0-9]{9}") THEN
			SELECT "Phone is not correct!" AS response;
        ELSEIF NOT EXISTS (SELECT * from customer where customer.Username = usrName) THEN
            SELECT "Customer doesn't exist!" AS response;
        ELSE
        	UPDATE customer SET customer.Phone = phoneNumber where customer.Username = usrName;
        	SELECT "Update Phone Number Is Successful" AS response;
        END IF;
    END$$

--
-- Functions
--
CREATE DEFINER=`root`@`localhost` FUNCTION `checkAge` (`mCode` VARCHAR(255), `cID` VARCHAR(255)) RETURNS VARCHAR(20) CHARSET utf8mb4  BEGIN
	DECLARE bday DATE;
    DECLARE age VARCHAR(3);
	-- CHECK INPUT
    IF (CHAR_LENGTH(mCode) <> 9 OR LEFT(mCode, 1) <> 'm') THEN
		RETURN 'INVALID VALUE OF MOVIE CODE';
	END IF;

    IF (CHAR_LENGTH(cID) <> 9 OR LEFT(cID, 1) <> 'c') THEN
		RETURN 'INVALID VALUE OF CUSTOMER ID';
	END IF;

    -- FUNCTION BODY
    SET bday = (SELECT Birthday
				FROM Customer
                WHERE CustomerID = cID);
	SET age = (SELECT Age_limit
				FROM Movie
                WHERE Movie_code = mCode);
	IF (YEAR(CURDATE()) - YEAR(bday)) >= age OR (age = 'All') THEN
		RETURN 'You are old enough';
	ELSE RETURN 'You are not old enough!';
    END IF;
END$$

CREATE DEFINER=`root`@`localhost` FUNCTION `dayReachTarget` (`month` INT, `year` INT, `bCode` VARCHAR(255), `target` INT) RETURNS VARCHAR(255) CHARSET utf8mb4  BEGIN
	DECLARE rev INT DEFAULT 0;
    DECLARE d VARCHAR(2) DEFAULT '';
	-- CHECK INPUT
    IF (month < 0 OR month > 12) THEN
			RETURN 'THE VALUE OF MONTH MUST BE FROM 1 - 12';
	END IF;

    IF (year < 1999 OR year > YEAR(CURDATE())) THEN
		RETURN CONCAT('THE VALUE OF YEAR MUST BE FROM 1999 - ', YEAR(CURDATE()));
	END IF;

    IF (CHAR_LENGTH(bCode) <> 2 OR LEFT(bCode, 1) <> 'b') THEN
		RETURN 'INVALID BRANCH CODE';
	END IF;

    IF (target < 0 OR target > 500000000) THEN
		RETURN 'INVALID TARGET';
    END IF;

    -- LOOP
    BEGIN
		DECLARE notReach INT DEFAULT 0;
        DECLARE price INT DEFAULT 0;
        DECLARE ptime DATE;
		DECLARE p CURSOR FOR SELECT *
        FROM (
			SELECT Total_price, Pay_time
            FROM (
				SELECT DISTINCT Invoice_num
                FROM Ticket
                WHERE Branch_code = bCode
            ) t INNER JOIN cOrder ON t.Invoice_num = cOrder.Invoice_num
            WHERE MONTH(Pay_time) = month and YEAR(Pay_time) = year
            ORDER BY Pay_time ASC -- < in case the times were not ordered correctly >
        ) pt;
        -- declare NOT FOUND handler
		DECLARE CONTINUE HANDLER
        FOR NOT FOUND SET notReach = 1;
        OPEN p;
		isReach: LOOP
			IF (rev >= target OR notReach = 1) THEN LEAVE isReach;
			END IF;
			FETCH p INTO price, ptime;
            SET rev = rev + price;
            SET d = DAY(ptime);
		END LOOP isReach;
        CLOSE p;
    END;
    IF (rev > target) THEN
		RETURN CONCAT('DOANH THU THANG ', month, ' NAM ', year, ' DAT CHI TIEU TRONG VONG ', d, ' NGAY');
    ELSE
		RETURN CONCAT('DOANH THU THANG ', month , ' NAM ', year, ' KHONG DAT CHI TIEU');
    END IF;
END$$

DELIMITER ;

-- --------------------------------------------------------

--
-- Table structure for table `admin`
--

CREATE TABLE `admin` (
  `AdminID` varchar(9) NOT NULL,
  `Username` varchar(50) NOT NULL,
  `Password` varchar(50) NOT NULL,
  `Name` varchar(50) NOT NULL,
  `Birthday` date NOT NULL,
  `Gender` varchar(50) NOT NULL,
  `Address` varchar(50) NOT NULL,
  `Phone` varchar(50) NOT NULL,
  `Email` varchar(50) NOT NULL,
  `Created_time` datetime NOT NULL,
  `Certificate` varchar(10) NOT NULL
) ENGINE=InnoDB DEFAULT CHARSET=utf8mb4;

--
-- Dumping data for table `admin`
--

INSERT INTO `admin` (`AdminID`, `Username`, `Password`, `Name`, `Birthday`, `Gender`, `Address`, `Phone`, `Email`, `Created_time`, `Certificate`) VALUES
('a00009760', 'svauter27', 'W6gSeWg', 'Sherri Vauter', '1932-03-17', 'Female', '2 Dennis Center', '0774431744', 'svauter27@ebay.co.uk', '2022-01-09 17:32:00', 'Student'),
('a00670234', 'jkarolowski2a', 'K62D7y2EydgX', 'Jenelle Karolowski', '1919-03-19', 'Female', '94236 Judy Point', '0792483776', 'jkarolowski2a@mail.ru', '2022-10-05 23:40:00', 'Management'),
('a01202673', 'nlegan1y', '9b2loO6pkt', 'Neall Legan', '1902-04-01', 'Male', '516 Village Street', '0448980137', 'nlegan1y@webeden.co.uk', '2022-09-15 16:48:00', 'Accounting'),
('a03387033', 'rvarker2g', 'ssu9XRvPK', 'Rozanna Varker', '1907-03-13', 'Female', '61 Linden Terrace', '0125666734', 'rvarker2g@gmpg.org', '2021-02-15 08:52:00', 'Management'),
('a05662085', 'zbarwell2n', 'dRAF2EtfNE', 'Zuzana Barwell', '1991-05-04', 'Bigender', '368 Havey Drive', '0741407073', 'zbarwell2n@cbslocal.com', '2022-07-01 01:04:00', 'Student'),
('a06116032', 'flaw26', 'TsEBvnmDJC', 'Felike Law', '1936-06-20', 'Male', '4 Novick Drive', '0785545682', 'flaw26@cisco.com', '2021-08-20 17:18:00', 'Student'),
('a06387338', 'kasche1t', '6OeJ1Wkk', 'Kirsteni Asche', '1918-05-18', 'Female', '8918 Brown Terrace', '0224135622', 'kasche1t@hao123.com', '2021-07-17 13:31:00', 'Student'),
('a06606826', 'bgaucher1g', 'wMsHlJsH8i1', 'Bernelle Gaucher', '2005-12-28', 'Female', '3074 Quincy Crossing', '0994553095', 'bgaucher1g@prweb.com', '2021-02-02 09:22:00', 'Student'),
('a07407475', 'agemlbett1d', '06u2niZIRb', 'Annecorinne Gemlbett', '1984-11-24', 'Genderqueer', '3 Hintze Way', '0868837335', 'agemlbett1d@fda.gov', '2022-09-21 12:00:00', 'Student'),
('a07829506', 'sblackey23', '9sBqawcVIu07', 'Sidnee Blackey', '1990-03-10', 'Male', '4 Macpherson Point', '0366472109', 'sblackey23@ycombinator.com', '2021-11-06 19:15:00', 'Management'),
('a10890153', 'kmcreedya', 'QLwUvoc', 'Klaus McReedy', '1979-11-12', 'Male', '672 Delaware Parkway', '0691976100', 'kmcreedya@pinterest.com', '2022-01-29 11:56:00', 'Sales'),
('a11149578', 'sadleml', '2gVmCdHsVYO', 'Sauveur Adlem', '1911-05-05', 'Bigender', '579 Quincy Trail', '0523034307', 'sadleml@google.nl', '2021-04-22 05:59:00', 'Accounting'),
('a11437165', 'dhanscombe1n', 'ykuSGfCpkpMg', 'Donovan Hanscombe', '1986-11-22', 'Male', '88 Buena Vista Road', '0231566694', 'dhanscombe1n@deviantart.com', '2021-04-03 09:56:00', 'Student'),
('a11693853', 'troderhami', 'w9w5xj', 'Trisha Roderham', '1999-09-11', 'Female', '8209 Darwin Road', '0345518963', 'troderhami@altervista.org', '2022-09-02 18:08:00', 'Sales'),
('a13219001', 'sburnage17', 'iJIyw2', 'Shanie Burnage', '2007-09-19', 'Genderqueer', '7241 Esker Way', '0858181382', 'sburnage17@photobucket.com', '2022-02-06 15:56:00', 'Sales'),
('a13407048', 'claytham15', 'I7aSdKO6', 'Constantina Laytham', '1967-11-23', 'Female', '1 Mayfield Street', '0173799791', 'claytham15@linkedin.com', '2022-11-10 12:03:00', 'Management'),
('a13779459', 'lkrug21', 'CTMG3T', 'Ladonna Krug', '1988-08-20', 'Female', '638 South Place', '0827930374', 'lkrug21@engadget.com', '2020-11-30 00:10:00', 'Management'),
('a14453310', 'msmitheram1s', 'INCFi41Yb', 'Meghan Smitheram', '1901-06-27', 'Female', '40 Little Fleur Crossing', '0239423545', 'msmitheram1s@themeforest.net', '2022-03-22 01:59:00', 'Sales'),
('a14840864', 'mcureem', 'MJACkuCpLJdu', 'Milton Curee', '1996-05-22', 'Male', '935 Drewry Avenue', '0183528905', 'mcureem@arizona.edu', '2021-06-22 09:51:00', 'Student'),
('a15253500', 'jollin16', 'PnWOK6N2lZP', 'Jo-anne Ollin', '1964-12-19', 'Female', '1620 Havey Center', '0545186477', 'jollin16@tinyurl.com', '2021-01-06 15:02:00', 'Management'),
('a17034555', 'vhutsony', 'pQLiY1B8', 'Vic Hutson', '1918-08-23', 'Male', '039 Knutson Drive', '0423945048', 'vhutsony@is.gd', '2020-12-07 00:02:00', 'Accounting'),
('a17717321', 'bdarnborough1q', 'tzidzlubWIi7', 'Brok Darnborough', '2005-05-22', 'Male', '6500 Superior Park', '0945937384', 'bdarnborough1q@webeden.co.uk', '2022-09-24 17:33:00', 'Management'),
('a20697782', 'mcowien', 'oZJYfjU', 'Milly Cowie', '2004-02-16', 'Female', '93 Comanche Junction', '0530986831', 'mcowien@unblog.fr', '2022-02-09 14:21:00', 'Sales'),
('a21381243', 'tcockaday2m', 'FSMVbN1Jqn', 'Tyson Cockaday', '1909-06-29', 'Male', '398 Oak Hill', '0301374602', 'tcockaday2m@elpais.com', '2021-11-23 15:33:00', 'Management'),
('a22033677', 'tdadson28', 'CBzh4Krk0AS', 'Tucky Dadson', '1968-10-26', 'Male', '8890 Springs Hill', '0602408358', 'tdadson28@example.com', '2022-09-27 18:54:00', 'Student'),
('a22182816', 'avondracek1m', 'yDRE4Rn2A', 'Alia Vondracek', '1958-10-11', 'Female', '4 Ronald Regan Lane', '0795746747', 'avondracek1m@acquirethisname.com', '2021-07-03 04:27:00', 'Student'),
('a25011803', 'hmeekso', 'SavGdTVB5', 'Harriott Meeks', '1938-10-28', 'Female', '00 Waubesa Street', '0968071301', 'hmeekso@intel.com', '2021-10-24 18:08:00', 'Student'),
('a25338757', 'gtippin24', 'ge35OzAL', 'Gaspard Tippin', '1926-03-20', 'Male', '31591 Carpenter Avenue', '0902296015', 'gtippin24@prlog.org', '2022-01-21 19:54:00', 'Management'),
('a26490313', 'tprudhame', 'Rx1QnOFmzIUa', 'Tynan Prudham', '1974-12-29', 'Male', '57297 Fieldstone Alley', '0111323474', 'tprudhame@cdc.gov', '2021-05-08 19:42:00', 'Accounting'),
('a28503811', 'mtatlowe1v', 'y4cKGhGw', 'Margaret Tatlowe', '1979-10-17', 'Female', '94456 Amoth Terrace', '0282646511', 'mtatlowe1v@bbc.co.uk', '2021-04-21 04:42:00', 'Sales'),
('a28879095', 'thillam2p', '8zA4hWhvT', 'Tarrah Hillam', '1978-12-08', 'Female', '01 Dakota Trail', '0157089708', 'thillam2p@google.cn', '2021-10-31 14:16:00', 'Sales'),
('a29746909', 'cdur1', '2Tot2ep8znd', 'Cyndia Dur', '1916-06-03', 'Polygender', '34152 Schiller Circle', '0777792477', 'cdur1@intel.com', '2021-09-11 13:17:00', 'Management'),
('a31828989', 'vpettingall2j', 'WBOxx01', 'Valida Pettingall', '1920-01-19', 'Female', '90 Golf View Circle', '0603032299', 'vpettingall2j@intel.com', '2022-02-20 19:46:00', 'Management'),
('a32008907', 'mgiorgeschif', '5lRJnN', 'Maura Giorgeschi', '1930-09-07', 'Female', '46 Esch Drive', '0681555970', 'mgiorgeschif@nba.com', '2021-09-08 15:18:00', 'Sales'),
('a33349078', 'gwillmot7', 'c7Mc4FQA', 'Gene Willmot', '1969-05-30', 'Female', '6 Gale Drive', '0396311249', 'gwillmot7@reddit.com', '2022-02-24 17:33:00', 'Student'),
('a33741997', 'sboatwright20', 'duQRcNBx', 'Sofie Boatwright', '1919-07-15', 'Female', '313 Sage Drive', '0922206748', 'sboatwright20@mtv.com', '2021-03-30 19:07:00', 'Management'),
('a34651018', 'amcowis1i', 'hkBwJhF', 'Arnoldo M\'cowis', '2002-10-28', 'Male', '19 Sutherland Trail', '0519280236', 'amcowis1i@fc2.com', '2022-07-12 08:38:00', 'Sales'),
('a34687830', 'ltansey1j', 'FWwTg9OR', 'Laureen Tansey', '1906-08-10', 'Non-binary', '67699 Meadow Valley Way', '0200013084', 'ltansey1j@soup.io', '2021-09-07 20:48:00', 'Accounting'),
('a36076357', 'imcnutt2k', 'RROWi2BH5', 'Inglebert McNutt', '1917-10-18', 'Male', '16889 Shelley Center', '0234998183', 'imcnutt2k@usa.gov', '2021-03-16 19:37:00', 'Accounting'),
('a37576905', 'jmancellg', 'H0QpnvaNX', 'Julienne Mancell', '1969-03-29', 'Female', '077 Emmet Trail', '0373390885', 'jmancellg@mail.ru', '2021-05-15 05:53:00', 'Sales'),
('a38510714', 'ghogsden29', 'kh1N49vkm', 'Glory Hogsden', '1972-05-25', 'Female', '9587 Del Mar Way', '0352710030', 'ghogsden29@seesaa.net', '2022-03-26 16:26:00', 'Student'),
('a39133162', 'zanyon1o', 'mc56CE3', 'Zilvia Anyon', '1920-06-28', 'Female', '081 Forest Dale Court', '0297564838', 'zanyon1o@state.gov', '2021-05-28 16:12:00', 'Accounting'),
('a41560022', 'eronchka19', 'nKoucl', 'Ealasaid Ronchka', '1997-05-10', 'Female', '6 Stuart Center', '0998290984', 'eronchka19@alexa.com', '2022-03-09 19:44:00', 'Accounting'),
('a42694616', 'sdoggartz', 'QHvpBtEC3', 'Sidoney Doggart', '1988-10-18', 'Female', '09 Memorial Hill', '0456992884', 'sdoggartz@discovery.com', '2022-01-12 22:38:00', 'Student'),
('a45329285', 'rdixcey1x', '6EhBwEr', 'Rab Dixcey', '1953-04-10', 'Male', '70 Pankratz Way', '0136269078', 'rdixcey1x@dot.gov', '2021-01-29 03:11:00', 'Sales'),
('a46383365', 'hpilipets2l', 'qZZTFSls', 'Holly Pilipets', '1949-02-05', 'Female', '632 Starling Road', '0990758472', 'hpilipets2l@examiner.com', '2021-01-18 15:30:00', 'Management'),
('a47896743', 'bnormanvillep', 'HSjd6cUkng8', 'Brannon Normanville', '2004-09-23', 'Male', '13228 Melvin Place', '0578803055', 'bnormanvillep@friendfeed.com', '2022-04-01 01:41:00', 'Management'),
('a48281313', 'gklyners', 'PfQgfOEl', 'Gertrudis Klyner', '1971-05-16', 'Female', '2 Farmco Court', '0821249330', 'gklyners@slashdot.org', '2022-05-17 23:13:00', 'Student'),
('a50120400', 'wmackney5', 'ULcRSuHlmbB', 'Wynnie Mackney', '1976-01-30', 'Female', '418 Westerfield Place', '0936319897', 'wmackney5@hc360.com', '2022-04-25 10:19:00', 'Student'),
('a50760190', 'vpirisj', 'LC5cdnAa6', 'Vanny Piris', '1919-02-02', 'Female', '076 Linden Trail', '0377730625', 'vpirisj@jugem.jp', '2022-02-28 10:30:00', 'Management'),
('a51764607', 'zdowglassk', 'KDrjcr2', 'Zachery Dowglass', '1967-09-04', 'Male', '139 Muir Court', '0100563431', 'zdowglassk@exblog.jp', '2021-07-26 03:59:00', 'Management'),
('a52342736', 'aollerhead1p', 'Fp9mrHMJY', 'Ashia Ollerhead', '1947-02-09', 'Female', '16 Prairieview Avenue', '0173218121', 'aollerhead1p@ucsd.edu', '2022-10-28 02:16:00', 'Management'),
('a52432565', 'ccossarv', 'pHM8ZJzH', 'Clemmy Cossar', '1926-04-02', 'Male', '35234 Mallory Crossing', '0904175488', 'ccossarv@phpbb.com', '2022-01-25 17:43:00', 'Student'),
('a54280828', 'wdakinr', 'haY8MC3zC5q', 'Willetta Dakin', '1905-05-09', 'Female', '6 Fulton Pass', '0912602398', 'wdakinr@hhs.gov', '2022-05-07 21:43:00', 'Management'),
('a55952202', 'ccoupe2', 'ojOwye3VznMN', 'Carey Coupe', '1930-12-24', 'Agender', '5 Myrtle Hill', '0247216227', 'ccoupe2@opera.com', '2021-10-19 14:34:00', 'Student'),
('a55983440', 'jrollinshaw1k', 'D20hsnG', 'Johnath Rollinshaw', '2004-10-03', 'Female', '433 Moulton Road', '0954630636', 'jrollinshaw1k@friendfeed.com', '2022-11-11 23:10:00', 'Student'),
('a56381948', 'wkeoghanet', 'JJHZeB2xbmA', 'Warde Keoghane', '2004-03-04', 'Male', '29639 Manley Circle', '0539211857', 'wkeoghanet@dagondesign.com', '2021-06-10 17:47:00', 'Management'),
('a58172825', 'cbasilix', '9LS5HRY', 'Clerc Basili', '1906-10-23', 'Male', '24 Forest Dale Road', '0855217138', 'cbasilix@cnet.com', '2022-08-12 15:18:00', 'Management'),
('a59564288', 'bmeenan12', 'CUAkvB5TUQ', 'Brand Meenan', '1931-05-22', 'Male', '0570 Donald Junction', '0141075679', 'bmeenan12@surveymonkey.com', '2022-02-20 15:38:00', 'Sales'),
('a60427522', 'cflounders2h', 'v54Up6IIRp1', 'Camey Flounders', '1928-02-20', 'Male', '425 Duke Terrace', '0513639111', 'cflounders2h@auda.org.au', '2021-03-13 21:56:00', 'Student'),
('a61704119', 'lcaslin1a', '0XuWZzz8wuKe', 'Lawry Caslin', '1916-01-09', 'Male', '559 Jackson Place', '0200872367', 'lcaslin1a@youtu.be', '2022-02-03 23:27:00', 'Management'),
('a61939938', 'cantrim1w', 'quQLHrZWgUmd', 'Cchaddie Antrim', '1989-03-01', 'Male', '7 Hooker Center', '0610560872', 'cantrim1w@histats.com', '2021-04-28 01:21:00', 'Sales'),
('a62469404', 'ldoring1f', 'SjRMr3', 'Lyndel Doring', '2009-08-29', 'Female', '12 Eastlawn Parkway', '0230226160', 'ldoring1f@zdnet.com', '2021-08-24 10:20:00', 'Accounting'),
('a63560948', 'fbuney14', 'f2lExwB', 'Freddy Buney', '1914-01-15', 'Male', '47470 Farragut Circle', '0251832790', 'fbuney14@topsy.com', '2021-05-28 14:00:00', 'Management'),
('a64161042', 'bkiddy2r', 'a7VY0mEaj9', 'Brandon Kiddy', '2014-10-16', 'Male', '100 Lyons Hill', '0259617399', 'bkiddy2r@symantec.com', '2022-07-23 16:27:00', 'Student'),
('a65366296', 'aivanshintsev1u', 'T31jUb', 'Alica Ivanshintsev', '1912-10-19', 'Female', '1 Prairieview Way', '0955063489', 'aivanshintsev1u@privacy.gov.au', '2022-10-22 19:36:00', 'Management'),
('a67805987', 'nde2b', 'NEx2oQ', 'Nedi De Paoli', '1979-03-06', 'Female', '15647 Village Point', '0784640673', 'nde2b@indiegogo.com', '2021-04-18 00:10:00', 'Accounting'),
('a68109095', 'mgaroghan18', '40Lf6C', 'Murdoch Garoghan', '1916-04-17', 'Male', '40 Melody Parkway', '0999586781', 'mgaroghan18@toplist.cz', '2022-05-01 11:02:00', 'Sales'),
('a68634290', 'ffrankowski1r', 'MnW96QG', 'Felicio Frankowski', '1951-02-21', 'Male', '6 Onsgard Center', '0490060037', 'ffrankowski1r@ibm.com', '2022-04-13 17:29:00', 'Management'),
('a68960617', 'rlinkin2f', 'o3iK7X3fDN', 'Ruthi Linkin', '1965-04-16', 'Female', '4591 Mcguire Court', '0692660963', 'rlinkin2f@sphinn.com', '2022-09-05 12:41:00', 'Accounting'),
('a69813015', 'dbaylec', 'Qz9K6a1', 'Duncan Bayle', '1937-03-28', 'Male', '4527 Dexter Lane', '0687951737', 'dbaylec@columbia.edu', '2022-04-25 02:28:00', 'Management'),
('a70661002', 'bshotton3', 'OOxD7eo20p', 'Blake Shotton', '1923-01-11', 'Female', '570 Rieder Place', '0296711324', 'bshotton3@rakuten.co.jp', '2021-10-06 00:13:00', 'Student'),
('a72143824', 'bsimonett2d', '7rOdihuywH', 'Banky Simonett', '1999-06-28', 'Male', '86 Rowland Center', '0973299845', 'bsimonett2d@wired.com', '2022-05-21 01:24:00', 'Sales'),
('a73144081', 'shunnawill13', 'Xn84aBemW3D', 'Sterling Hunnawill', '2015-02-06', 'Male', '49452 Pond Pass', '0307335650', 'shunnawill13@liveinternet.ru', '2021-03-05 10:06:00', 'Student'),
('a73681374', 'cfranek1h', 'kpF8PYr', 'Ceciley Franek', '1912-08-10', 'Genderfluid', '6907 East Hill', '0646360400', 'cfranek1h@timesonline.co.uk', '2022-04-10 20:41:00', 'Management'),
('a74073505', 'akettlesb', 'MRLkbuF6U6W0', 'Abba Kettles', '1980-06-15', 'Male', '5848 Bonner Hill', '0161049193', 'akettlesb@forbes.com', '2021-06-12 07:13:00', 'Sales'),
('a74839612', 'gpurrington2o', '5HThoiV9f3Z', 'Giavani Purrington', '1901-07-28', 'Non-binary', '960 Ohio Alley', '0853069209', 'gpurrington2o@imgur.com', '2022-06-02 18:19:00', 'Management'),
('a74881793', 'jmarrill2c', 'XDR520KPl', 'Jessie Marrill', '2002-02-21', 'Genderqueer', '64626 Northridge Court', '0320841838', 'jmarrill2c@accuweather.com', '2021-05-01 23:26:00', 'Accounting'),
('a75951884', 'vluter2e', 'gHnX6PAaNE0S', 'Veradis Luter', '1993-03-13', 'Female', '80540 Mccormick Way', '0837096606', 'vluter2e@nydailynews.com', '2022-06-15 08:02:00', 'Management'),
('a76502847', 'blympenie2i', 'zLf2vw', 'Bobette Lympenie', '1952-11-29', 'Female', '09 Sherman Crossing', '0686797485', 'blympenie2i@hp.com', '2021-08-19 01:07:00', 'Accounting'),
('a76614777', 'rtainton6', 'kxhJ84vRKZV9', 'Reade Tainton', '1913-05-08', 'Male', '3 Sauthoff Terrace', '0988560168', 'rtainton6@is.gd', '2022-02-04 01:04:00', 'Sales'),
('a79320457', 'rdenisyuk1l', 'nSNHee23g9i7', 'Rhiamon Denisyuk', '1903-02-18', 'Female', '4 Ridge Oak Street', '0351862341', 'rdenisyuk1l@tuttocitta.it', '2022-06-29 09:51:00', 'Accounting'),
('a81960922', 'mpigneh', 'aJXy2HX', 'Marilyn Pigne', '1988-07-19', 'Female', '6204 Fulton Parkway', '0864815386', 'mpigneh@fc2.com', '2022-05-25 14:32:00', 'Management'),
('a83149457', 'obaldry11', '4h7WE7Rz', 'Othelia Baldry', '2005-06-17', 'Female', '0267 Acker Crossing', '0514831327', 'obaldry11@wufoo.com', '2021-04-03 14:39:00', 'Accounting'),
('a83831138', 'cdenver10', '1YBPCph', 'Charla Denver', '1981-07-10', 'Female', '746 Dixon Court', '0773461922', 'cdenver10@ycombinator.com', '2021-02-08 05:34:00', 'Sales'),
('a84742281', 'glenin1b', 'PGVCQyd', 'Giff Lenin', '1906-03-09', 'Male', '5 Elgar Circle', '0297053937', 'glenin1b@microsoft.com', '2022-04-20 02:46:00', 'Accounting'),
('a85604932', 'acaustic0', 'qvtvFVlxRb', 'Arda Caustic', '1920-11-13', 'Female', '581 Moland Way', '0359168412', 'acaustic0@fda.gov', '2022-07-07 08:59:00', 'Sales'),
('a86350734', 'fdanigelw', 'DMjqKlPy', 'Ferguson Danigel', '1971-04-17', 'Male', '48 Harbort Junction', '0669023171', 'fdanigelw@reverbnation.com', '2022-10-03 20:36:00', 'Sales'),
('a87164612', 'gwhitticks1e', 'DdB5pspf9', 'Gustie Whitticks', '1936-06-22', 'Female', '1028 Eagan Place', '0914838173', 'gwhitticks1e@miitbeian.gov.cn', '2021-08-20 17:42:00', 'Accounting'),
('a90902858', 'wshimman9', 'hjpjGWO8e', 'Wenonah Shimman', '2022-10-25', 'Female', '95 Saint Paul Lane', '0767293741', 'wshimman9@de.vu', '2022-05-13 14:28:00', 'Student'),
('a91116736', 'ldomnin1c', 'sBI5kk3kWshx', 'Laughton Domnin', '1976-12-09', 'Male', '493 Lawn Park', '0284906440', 'ldomnin1c@yale.edu', '2021-09-28 17:08:00', 'Accounting'),
('a91829177', 'jshippeyd', 'nkbj7iD1', 'Jessie Shippey', '2020-10-31', 'Female', '8 Packers Junction', '0950891717', 'jshippeyd@elpais.com', '2022-03-18 16:19:00', 'Sales'),
('a93482932', 'kringroseu', 'qFn89eb89jf', 'Kristine Ringrose', '1911-01-04', 'Female', '8 Utah Road', '0649556397', 'kringroseu@wp.com', '2022-08-23 14:23:00', 'Student'),
('a93682547', 'usanz4', 'RbxSFu4', 'Udall Sanz', '1926-12-31', 'Male', '6 Buhler Center', '0436549054', 'usanz4@princeton.edu', '2022-01-31 04:01:00', 'Management'),
('a95936777', 'hboorer8', 'se1qudpMG', 'Hester Boorer', '1936-09-09', 'Female', '437 Graceland Way', '0392882270', 'hboorer8@huffingtonpost.com', '2022-06-29 19:31:00', 'Sales'),
('a97018170', 'frylance2q', '87euzgG', 'Fernanda Rylance', '2005-06-26', 'Female', '686 Manley Park', '0628156054', 'frylance2q@icio.us', '2022-01-19 22:33:00', 'Student'),
('a97955651', 'pmacgorley1z', 'oYNlNt', 'Pollyanna MacGorley', '1926-09-18', 'Female', '3 Hovde Hill', '0907355460', 'pmacgorley1z@salon.com', '2021-10-06 12:37:00', 'Student'),
('a99116821', 'bsweetzer22', 'lGNyBNI', 'Bevan Sweetzer', '1931-10-30', 'Male', '5777 Schlimgen Terrace', '0830926949', 'bsweetzer22@nydailynews.com', '2022-01-04 19:51:00', 'Management'),
('a99153532', 'fgrubbeq', '1c7TPwd6V', 'Fergus Grubbe', '1914-05-27', 'Male', '7 Arkansas Lane', '0750416474', 'fgrubbeq@jiathis.com', '2021-08-28 17:26:00', 'Sales'),
('a99981022', 'jnewcomb25', 'nJvpx4v', 'Jillayne Newcomb', '1950-03-10', 'Female', '838 Lyons Circle', '0311818180', 'jnewcomb25@epa.gov', '2022-05-19 14:29:00', 'Student');

-- --------------------------------------------------------

--
-- Table structure for table `corder`
--

CREATE TABLE `corder` (
  `Invoice_num` varchar(9) NOT NULL,
  `Pay_time` datetime NOT NULL,
  `Total_price` float NOT NULL,
  `CustomerID` varchar(9) NOT NULL
) ENGINE=InnoDB DEFAULT CHARSET=utf8mb4;

--
-- Dumping data for table `corder`
--

INSERT INTO `corder` (`Invoice_num`, `Pay_time`, `Total_price`, `CustomerID`) VALUES
('o00128357', '2021-10-10 03:17:00', 1600000, 'c80888111'),
('o00325858', '2021-08-18 09:35:00', 3700000, 'c32045513'),
('o00594733', '2022-08-02 10:10:00', 600000, 'c54904281'),
('o00868179', '2022-07-02 04:00:00', 8100000, 'c34504720'),
('o01037881', '2021-10-25 22:05:00', 9700000, 'c87019858'),
('o01118371', '2021-03-14 14:36:00', 900000, 'c06029303'),
('o01189037', '2021-05-30 09:21:00', 6400000, 'c24626544'),
('o01278137', '2020-11-30 23:07:00', 3400000, 'c62348853'),
('o01329218', '2022-11-15 05:03:00', 7300000, 'c68009145'),
('o01364763', '2020-12-17 04:59:00', 800000, 'c25440851'),
('o01450797', '2021-10-27 07:50:00', 8600000, 'c24614064'),
('o01609189', '2021-01-26 08:03:00', 7900000, 'c88929563'),
('o01651238', '2021-11-05 05:11:00', 9100000, 'c80145120'),
('o01660076', '2021-10-19 08:22:00', 10000000, 'c79995988'),
('o01732380', '2021-05-14 10:34:00', 4500000, 'c86671605'),
('o01757980', '2022-01-07 20:45:00', 3800000, 'c95139560'),
('o01820337', '2021-07-06 18:43:00', 900000, 'c12797006'),
('o02049312', '2022-04-10 00:16:00', 9800000, 'c29063036'),
('o02078082', '2020-12-19 10:56:00', 5200000, 'c24294478'),
('o02355010', '2022-06-08 16:34:00', 2700000, 'c76177926'),
('o02430183', '2022-07-23 23:23:00', 4800000, 'c74395938'),
('o02614437', '2022-09-18 13:46:00', 4800000, 'c14162210'),
('o02632171', '2022-02-14 18:36:00', 1600000, 'c14577897'),
('o02702603', '2021-01-28 00:31:00', 2500000, 'c74083002'),
('o02764427', '2021-02-27 20:28:00', 7500000, 'c06118416'),
('o02773810', '2022-01-19 05:50:00', 9500000, 'c94922184'),
('o02829687', '2022-10-03 03:35:00', 900000, 'c10909498'),
('o02865501', '2021-09-02 23:34:00', 7400000, 'c51466968'),
('o02935464', '2022-04-25 22:47:00', 9700000, 'c92181518'),
('o02950966', '2022-03-06 13:13:00', 200000, 'c07799849'),
('o03039841', '2021-07-19 12:13:00', 5000000, 'c28058896'),
('o03065520', '2021-01-25 17:57:00', 5300000, 'c20811028'),
('o03411867', '2022-08-22 09:28:00', 7500000, 'c05072599'),
('o03440577', '2022-10-01 23:12:00', 3800000, 'c26110579'),
('o03536163', '2021-02-09 01:18:00', 2700000, 'c21384708'),
('o03929649', '2021-08-17 07:47:00', 9600000, 'c73645973'),
('o03960063', '2021-01-07 19:27:00', 8900000, 'c33772306'),
('o04180549', '2021-06-22 00:52:00', 7700000, 'c81122860'),
('o04265677', '2022-08-12 10:48:00', 4800000, 'c05787160'),
('o04482467', '2021-02-07 12:25:00', 3500000, 'c09134311'),
('o04592694', '2022-02-28 21:42:00', 3900000, 'c49101348'),
('o04753289', '2021-08-06 13:36:00', 2300000, 'c00523590'),
('o04793205', '2020-12-31 00:08:00', 5900000, 'c24170665'),
('o04823140', '2022-03-28 10:20:00', 7000000, 'c79195786'),
('o04887098', '2022-06-26 04:51:00', 5100000, 'c96298758'),
('o05324897', '2021-11-17 06:43:00', 9400000, 'c52524127'),
('o05351804', '2021-01-26 11:05:00', 5900000, 'c79735890'),
('o05397613', '2021-04-26 16:24:00', 100000, 'c79575189'),
('o05560140', '2021-08-30 19:59:00', 2400000, 'c73532762'),
('o05692709', '2022-08-11 08:46:00', 1600000, 'c44354801'),
('o05834441', '2022-02-21 18:43:00', 5700000, 'c14060337'),
('o05902263', '2020-12-11 02:44:00', 1500000, 'c91644338'),
('o05979450', '2021-08-25 15:53:00', 7200000, 'c05313892'),
('o05993285', '2021-11-02 13:02:00', 100000, 'c36504807'),
('o06045794', '2021-01-04 12:30:00', 3900000, 'c17058426'),
('o06093258', '2022-06-26 06:24:00', 2700000, 'c27920209'),
('o06098818', '2021-12-07 07:02:00', 4200000, 'c19459125'),
('o06390482', '2022-05-22 10:49:00', 4500000, 'c34949579'),
('o06457466', '2021-01-16 22:09:00', 5300000, 'c99367837'),
('o06793937', '2022-02-15 05:01:00', 8000000, 'c16773685'),
('o06983536', '2022-03-04 21:51:00', 900000, 'c24672552'),
('o07125099', '2021-11-22 09:24:00', 2400000, 'c55225452'),
('o07171479', '2021-11-11 12:53:00', 4200000, 'c74271513'),
('o07177430', '2021-05-03 13:30:00', 7100000, 'c72104169'),
('o07289718', '2021-04-06 08:06:00', 100000, 'c22247360'),
('o07524641', '2021-05-02 13:49:00', 4100000, 'c62772031'),
('o07537295', '2022-08-12 10:04:00', 5200000, 'c26843597'),
('o07940521', '2022-02-19 21:42:00', 4200000, 'c46811971'),
('o07997588', '2021-04-20 14:58:00', 8400000, 'c89643011'),
('o08012374', '2022-07-01 21:48:00', 9500000, 'c78030065'),
('o08137915', '2021-04-27 23:07:00', 1200000, 'c15649093'),
('o08206400', '2022-06-02 22:05:00', 4600000, 'c09115941'),
('o08289783', '2022-11-18 17:46:00', 2600000, 'c01089650'),
('o08360701', '2021-09-14 17:42:00', 2500000, 'c87639875'),
('o08376267', '2022-04-07 07:27:00', 2200000, 'c31104910'),
('o08505774', '2022-03-20 07:42:00', 2000000, 'c49190167'),
('o08508166', '2021-07-21 20:56:00', 4800000, 'c85916235'),
('o08584663', '2022-08-29 11:01:00', 6400000, 'c66310297'),
('o08720210', '2021-10-21 13:22:00', 5400000, 'c29267960'),
('o08746968', '2020-12-22 04:41:00', 2700000, 'c85573945'),
('o08876087', '2022-08-23 04:45:00', 8400000, 'c78973481'),
('o08913569', '2021-07-22 00:27:00', 400000, 'c99480041'),
('o08932955', '2021-08-26 15:06:00', 9300000, 'c61104348'),
('o09055476', '2021-11-08 18:20:00', 9800000, 'c65619142'),
('o09128927', '2021-02-23 09:14:00', 3000000, 'c11333268'),
('o09185985', '2022-09-16 03:04:00', 10000000, 'c89633126'),
('o09314127', '2021-06-06 04:38:00', 2400000, 'c07258575'),
('o09496873', '2021-10-01 19:57:00', 3900000, 'c42767261'),
('o09730605', '2021-10-31 23:56:00', 500000, 'c59098787'),
('o09764999', '2021-09-16 20:58:00', 1000000, 'c49836974'),
('o09766851', '2022-01-08 14:46:00', 6800000, 'c85976774'),
('o09873212', '2021-03-14 09:22:00', 3800000, 'c57325201'),
('o10068925', '2022-11-18 23:01:00', 2900000, 'c18284488'),
('o10082169', '2021-08-27 19:37:00', 8800000, 'c92425840'),
('o10439224', '2022-11-01 12:55:00', 9700000, 'c08250213'),
('o10505521', '2022-06-22 10:54:00', 100000, 'c89935641'),
('o10662920', '2021-09-04 22:18:00', 100000, 'c91359946'),
('o10916816', '2022-05-09 12:38:00', 1600000, 'c25246017'),
('o10961404', '2021-12-10 13:37:00', 1400000, 'c97989978'),
('o10966782', '2021-07-13 23:37:00', 2800000, 'c44100965'),
('o11064143', '2021-04-03 14:52:00', 6600000, 'c70653418'),
('o11111111', '2022-11-02 19:07:34', 230000, 'c12345678'),
('o11128667', '2022-04-08 05:26:00', 200000, 'c59090574'),
('o11400751', '2021-10-26 18:12:00', 4600000, 'c76957094'),
('o11434094', '2022-01-21 01:11:00', 900000, 'c04795846'),
('o11607186', '2022-05-10 08:06:00', 8600000, 'c75950085'),
('o11686459', '2021-11-08 16:43:00', 4300000, 'c62271612'),
('o11741350', '2021-07-27 05:34:00', 3100000, 'c50537662'),
('o11779464', '2022-07-01 01:05:00', 8600000, 'c35167300'),
('o11972871', '2021-11-02 12:10:00', 6600000, 'c85860898'),
('o11975134', '2022-01-26 18:16:00', 9000000, 'c09364926'),
('o12219948', '2022-07-07 00:31:00', 7400000, 'c38209417'),
('o12353296', '2021-04-11 03:16:00', 9500000, 'c46414869'),
('o12425948', '2021-05-20 22:02:00', 900000, 'c19636279'),
('o12713677', '2022-07-24 03:32:00', 800000, 'c98142993'),
('o12842331', '2021-01-13 10:23:00', 6000000, 'c24012620'),
('o12899944', '2020-12-01 22:30:00', 4700000, 'c68702110'),
('o13108959', '2021-03-08 10:10:00', 9200000, 'c08073222'),
('o13111780', '2022-10-26 02:20:00', 8300000, 'c45355103'),
('o13186637', '2021-08-20 11:32:00', 900000, 'c36399086'),
('o13250388', '2022-06-06 08:46:00', 8200000, 'c74245628'),
('o13257493', '2022-02-13 00:30:00', 4100000, 'c33734772'),
('o13367492', '2022-08-24 11:25:00', 8500000, 'c83173599'),
('o13369095', '2021-03-27 05:33:00', 3500000, 'c51465030'),
('o13409224', '2021-04-24 07:29:00', 8200000, 'c30853754'),
('o13481437', '2021-10-01 00:40:00', 8200000, 'c68714734'),
('o13500453', '2022-01-25 13:34:00', 4800000, 'c94642522'),
('o13516700', '2022-07-31 17:37:00', 8100000, 'c01797897'),
('o13617198', '2021-09-24 09:34:00', 6200000, 'c25602582'),
('o13782081', '2022-11-13 21:58:00', 7000000, 'c69174321'),
('o14127308', '2021-05-10 21:44:00', 3300000, 'c22250929'),
('o14143979', '2022-07-16 14:25:00', 2700000, 'c20311897'),
('o14220027', '2022-10-19 22:14:00', 2500000, 'c61579194'),
('o14238444', '2021-10-19 19:22:00', 9100000, 'c15328511'),
('o14281966', '2021-08-13 10:58:00', 400000, 'c73110893'),
('o14297966', '2022-06-24 16:03:00', 1300000, 'c26379365'),
('o14313377', '2021-06-30 05:36:00', 7800000, 'c15257419'),
('o14381742', '2021-05-22 20:14:00', 8800000, 'c37044434'),
('o14471020', '2021-04-15 09:10:00', 8800000, 'c75510251'),
('o14474557', '2021-06-22 13:23:00', 2400000, 'c21354550'),
('o14853504', '2020-12-04 16:37:00', 4700000, 'c03059429'),
('o14989608', '2022-05-11 02:24:00', 9600000, 'c51827729'),
('o15127365', '2021-10-20 21:50:00', 7300000, 'c29545166'),
('o15145708', '2021-06-13 16:09:00', 1000000, 'c28522070'),
('o15152471', '2020-12-24 21:16:00', 4100000, 'c42077952'),
('o15162997', '2022-02-09 07:17:00', 7400000, 'c25102336'),
('o15188255', '2022-06-16 18:49:00', 9300000, 'c96475736'),
('o15215053', '2021-02-11 13:09:00', 7400000, 'c58011469'),
('o15291609', '2022-04-22 04:02:00', 1500000, 'c17801062'),
('o15294480', '2021-11-26 09:03:00', 3600000, 'c91664092'),
('o15507817', '2021-10-22 18:04:00', 1300000, 'c59106534'),
('o15648127', '2022-06-20 03:13:00', 5300000, 'c74026576'),
('o15691994', '2022-05-27 19:50:00', 3300000, 'c75530907'),
('o15733055', '2021-01-31 01:23:00', 8800000, 'c73442005'),
('o15773676', '2021-11-29 19:48:00', 5000000, 'c05596182'),
('o15854968', '2021-01-01 14:13:00', 2700000, 'c30086366'),
('o15860219', '2022-11-07 21:01:00', 1300000, 'c91136575'),
('o15919849', '2021-04-08 08:45:00', 6900000, 'c98129706'),
('o15944265', '2021-10-03 00:06:00', 5600000, 'c72534469'),
('o16008283', '2020-12-12 06:01:00', 4300000, 'c43815860'),
('o16062893', '2022-07-30 23:22:00', 1000000, 'c74292850'),
('o16087601', '2021-05-17 14:37:00', 900000, 'c23509217'),
('o16419721', '2022-01-21 08:03:00', 1600000, 'c10229146'),
('o16487237', '2022-07-17 13:02:00', 6000000, 'c92551394'),
('o16534429', '2021-01-21 18:16:00', 6400000, 'c84121614'),
('o16634317', '2021-04-19 03:23:00', 800000, 'c08239275'),
('o16702182', '2021-06-30 00:35:00', 3500000, 'c16632641'),
('o16746753', '2022-10-14 19:34:00', 6500000, 'c64221058'),
('o16981334', '2022-09-27 05:11:00', 6800000, 'c39175850'),
('o17151004', '2021-07-22 00:02:00', 9400000, 'c57974513'),
('o17227865', '2022-10-25 23:08:00', 600000, 'c10611830'),
('o17529025', '2021-02-27 00:08:00', 2700000, 'c30638446'),
('o17665083', '2021-05-06 20:34:00', 3200000, 'c04844101'),
('o17967931', '2021-06-10 11:58:00', 3900000, 'c14433818'),
('o18034771', '2021-03-31 00:49:00', 8800000, 'c45822356'),
('o18121105', '2022-01-04 10:10:00', 7200000, 'c00643703'),
('o18149355', '2022-02-13 10:20:00', 6700000, 'c35632472'),
('o18446284', '2021-03-30 05:43:00', 7200000, 'c09456813'),
('o18490637', '2021-01-19 03:47:00', 3900000, 'c96344034'),
('o18511109', '2022-09-14 22:45:00', 3500000, 'c90317818'),
('o18728458', '2022-11-01 19:58:00', 2400000, 'c19768881'),
('o18786702', '2022-09-20 23:26:00', 5000000, 'c18977614'),
('o18797602', '2022-06-29 05:33:00', 7700000, 'c60928679'),
('o18903277', '2021-04-03 00:03:00', 700000, 'c83924667'),
('o18935297', '2021-02-19 23:42:00', 8800000, 'c36783846'),
('o18947986', '2021-05-14 17:37:00', 9400000, 'c77074034'),
('o19055740', '2022-01-18 07:06:00', 9600000, 'c97584150'),
('o19100920', '2021-03-07 13:35:00', 1200000, 'c71717666'),
('o19450091', '2020-12-28 06:48:00', 5700000, 'c73138222'),
('o19498357', '2022-05-12 03:34:00', 3800000, 'c97460686'),
('o19615092', '2022-04-08 16:21:00', 3200000, 'c91359703'),
('o19741796', '2022-08-23 08:45:00', 8300000, 'c68887451'),
('o19804433', '2021-02-03 08:02:00', 9600000, 'c12046746'),
('o19940210', '2021-08-25 10:47:00', 6900000, 'c72695272'),
('o20196998', '2022-07-09 16:20:00', 2500000, 'c33112519'),
('o20205563', '2021-06-28 08:50:00', 9400000, 'c84445360'),
('o20263406', '2022-09-23 09:38:00', 6300000, 'c28569062'),
('o20315456', '2022-08-10 17:53:00', 4800000, 'c26816177'),
('o20407657', '2021-07-03 17:26:00', 3000000, 'c91692753'),
('o20673884', '2021-10-18 11:15:00', 7600000, 'c92302872'),
('o20685355', '2021-09-30 17:28:00', 5200000, 'c53885012'),
('o20836714', '2022-03-18 23:56:00', 500000, 'c23750086'),
('o20839748', '2022-02-01 06:34:00', 3700000, 'c73024016'),
('o21389719', '2021-07-18 10:29:00', 1100000, 'c88639595'),
('o21427298', '2021-05-31 20:17:00', 1300000, 'c67281472'),
('o21504995', '2021-08-27 13:17:00', 8800000, 'c04495083'),
('o21525233', '2021-06-29 04:26:00', 7900000, 'c01166173'),
('o21583879', '2021-01-29 08:29:00', 9100000, 'c90708915'),
('o21595921', '2021-05-27 04:29:00', 200000, 'c54869814'),
('o21750387', '2022-01-15 21:53:00', 2000000, 'c75871916'),
('o22062836', '2022-06-22 18:36:00', 8400000, 'c62121428'),
('o22179944', '2021-09-17 09:50:00', 9300000, 'c43133267'),
('o22245799', '2022-10-24 07:53:00', 7800000, 'c98280322'),
('o22313370', '2021-12-12 05:48:00', 7100000, 'c12734837'),
('o22348983', '2022-04-27 01:10:00', 6800000, 'c29048159'),
('o22471824', '2021-04-02 13:04:00', 3200000, 'c95182375'),
('o22602348', '2021-02-07 09:28:00', 2100000, 'c29595384'),
('o22687139', '2022-04-12 12:18:00', 3900000, 'c31313927'),
('o22747238', '2021-01-14 10:59:00', 9800000, 'c39654635'),
('o22782016', '2022-03-06 01:10:00', 3600000, 'c48568646'),
('o22837614', '2020-12-23 01:58:00', 8600000, 'c27911379'),
('o22878465', '2021-01-24 10:56:00', 4700000, 'c96676404'),
('o22927380', '2022-01-18 13:06:00', 6400000, 'c01370321'),
('o23080938', '2022-08-19 20:29:00', 3200000, 'c74945450'),
('o23136954', '2022-04-11 03:00:00', 1200000, 'c52091591'),
('o23190561', '2022-08-01 17:14:00', 800000, 'c77113081'),
('o23198194', '2022-11-07 07:23:00', 4700000, 'c35861950'),
('o23243046', '2022-05-03 22:42:00', 1000000, 'c39998100'),
('o23425333', '2022-05-05 22:56:00', 1400000, 'c92249506'),
('o23502639', '2021-05-24 09:35:00', 1600000, 'c55075337'),
('o23523243', '2021-11-17 22:19:00', 8500000, 'c81944423'),
('o23569624', '2020-12-30 05:35:00', 9400000, 'c65839746'),
('o23657840', '2021-11-19 09:20:00', 2900000, 'c96383199'),
('o23913286', '2020-11-21 02:41:00', 9500000, 'c63493946'),
('o24007339', '2021-09-15 01:35:00', 2700000, 'c08885817'),
('o24484137', '2021-03-16 18:10:00', 7100000, 'c63897847'),
('o24565726', '2021-06-27 10:09:00', 10000000, 'c75055462'),
('o24896755', '2022-01-02 19:28:00', 7000000, 'c70619494'),
('o25117740', '2021-02-10 09:39:00', 9000000, 'c59151120'),
('o25123974', '2021-10-11 10:39:00', 10000000, 'c93579053'),
('o25203831', '2020-12-03 21:44:00', 2100000, 'c68855655'),
('o25250420', '2022-06-25 06:16:00', 7200000, 'c27426619'),
('o25288735', '2022-04-28 18:33:00', 8300000, 'c40608848'),
('o25328042', '2021-04-24 06:49:00', 2200000, 'c29938368'),
('o25436702', '2021-09-23 00:38:00', 8700000, 'c84104723'),
('o25860456', '2022-07-14 02:07:00', 4000000, 'c26909170'),
('o25940409', '2021-04-20 06:51:00', 900000, 'c18129635'),
('o25955569', '2021-09-21 06:17:00', 5700000, 'c55719670'),
('o26020867', '2021-02-04 17:16:00', 3400000, 'c66977637'),
('o26040963', '2021-07-17 18:31:00', 8500000, 'c35744619'),
('o26270498', '2022-06-02 06:09:00', 5600000, 'c72009468'),
('o26302689', '2022-08-02 23:13:00', 4500000, 'c87431941'),
('o26372170', '2022-02-13 16:47:00', 2400000, 'c09306130'),
('o26495237', '2021-01-07 16:49:00', 4300000, 'c99435740'),
('o26531759', '2022-07-10 10:19:00', 4900000, 'c62197057'),
('o26693985', '2022-07-02 01:58:00', 5600000, 'c57654206'),
('o26697662', '2021-01-25 20:00:00', 5700000, 'c61126709'),
('o26718724', '2021-11-04 17:38:00', 2800000, 'c62806637'),
('o26750552', '2021-09-11 12:52:00', 1200000, 'c43304936'),
('o26753449', '2021-05-20 21:58:00', 1000000, 'c19601423'),
('o26832302', '2021-08-10 20:50:00', 4800000, 'c14564127'),
('o26835103', '2022-05-05 15:15:00', 6200000, 'c15672823'),
('o26853846', '2021-10-20 05:53:00', 6300000, 'c19153495'),
('o26952973', '2021-01-17 19:37:00', 7700000, 'c01986846'),
('o26962077', '2021-07-26 23:36:00', 9300000, 'c38540455'),
('o26988874', '2022-05-24 10:01:00', 7300000, 'c10868644'),
('o27102006', '2021-05-07 12:10:00', 6000000, 'c07119428'),
('o27548117', '2021-04-23 20:54:00', 700000, 'c69150419'),
('o27649145', '2022-09-08 21:08:00', 200000, 'c76665021'),
('o27772244', '2022-01-28 03:09:00', 8400000, 'c78673959'),
('o27872792', '2022-04-03 02:02:00', 3000000, 'c60174039'),
('o28013800', '2021-11-02 17:02:00', 400000, 'c31194049'),
('o28019147', '2022-09-16 09:33:00', 4100000, 'c70872757'),
('o28113433', '2022-02-07 16:08:00', 800000, 'c53743574'),
('o28306030', '2021-09-21 01:01:00', 8100000, 'c34447945'),
('o28307975', '2020-12-30 13:47:00', 9000000, 'c70554889'),
('o28379998', '2022-06-12 23:51:00', 2100000, 'c24583607'),
('o28382017', '2022-02-06 07:34:00', 3700000, 'c87481471'),
('o28473771', '2021-10-28 20:39:00', 4500000, 'c94207991'),
('o28521515', '2022-09-22 09:06:00', 300000, 'c79845068'),
('o28636761', '2022-03-12 08:46:00', 8400000, 'c85255843'),
('o28707008', '2021-08-05 19:24:00', 4000000, 'c18601345'),
('o28717103', '2022-08-07 09:05:00', 3300000, 'c74027066'),
('o28749024', '2022-09-14 08:17:00', 500000, 'c49831841'),
('o28863528', '2022-04-19 09:53:00', 7700000, 'c20716753'),
('o28880048', '2021-10-15 00:31:00', 4100000, 'c92194925'),
('o28926499', '2021-02-19 16:16:00', 6600000, 'c08723433'),
('o28939150', '2021-10-21 18:47:00', 1400000, 'c27058938'),
('o29007237', '2021-11-25 22:29:00', 1300000, 'c59604637'),
('o29016172', '2022-09-27 13:28:00', 7400000, 'c08308964'),
('o29063575', '2021-06-19 08:18:00', 7400000, 'c46358720'),
('o29114906', '2021-06-02 21:20:00', 800000, 'c23347289'),
('o29116779', '2021-03-31 22:50:00', 500000, 'c93400797'),
('o29304185', '2021-10-18 07:25:00', 2500000, 'c71774780'),
('o29348239', '2021-06-05 21:24:00', 4600000, 'c35612869'),
('o29369423', '2021-04-05 01:46:00', 800000, 'c35825465'),
('o29384081', '2021-08-27 07:05:00', 4200000, 'c23164055'),
('o29745523', '2022-05-04 08:55:00', 4900000, 'c90706382'),
('o29768036', '2021-02-08 22:23:00', 1500000, 'c30434990'),
('o29806124', '2022-01-19 17:36:00', 10000000, 'c65903612'),
('o29992271', '2022-09-20 12:45:00', 1500000, 'c57141958'),
('o30210910', '2021-08-31 05:08:00', 4000000, 'c58021697'),
('o30212851', '2021-12-12 01:08:00', 6400000, 'c54892190'),
('o30353022', '2021-09-22 04:12:00', 3100000, 'c02147415'),
('o30430456', '2022-03-13 18:29:00', 2300000, 'c39006269'),
('o30432783', '2021-12-10 09:52:00', 4600000, 'c09353188'),
('o30581309', '2022-06-04 06:47:00', 1800000, 'c88525472'),
('o30640232', '2021-12-30 18:22:00', 400000, 'c29744824'),
('o30727019', '2021-06-16 08:18:00', 3700000, 'c21932365'),
('o30911197', '2021-06-06 11:26:00', 4700000, 'c07257475'),
('o31155873', '2022-03-25 16:37:00', 9700000, 'c90422491'),
('o31247316', '2021-10-09 03:40:00', 3800000, 'c76674908'),
('o31483135', '2021-11-14 07:39:00', 5900000, 'c32077837'),
('o31631482', '2021-10-06 22:41:00', 700000, 'c38057196'),
('o31652066', '2022-09-23 03:33:00', 6300000, 'c18732774'),
('o31699384', '2021-07-15 16:06:00', 6700000, 'c66173307'),
('o31701595', '2022-11-13 00:27:00', 3700000, 'c51868034'),
('o31744368', '2022-02-14 05:49:00', 8700000, 'c84478921'),
('o32121259', '2022-03-01 17:34:00', 1500000, 'c48320348'),
('o32263593', '2022-02-10 13:42:00', 4400000, 'c50208051'),
('o32319482', '2021-04-30 09:16:00', 8900000, 'c50563598'),
('o32581501', '2022-02-02 02:41:00', 4500000, 'c64438376'),
('o32604712', '2021-08-14 13:05:00', 2500000, 'c60428473'),
('o32818574', '2021-03-20 14:05:00', 4700000, 'c53808365'),
('o32843931', '2021-09-22 17:44:00', 10000000, 'c70074294'),
('o32913681', '2022-04-01 13:21:00', 6800000, 'c61045201'),
('o32953858', '2021-02-15 02:54:00', 1700000, 'c24454575'),
('o33017424', '2022-01-09 07:17:00', 1700000, 'c09642741'),
('o33171780', '2022-07-07 07:24:00', 4900000, 'c20213133'),
('o33344234', '2020-12-10 16:19:00', 200000, 'c02848119'),
('o33348966', '2022-03-20 08:36:00', 1100000, 'c99392181'),
('o33706062', '2022-03-10 01:25:00', 5200000, 'c41519049'),
('o33766418', '2021-11-24 05:58:00', 3800000, 'c57381848'),
('o33819346', '2021-04-02 22:48:00', 9700000, 'c71884706'),
('o33969055', '2020-12-09 06:43:00', 4600000, 'c89215975'),
('o34212326', '2022-02-07 18:53:00', 9500000, 'c56557686'),
('o34264493', '2021-03-27 11:34:00', 2000000, 'c69950229'),
('o34327433', '2021-09-12 02:29:00', 6800000, 'c32478731'),
('o34329279', '2021-07-14 07:42:00', 700000, 'c77807616'),
('o34494693', '2022-08-17 19:06:00', 2800000, 'c50847759'),
('o34522312', '2022-03-27 11:15:00', 8100000, 'c73955792'),
('o34627954', '2022-08-20 09:26:00', 5600000, 'c00475028'),
('o34636035', '2021-05-30 19:55:00', 1100000, 'c33366793'),
('o34702258', '2021-09-17 19:00:00', 8900000, 'c11292451'),
('o34905032', '2021-02-28 16:01:00', 9900000, 'c24841468'),
('o35072917', '2022-02-12 22:58:00', 800000, 'c87209126'),
('o35153035', '2021-12-15 11:37:00', 4000000, 'c70015641'),
('o35197262', '2022-08-18 06:09:00', 8100000, 'c77172054'),
('o35376674', '2022-01-20 04:36:00', 8900000, 'c98469729'),
('o35472923', '2022-03-23 23:54:00', 5500000, 'c16588770'),
('o35841902', '2022-11-08 05:21:00', 1700000, 'c63698420'),
('o35909859', '2021-07-26 08:44:00', 7000000, 'c57547674'),
('o35974513', '2020-12-09 02:32:00', 2800000, 'c71809176'),
('o36074290', '2022-09-25 05:16:00', 400000, 'c20973639'),
('o36118691', '2021-10-11 09:03:00', 7400000, 'c70256447'),
('o36183108', '2022-02-20 17:50:00', 4100000, 'c32053798'),
('o36201192', '2022-04-18 01:46:00', 7300000, 'c51470029'),
('o36684690', '2022-04-20 21:46:00', 9300000, 'c30972397'),
('o36690018', '2021-07-11 13:50:00', 1900000, 'c37186685'),
('o36750121', '2022-07-21 11:40:00', 9000000, 'c94328478'),
('o36792880', '2022-07-17 00:43:00', 3000000, 'c52613778'),
('o36804592', '2022-02-28 00:28:00', 7700000, 'c31013086'),
('o36850096', '2021-01-15 02:38:00', 2000000, 'c33264197'),
('o36875570', '2021-01-24 02:01:00', 1600000, 'c18688220'),
('o36907832', '2021-08-19 00:26:00', 10000000, 'c43757843'),
('o37196613', '2022-05-05 00:52:00', 7100000, 'c36879635'),
('o37600465', '2022-06-17 03:37:00', 7100000, 'c29156647'),
('o37656757', '2022-07-10 21:42:00', 7800000, 'c60610297'),
('o37704146', '2021-08-13 03:15:00', 3600000, 'c62943462'),
('o38009666', '2022-10-09 02:46:00', 1000000, 'c98172890'),
('o38119060', '2022-06-02 11:17:00', 3500000, 'c74247797'),
('o38149978', '2022-04-04 23:58:00', 8700000, 'c79873981'),
('o38161494', '2021-10-04 05:35:00', 2000000, 'c93324447'),
('o38256261', '2021-12-23 13:03:00', 5400000, 'c31798200'),
('o38468263', '2022-06-18 10:13:00', 400000, 'c56078282'),
('o38534634', '2021-07-29 03:15:00', 4800000, 'c85435347'),
('o38562198', '2022-06-05 01:18:00', 6100000, 'c08476938'),
('o38610678', '2022-07-30 19:34:00', 1000000, 'c26108707'),
('o38642929', '2022-03-18 02:38:00', 9300000, 'c67271143'),
('o38724035', '2022-10-23 00:56:00', 3400000, 'c81230376'),
('o38755339', '2021-08-27 09:25:00', 9400000, 'c67096055'),
('o38854204', '2022-07-26 19:21:00', 8800000, 'c38698849'),
('o38888340', '2022-04-04 03:37:00', 1100000, 'c95634951'),
('o39260786', '2022-01-22 00:10:00', 7000000, 'c22055904'),
('o39385551', '2022-03-16 01:19:00', 100000, 'c42208394'),
('o39390158', '2022-06-30 09:07:00', 8300000, 'c74978321'),
('o39427813', '2021-03-17 07:21:00', 4800000, 'c86946564'),
('o39484946', '2022-09-13 22:35:00', 2500000, 'c28658220'),
('o39488792', '2021-09-01 17:04:00', 5700000, 'c98208244'),
('o39504391', '2021-07-31 17:29:00', 2400000, 'c25340312'),
('o39735724', '2021-08-18 23:11:00', 6400000, 'c48432648'),
('o39744302', '2021-02-12 13:27:00', 4600000, 'c29621231'),
('o39824812', '2021-11-05 04:57:00', 600000, 'c51345232'),
('o39836468', '2021-08-18 21:23:00', 5100000, 'c26319616'),
('o39868175', '2022-01-19 09:04:00', 4400000, 'c74292160'),
('o39920880', '2022-11-13 22:01:00', 9700000, 'c70313643'),
('o40023460', '2021-05-15 13:30:00', 7000000, 'c07717192'),
('o40402749', '2022-03-28 01:32:00', 5200000, 'c12310035'),
('o40405217', '2022-11-16 04:20:00', 8600000, 'c48244446'),
('o40574265', '2021-08-25 08:04:00', 7900000, 'c64919100'),
('o40632060', '2022-09-04 06:54:00', 4000000, 'c68921858'),
('o40779994', '2021-04-22 15:24:00', 7000000, 'c86176844'),
('o40902948', '2022-03-21 11:58:00', 7800000, 'c29794710'),
('o40987164', '2020-12-28 06:21:00', 4200000, 'c60268796'),
('o40998733', '2021-05-04 23:29:00', 4100000, 'c80080781'),
('o41370354', '2021-03-10 05:39:00', 5100000, 'c23353965'),
('o41475385', '2021-06-22 00:41:00', 6300000, 'c29679818'),
('o41525675', '2022-11-09 01:47:00', 6900000, 'c81056986'),
('o41635969', '2022-01-07 00:58:00', 3600000, 'c88398708'),
('o41719832', '2021-10-13 16:49:00', 7900000, 'c74559950'),
('o41882617', '2021-02-08 04:27:00', 4600000, 'c25642066'),
('o41959050', '2022-03-09 04:16:00', 6900000, 'c41177674'),
('o42015992', '2021-06-22 01:18:00', 2700000, 'c28694093'),
('o42155482', '2020-12-28 23:54:00', 6800000, 'c29583235'),
('o42176911', '2022-02-15 23:10:00', 1700000, 'c56477632'),
('o42187337', '2021-07-12 19:43:00', 2700000, 'c52401917'),
('o42351909', '2021-11-28 09:44:00', 800000, 'c19282568'),
('o42390872', '2021-05-29 16:03:00', 7300000, 'c75589341'),
('o42618861', '2021-03-06 19:48:00', 1500000, 'c76790327'),
('o42786963', '2021-06-22 12:35:00', 3000000, 'c55281331'),
('o42949534', '2022-02-22 08:40:00', 8500000, 'c56259219'),
('o43074772', '2021-04-23 00:57:00', 4700000, 'c47132818'),
('o43205652', '2022-01-25 08:04:00', 4300000, 'c43263986'),
('o43245238', '2022-06-03 08:21:00', 9000000, 'c66167627'),
('o43303905', '2022-05-20 22:54:00', 7100000, 'c11312753'),
('o43328028', '2022-01-10 08:02:00', 100000, 'c19269756'),
('o43335716', '2022-01-30 19:09:00', 8400000, 'c07342012'),
('o43389795', '2022-09-20 17:27:00', 5200000, 'c44155262'),
('o43425869', '2021-12-21 00:23:00', 7500000, 'c71712629'),
('o43473466', '2020-12-26 20:40:00', 2600000, 'c21292363'),
('o43519486', '2021-04-12 08:17:00', 3800000, 'c63895386'),
('o43775976', '2021-09-09 07:19:00', 9400000, 'c57354625'),
('o43783731', '2021-08-12 23:14:00', 7300000, 'c68683112'),
('o43832909', '2022-03-29 11:31:00', 9800000, 'c20337411'),
('o43969647', '2022-10-12 01:12:00', 7800000, 'c41460493'),
('o44029263', '2021-09-04 07:57:00', 5100000, 'c13079059'),
('o44311963', '2022-01-03 01:17:00', 8600000, 'c51139266'),
('o44354373', '2021-05-27 08:33:00', 8400000, 'c02302878'),
('o44414747', '2022-05-30 00:42:00', 6500000, 'c38310996'),
('o44435812', '2022-03-06 10:35:00', 6700000, 'c01879408'),
('o44688858', '2022-01-31 19:44:00', 9200000, 'c58222901'),
('o44924183', '2021-05-19 22:02:00', 3100000, 'c66008225'),
('o44956315', '2022-08-27 09:46:00', 2000000, 'c11642890'),
('o45054157', '2022-02-16 04:18:00', 2200000, 'c19852375'),
('o45229427', '2022-04-02 15:38:00', 9100000, 'c74561040'),
('o45336150', '2021-01-03 03:10:00', 5200000, 'c61337585'),
('o45431091', '2022-07-11 17:22:00', 6500000, 'c19688024'),
('o45465696', '2021-05-28 16:07:00', 7800000, 'c06162134'),
('o45550695', '2022-07-13 03:58:00', 2900000, 'c00915482'),
('o45603618', '2022-01-08 18:41:00', 600000, 'c91289652'),
('o45856422', '2022-04-05 05:37:00', 1700000, 'c25154392'),
('o45862296', '2021-06-29 01:36:00', 9100000, 'c74223005'),
('o45956514', '2021-11-11 23:08:00', 5000000, 'c61585330'),
('o45993413', '2021-07-15 15:50:00', 2600000, 'c26150388'),
('o46082523', '2020-11-27 14:58:00', 7200000, 'c54980903'),
('o46151607', '2020-12-27 06:39:00', 3200000, 'c91679160'),
('o46218850', '2021-08-01 07:01:00', 9800000, 'c22050473'),
('o46227749', '2021-12-18 09:03:00', 8800000, 'c91410891'),
('o46229678', '2021-07-03 04:14:00', 5800000, 'c47420659'),
('o46250117', '2022-04-06 22:01:00', 1400000, 'c97946899'),
('o46439579', '2022-04-07 00:57:00', 1900000, 'c00440411'),
('o46488929', '2021-08-13 14:51:00', 8500000, 'c27798854'),
('o46768120', '2022-01-24 09:48:00', 6400000, 'c95935736'),
('o46912184', '2022-09-17 00:25:00', 2000000, 'c57111850'),
('o47076591', '2021-08-30 20:36:00', 7900000, 'c89376802'),
('o47157690', '2022-11-14 14:56:00', 4700000, 'c58665359'),
('o47168809', '2021-08-23 02:12:00', 400000, 'c02163680'),
('o47391491', '2022-06-29 23:45:00', 2100000, 'c08352270'),
('o47435664', '2021-02-26 20:24:00', 5600000, 'c77940622'),
('o47734968', '2021-01-29 02:01:00', 200000, 'c39855452'),
('o47751595', '2021-07-01 15:03:00', 3900000, 'c92125673'),
('o47799650', '2021-08-19 02:41:00', 5300000, 'c65761282'),
('o47818005', '2021-03-26 10:51:00', 2400000, 'c04555601'),
('o47825387', '2021-02-26 08:36:00', 1900000, 'c87326405'),
('o47838424', '2022-08-09 00:28:00', 3100000, 'c13220804'),
('o47927263', '2021-03-03 22:35:00', 8000000, 'c22112553'),
('o47978118', '2021-06-10 06:42:00', 5800000, 'c35759687'),
('o48173880', '2021-04-23 20:26:00', 3500000, 'c11101239'),
('o48412890', '2022-06-13 11:20:00', 4500000, 'c90114979'),
('o48505618', '2022-07-19 15:25:00', 6600000, 'c49098878'),
('o48963358', '2021-11-23 17:37:00', 400000, 'c23626836'),
('o49305342', '2021-03-24 18:14:00', 7400000, 'c60994617'),
('o49352122', '2021-02-14 18:48:00', 6900000, 'c22635278'),
('o49360082', '2021-07-23 17:11:00', 5000000, 'c81272896'),
('o49410532', '2022-04-02 02:42:00', 5200000, 'c37293680'),
('o49438830', '2022-06-22 21:50:00', 6500000, 'c73681258'),
('o49595748', '2022-04-04 17:42:00', 5600000, 'c56505009'),
('o49664818', '2021-02-14 01:07:00', 6200000, 'c15048377'),
('o49686125', '2021-11-16 21:59:00', 6300000, 'c02763437'),
('o49699369', '2022-08-12 09:04:00', 8000000, 'c24811885'),
('o49752965', '2021-07-08 16:39:00', 9000000, 'c07766033'),
('o50116525', '2021-04-17 05:35:00', 6300000, 'c94860961'),
('o50135136', '2021-07-18 20:26:00', 10000000, 'c97538723'),
('o50399551', '2022-11-12 21:18:00', 3000000, 'c93236206'),
('o50449192', '2021-03-17 19:42:00', 2000000, 'c84120110'),
('o50482878', '2022-05-25 16:34:00', 9200000, 'c67729539'),
('o50666741', '2022-06-12 08:21:00', 700000, 'c50092499'),
('o50753542', '2022-09-15 15:17:00', 2000000, 'c99283285'),
('o50787936', '2020-11-27 01:31:00', 8300000, 'c86464786'),
('o50859812', '2022-03-10 04:40:00', 4600000, 'c43077481'),
('o50892004', '2020-12-27 04:57:00', 7000000, 'c07485711'),
('o51031907', '2021-11-08 04:54:00', 6100000, 'c67663136'),
('o51055538', '2022-04-03 09:21:00', 6200000, 'c66903110'),
('o51129427', '2021-06-14 15:48:00', 8800000, 'c26295886'),
('o51149926', '2022-04-23 20:17:00', 1500000, 'c08715107'),
('o51404271', '2021-10-31 00:48:00', 7600000, 'c32966926'),
('o51484465', '2021-03-22 05:31:00', 4400000, 'c30171119'),
('o51894809', '2021-08-14 08:22:00', 800000, 'c42806150'),
('o51902769', '2021-04-02 09:20:00', 2300000, 'c35598114'),
('o52016939', '2022-09-29 14:44:00', 400000, 'c21285919'),
('o52172938', '2021-04-05 14:12:00', 2900000, 'c45858742'),
('o52423236', '2021-08-26 21:24:00', 7100000, 'c17208995'),
('o52619758', '2021-03-02 06:10:00', 4300000, 'c34529799'),
('o52629179', '2022-03-25 14:51:00', 7500000, 'c82908997'),
('o52710285', '2021-09-06 19:23:00', 7400000, 'c77925008'),
('o52796487', '2021-03-24 19:03:00', 1300000, 'c48854315'),
('o52839648', '2022-02-06 17:05:00', 9200000, 'c79014783'),
('o53084178', '2021-06-02 06:09:00', 4500000, 'c55442361'),
('o53180890', '2021-08-07 14:57:00', 2600000, 'c82024051'),
('o53286454', '2021-12-15 00:21:00', 2700000, 'c14300384'),
('o53373082', '2021-12-07 21:00:00', 6500000, 'c24208959'),
('o53419134', '2020-11-20 14:49:00', 4000000, 'c26838390'),
('o53439636', '2022-02-19 17:56:00', 2900000, 'c12977611'),
('o53468679', '2021-10-15 06:58:00', 4400000, 'c27209738'),
('o53486566', '2022-09-02 11:32:00', 2200000, 'c67361128'),
('o53500838', '2022-07-08 16:04:00', 8600000, 'c84473441'),
('o53501762', '2021-07-17 05:16:00', 6100000, 'c30057714'),
('o53550128', '2021-12-31 00:17:00', 5300000, 'c13429990'),
('o53693101', '2021-06-02 14:58:00', 5500000, 'c12924019'),
('o53727378', '2021-09-12 14:11:00', 8800000, 'c66724008'),
('o53750245', '2022-04-10 06:20:00', 7300000, 'c72453727'),
('o53870047', '2022-05-27 18:41:00', 2100000, 'c35297704'),
('o53918560', '2021-08-06 15:00:00', 7500000, 'c57262558'),
('o53940795', '2021-07-04 19:58:00', 8800000, 'c64014121'),
('o53996625', '2021-06-21 07:15:00', 7300000, 'c16644028'),
('o53999100', '2022-02-26 00:44:00', 2800000, 'c55274539'),
('o54017854', '2021-06-08 16:12:00', 1700000, 'c87710608'),
('o54323291', '2022-08-08 12:12:00', 4100000, 'c10586996'),
('o54385803', '2021-08-27 15:10:00', 1700000, 'c87997129'),
('o54403821', '2021-04-02 05:19:00', 7500000, 'c93431288'),
('o54550091', '2021-07-05 10:26:00', 10000000, 'c70515331'),
('o54595466', '2022-08-11 03:05:00', 4100000, 'c58243534'),
('o54615782', '2022-03-21 06:18:00', 2200000, 'c29318286'),
('o54733370', '2021-01-22 15:50:00', 900000, 'c22511801'),
('o54844246', '2021-08-18 02:24:00', 7500000, 'c66849021'),
('o54962709', '2022-09-08 01:04:00', 1500000, 'c39831917'),
('o55120382', '2021-10-20 15:36:00', 3000000, 'c35689184'),
('o55208135', '2021-12-30 03:27:00', 6900000, 'c26739452'),
('o55340664', '2021-02-02 08:35:00', 100000, 'c64385805'),
('o55373578', '2022-05-14 01:01:00', 4500000, 'c71010779'),
('o55441294', '2021-05-06 02:26:00', 9400000, 'c28235583'),
('o55465500', '2020-12-14 06:10:00', 2600000, 'c34748944'),
('o55531256', '2021-01-12 16:21:00', 5000000, 'c84910152'),
('o55740565', '2021-08-21 01:26:00', 6200000, 'c48213616'),
('o55815612', '2021-03-11 01:01:00', 1200000, 'c76996581'),
('o56016056', '2022-08-10 03:19:00', 1500000, 'c77501137'),
('o56065990', '2021-02-14 18:32:00', 8200000, 'c34265047'),
('o56104698', '2022-06-05 15:53:00', 9200000, 'c47048651'),
('o56263800', '2021-12-19 01:53:00', 400000, 'c95996405'),
('o56303037', '2021-02-18 20:43:00', 5000000, 'c05780122'),
('o56381764', '2021-12-17 10:39:00', 5600000, 'c73982346'),
('o56624307', '2021-07-01 01:00:00', 7300000, 'c23752644'),
('o56684076', '2022-06-12 23:13:00', 6900000, 'c33289739'),
('o56749644', '2022-10-20 11:54:00', 6900000, 'c83878760'),
('o56770512', '2021-01-10 09:39:00', 9600000, 'c53298889'),
('o56813456', '2022-02-07 09:37:00', 4000000, 'c72775530'),
('o56817187', '2022-08-06 13:09:00', 2800000, 'c47895565'),
('o56845016', '2022-10-22 02:23:00', 9700000, 'c73470019'),
('o56876671', '2021-07-12 11:00:00', 7400000, 'c82686403'),
('o56971951', '2022-03-29 23:21:00', 5100000, 'c05492178'),
('o56978493', '2022-08-29 17:03:00', 1600000, 'c98147816'),
('o57064017', '2021-01-06 05:48:00', 5700000, 'c47560883'),
('o57240123', '2022-04-28 09:39:00', 5300000, 'c13722633'),
('o57365934', '2021-10-18 02:24:00', 7200000, 'c39183573'),
('o57535906', '2022-11-13 12:01:00', 3900000, 'c49221806'),
('o57574236', '2021-07-28 17:34:00', 9700000, 'c48875728'),
('o57849102', '2022-10-09 19:52:00', 6300000, 'c26365786'),
('o57859866', '2022-04-26 23:58:00', 7900000, 'c61900530'),
('o58174657', '2022-08-21 03:43:00', 3300000, 'c10697036'),
('o58519635', '2021-04-26 16:18:00', 100000, 'c24592586'),
('o58591752', '2022-04-30 04:11:00', 8400000, 'c09441870'),
('o58768835', '2020-11-21 14:51:00', 9400000, 'c65044718'),
('o59241834', '2022-04-29 20:26:00', 5400000, 'c71816493'),
('o59258373', '2022-07-14 23:00:00', 8600000, 'c31294999'),
('o59262940', '2022-03-28 06:01:00', 400000, 'c06364559'),
('o59412318', '2020-11-25 21:39:00', 10000000, 'c03673954'),
('o59575734', '2021-04-05 02:54:00', 1500000, 'c44110399'),
('o59719329', '2022-03-16 20:54:00', 5500000, 'c06439293'),
('o59956845', '2022-03-13 12:31:00', 6500000, 'c65698032'),
('o59991700', '2021-09-19 05:58:00', 7900000, 'c05496704'),
('o60048079', '2022-01-24 22:15:00', 6000000, 'c07416644'),
('o60204176', '2021-01-10 13:28:00', 6800000, 'c32859033'),
('o60208761', '2022-09-07 08:57:00', 5400000, 'c04671839'),
('o60227785', '2021-09-24 12:54:00', 9900000, 'c24831271'),
('o60472266', '2021-03-28 16:11:00', 6800000, 'c10209906'),
('o60594133', '2021-12-30 01:31:00', 2500000, 'c22294868'),
('o60594623', '2020-11-27 23:00:00', 7500000, 'c34816800'),
('o60651678', '2021-01-06 06:24:00', 5700000, 'c56570661'),
('o60659682', '2021-11-14 14:15:00', 8700000, 'c83121847'),
('o60755780', '2022-10-15 07:14:00', 7900000, 'c38132393'),
('o60861610', '2022-04-30 14:30:00', 1100000, 'c77062875'),
('o60915831', '2022-10-19 00:23:00', 4600000, 'c59170399'),
('o60976314', '2022-06-22 16:23:00', 8500000, 'c52352971'),
('o61429594', '2022-04-08 02:14:00', 3300000, 'c72264992'),
('o61804237', '2022-05-02 16:37:00', 9300000, 'c89875146'),
('o61995903', '2021-11-08 08:00:00', 3600000, 'c65859021'),
('o62235224', '2022-07-21 18:10:00', 4500000, 'c18930498'),
('o62279111', '2021-08-06 04:07:00', 9500000, 'c93812049'),
('o62356208', '2021-04-12 07:13:00', 500000, 'c17396184'),
('o62456502', '2021-03-13 00:16:00', 300000, 'c93813492'),
('o62531633', '2021-03-12 22:03:00', 2300000, 'c08480628'),
('o62547239', '2022-06-15 17:04:00', 9400000, 'c37736053'),
('o62551268', '2022-10-11 13:01:00', 2800000, 'c23648846'),
('o62621970', '2020-11-26 14:43:00', 6300000, 'c41696163'),
('o62667622', '2022-05-26 18:38:00', 9100000, 'c27896508'),
('o62675467', '2022-03-29 22:44:00', 6300000, 'c25867725'),
('o62745448', '2021-07-14 22:09:00', 3200000, 'c15220733'),
('o62748568', '2022-02-23 10:41:00', 200000, 'c25436313'),
('o62763176', '2022-11-03 03:35:00', 100000, 'c23439669'),
('o62811284', '2021-08-09 06:33:00', 2900000, 'c85910122'),
('o62853868', '2021-08-31 07:27:00', 3900000, 'c01231537'),
('o62874497', '2022-02-16 14:07:00', 5100000, 'c16274362'),
('o62932057', '2021-07-29 22:26:00', 7100000, 'c53216709'),
('o62945566', '2022-05-16 17:17:00', 1100000, 'c25180998'),
('o63276926', '2022-04-03 14:02:00', 1800000, 'c30774802'),
('o63588673', '2021-09-11 05:28:00', 7400000, 'c84575336'),
('o63760003', '2022-07-31 13:33:00', 4400000, 'c81762624'),
('o64057376', '2021-03-01 14:04:00', 8800000, 'c81363921'),
('o64119070', '2021-08-27 12:43:00', 8500000, 'c26964433'),
('o64189243', '2020-12-03 02:35:00', 9500000, 'c61285601'),
('o64274655', '2022-11-06 01:43:00', 9200000, 'c00898636'),
('o64376315', '2020-11-24 03:25:00', 3900000, 'c04872559'),
('o64748312', '2022-09-12 06:48:00', 4200000, 'c90039481'),
('o64830371', '2021-10-07 06:17:00', 7600000, 'c26532874'),
('o65108079', '2021-02-19 06:24:00', 100000, 'c39478010'),
('o65278314', '2022-11-16 23:03:00', 7600000, 'c81486141'),
('o65366088', '2021-09-05 22:17:00', 10000000, 'c73850266'),
('o65451427', '2021-09-17 21:35:00', 7500000, 'c60391834'),
('o65477553', '2022-01-14 10:20:00', 7000000, 'c19591991'),
('o65489190', '2022-02-21 16:35:00', 7600000, 'c30492721'),
('o65496179', '2022-08-21 02:29:00', 6800000, 'c07808997'),
('o65590648', '2021-11-28 22:17:00', 9500000, 'c86508219'),
('o65618846', '2021-07-19 00:06:00', 500000, 'c47342942'),
('o65711486', '2022-11-11 07:29:00', 1200000, 'c00714998'),
('o65824360', '2020-12-04 06:05:00', 4600000, 'c03425988'),
('o65844712', '2020-12-14 23:48:00', 5800000, 'c14188630'),
('o65952430', '2022-05-18 05:01:00', 3200000, 'c34221602'),
('o66003918', '2021-11-05 22:08:00', 7200000, 'c51005421'),
('o66166825', '2021-04-02 17:59:00', 9300000, 'c76044357'),
('o66258505', '2022-06-25 03:59:00', 8000000, 'c31804803'),
('o66296908', '2021-11-11 04:36:00', 7800000, 'c04805537'),
('o66535154', '2022-09-21 15:30:00', 5600000, 'c95061867'),
('o66559776', '2022-08-04 20:29:00', 7100000, 'c49164668'),
('o66580757', '2022-08-31 01:17:00', 6800000, 'c91156786'),
('o66678668', '2022-07-25 12:00:00', 3500000, 'c60765906'),
('o66878929', '2021-06-13 05:57:00', 5000000, 'c03958460'),
('o67109116', '2021-04-30 18:17:00', 900000, 'c95664303'),
('o67240483', '2022-05-25 13:42:00', 4300000, 'c19127152'),
('o67284191', '2021-10-22 15:22:00', 7800000, 'c14692607'),
('o67387658', '2021-07-08 12:03:00', 4900000, 'c38551661'),
('o67497601', '2021-05-19 01:27:00', 3800000, 'c12267829'),
('o67588871', '2021-02-06 13:46:00', 4000000, 'c33814529'),
('o67649513', '2021-05-18 15:29:00', 2700000, 'c10632224'),
('o67670826', '2021-07-21 12:10:00', 3800000, 'c46709468'),
('o67692606', '2021-02-04 16:06:00', 2700000, 'c16634745'),
('o67754942', '2022-09-13 03:31:00', 2000000, 'c53186891'),
('o67760625', '2021-01-20 05:58:00', 7800000, 'c09666637'),
('o67833762', '2022-01-25 10:59:00', 1500000, 'c05182282'),
('o67893873', '2022-10-12 08:22:00', 1000000, 'c89910262'),
('o67929393', '2021-05-22 12:47:00', 2200000, 'c30297876'),
('o68123059', '2021-09-10 03:52:00', 2400000, 'c96890139'),
('o68197933', '2021-12-14 23:17:00', 700000, 'c98857202'),
('o68242478', '2021-03-04 06:31:00', 600000, 'c64910998'),
('o68353995', '2021-06-13 15:47:00', 9800000, 'c66887869'),
('o68508170', '2021-09-11 16:45:00', 1900000, 'c45246033'),
('o68585953', '2022-08-06 02:09:00', 3100000, 'c65634198'),
('o68605586', '2022-08-18 18:38:00', 3400000, 'c43825446'),
('o68633192', '2022-04-26 21:28:00', 6200000, 'c99479669'),
('o68738797', '2021-07-09 03:08:00', 2000000, 'c39235838'),
('o68887102', '2021-03-27 05:59:00', 4600000, 'c37322065'),
('o69044573', '2021-12-26 02:49:00', 4000000, 'c10854166'),
('o69053512', '2022-07-05 09:18:00', 8700000, 'c38517822'),
('o69085954', '2021-12-20 16:30:00', 7900000, 'c44116937'),
('o69135103', '2022-02-25 15:53:00', 7000000, 'c92825492'),
('o69161944', '2022-06-16 07:13:00', 6000000, 'c35670381'),
('o69244546', '2022-10-12 00:19:00', 7300000, 'c27721685'),
('o69296403', '2021-10-26 12:31:00', 1300000, 'c26053613'),
('o69350852', '2021-01-25 04:03:00', 6500000, 'c43858994'),
('o69560267', '2022-04-10 00:11:00', 1500000, 'c89837717'),
('o69741520', '2022-06-09 14:12:00', 1500000, 'c89716585'),
('o69890321', '2021-12-13 17:25:00', 4900000, 'c58893343'),
('o70003688', '2022-11-11 05:58:00', 6100000, 'c77398982'),
('o70009086', '2021-07-22 13:44:00', 10000000, 'c18141832'),
('o70010234', '2021-01-22 06:29:00', 5800000, 'c73936361'),
('o70125620', '2021-10-25 12:52:00', 300000, 'c11814826'),
('o70134075', '2021-02-27 08:16:00', 8100000, 'c16632645'),
('o70191598', '2022-02-17 21:38:00', 2100000, 'c88677505'),
('o70271365', '2021-03-28 00:12:00', 9500000, 'c07182067'),
('o70287227', '2022-03-13 10:42:00', 4000000, 'c65469940'),
('o70289567', '2022-01-01 23:11:00', 5800000, 'c98211665'),
('o70342916', '2021-12-31 20:00:00', 1500000, 'c07410794'),
('o70354834', '2020-12-23 00:46:00', 4500000, 'c28551884'),
('o70470527', '2021-06-04 12:04:00', 2100000, 'c79764065'),
('o70602744', '2021-01-15 18:54:00', 9300000, 'c29557929'),
('o70803960', '2022-09-24 06:46:00', 3700000, 'c14915210'),
('o70872362', '2020-12-11 21:14:00', 4800000, 'c80059020'),
('o70915173', '2020-12-29 08:12:00', 2600000, 'c49084622'),
('o71200101', '2021-07-10 15:29:00', 7200000, 'c49384758'),
('o71518458', '2022-02-14 00:39:00', 3400000, 'c22184287'),
('o71527855', '2022-09-16 01:56:00', 7500000, 'c62086659'),
('o71631667', '2022-04-09 00:03:00', 2600000, 'c98002758'),
('o71638781', '2022-11-18 03:50:00', 6900000, 'c53344718'),
('o71862762', '2022-01-13 10:34:00', 2600000, 'c36163805'),
('o71950737', '2022-08-20 06:07:00', 800000, 'c04320985'),
('o71957892', '2022-05-10 03:34:00', 6900000, 'c81059829'),
('o72076540', '2022-05-10 00:24:00', 10000000, 'c46959534'),
('o72139291', '2021-05-09 01:57:00', 8600000, 'c09845801'),
('o72221839', '2022-01-11 17:30:00', 3500000, 'c97972679'),
('o72370200', '2022-11-16 00:37:00', 2700000, 'c66949124'),
('o73044604', '2021-12-18 09:40:00', 9100000, 'c65015445'),
('o73081462', '2022-05-17 02:31:00', 6900000, 'c45021534'),
('o73305440', '2021-08-28 14:35:00', 9500000, 'c80848517'),
('o73595187', '2021-07-21 17:32:00', 7000000, 'c08127045'),
('o73646075', '2022-10-21 07:38:00', 6400000, 'c51302418'),
('o73697861', '2022-02-03 02:24:00', 9900000, 'c86669327'),
('o73808742', '2021-11-17 16:15:00', 4800000, 'c69740484'),
('o73921006', '2021-01-24 22:14:00', 2400000, 'c57989133'),
('o74038850', '2022-09-14 17:44:00', 3100000, 'c29143832'),
('o74080144', '2022-02-06 07:51:00', 4500000, 'c20787132'),
('o74239151', '2021-01-03 18:32:00', 8300000, 'c92417939'),
('o74321997', '2022-06-19 12:04:00', 8200000, 'c58336731'),
('o74404207', '2022-09-05 13:51:00', 300000, 'c41830316'),
('o74892675', '2022-09-12 09:24:00', 6100000, 'c05978625'),
('o74999401', '2021-11-19 19:18:00', 700000, 'c47946828'),
('o75252803', '2022-01-01 23:26:00', 4300000, 'c10868681'),
('o75406310', '2022-03-17 12:55:00', 2100000, 'c16214798'),
('o75413318', '2021-01-14 21:11:00', 7300000, 'c45498175'),
('o75436303', '2022-11-14 13:35:00', 9300000, 'c83062611'),
('o75513629', '2021-09-23 10:57:00', 4700000, 'c35572007'),
('o75642258', '2021-06-24 21:15:00', 7900000, 'c72158269'),
('o75658371', '2021-01-01 22:37:00', 9500000, 'c60323582'),
('o75756762', '2021-08-02 11:22:00', 1600000, 'c77876045'),
('o76165966', '2020-12-26 10:01:00', 7600000, 'c02588724'),
('o76173253', '2022-01-02 21:39:00', 8900000, 'c77214884'),
('o76179110', '2022-09-28 08:22:00', 8700000, 'c62082335'),
('o76191290', '2022-02-01 06:32:00', 9900000, 'c88030136'),
('o76243979', '2021-05-27 16:23:00', 2300000, 'c44095031'),
('o76359980', '2021-09-14 11:41:00', 9700000, 'c44207165'),
('o76388052', '2022-01-27 05:09:00', 9500000, 'c55263467'),
('o76392395', '2022-01-19 03:56:00', 7000000, 'c76333377'),
('o76399196', '2020-12-12 06:09:00', 4100000, 'c48986699'),
('o76690744', '2021-05-01 19:31:00', 2100000, 'c90789439'),
('o76723525', '2021-04-22 07:10:00', 6400000, 'c99829547'),
('o76834736', '2021-10-07 06:10:00', 8900000, 'c05891566'),
('o76835339', '2021-04-05 23:31:00', 7900000, 'c42656621'),
('o76848208', '2022-09-13 12:04:00', 1300000, 'c61534373'),
('o76868467', '2022-02-25 08:09:00', 1600000, 'c62745777'),
('o76974717', '2022-05-28 16:01:00', 400000, 'c84308364'),
('o77021690', '2022-02-22 17:33:00', 8000000, 'c39170451'),
('o77145816', '2022-04-30 12:30:00', 9400000, 'c40984032'),
('o77171678', '2021-10-15 12:19:00', 2000000, 'c23143634'),
('o77352492', '2021-08-10 22:30:00', 8800000, 'c59825739'),
('o77414149', '2021-07-23 03:40:00', 600000, 'c16963683'),
('o77523977', '2022-10-30 04:18:00', 2300000, 'c70046691'),
('o77542387', '2022-08-16 10:40:00', 8500000, 'c54914915'),
('o77642712', '2022-10-27 05:01:00', 600000, 'c13676360'),
('o77688648', '2022-07-27 00:19:00', 5500000, 'c42893609'),
('o77693315', '2022-03-04 20:48:00', 5200000, 'c90556015'),
('o77855918', '2021-04-24 06:33:00', 8000000, 'c56347260'),
('o77945586', '2021-03-21 10:26:00', 8700000, 'c78891658'),
('o77973755', '2021-07-02 14:54:00', 400000, 'c08430100'),
('o78015040', '2021-08-11 07:41:00', 4500000, 'c45675895'),
('o78033196', '2021-09-14 21:41:00', 2100000, 'c34979936'),
('o78089063', '2022-11-19 00:58:00', 3700000, 'c33198879'),
('o78145846', '2021-05-26 05:38:00', 9900000, 'c08438467'),
('o78147875', '2021-04-15 11:08:00', 3700000, 'c84105823'),
('o78265204', '2022-06-27 21:03:00', 2200000, 'c90974823'),
('o78278644', '2021-11-28 14:05:00', 2100000, 'c60674922'),
('o78352897', '2021-01-14 22:53:00', 600000, 'c41492955'),
('o78478173', '2021-08-24 21:38:00', 2300000, 'c40455186'),
('o78517675', '2021-07-23 16:07:00', 7100000, 'c15381797'),
('o78731654', '2020-12-01 16:02:00', 500000, 'c54016331'),
('o78779746', '2022-10-15 14:18:00', 5900000, 'c21606844'),
('o78873179', '2022-09-12 17:47:00', 3800000, 'c48625003'),
('o78935159', '2021-03-10 12:45:00', 9300000, 'c78583541'),
('o78969412', '2022-07-03 20:51:00', 200000, 'c19187951'),
('o79010585', '2022-02-06 10:45:00', 8600000, 'c23779615'),
('o79082774', '2022-04-08 04:48:00', 5600000, 'c46797838'),
('o79110637', '2021-09-09 23:31:00', 3700000, 'c34698588'),
('o79554855', '2020-12-22 13:15:00', 9500000, 'c99278572'),
('o79793003', '2022-05-12 06:22:00', 5200000, 'c22378313'),
('o79821812', '2021-07-06 11:30:00', 600000, 'c93865239'),
('o79893223', '2021-02-21 13:37:00', 4700000, 'c15042185'),
('o79929246', '2022-06-12 18:12:00', 9200000, 'c11251949'),
('o79999570', '2022-10-20 06:08:00', 9600000, 'c67918077'),
('o80016577', '2021-12-18 18:49:00', 3000000, 'c23175401'),
('o80113932', '2021-09-28 05:54:00', 4700000, 'c59556237'),
('o80178578', '2021-11-25 18:34:00', 8900000, 'c23169627'),
('o80192088', '2021-02-21 09:46:00', 5900000, 'c68741539'),
('o80206618', '2022-09-22 02:52:00', 3300000, 'c64156103'),
('o80230903', '2021-06-28 19:07:00', 7500000, 'c19461648'),
('o80266189', '2021-09-06 18:41:00', 5300000, 'c56869385'),
('o80268495', '2021-05-19 13:18:00', 9100000, 'c09161679'),
('o80311351', '2020-12-01 00:42:00', 500000, 'c12194893'),
('o80325146', '2021-05-28 22:38:00', 2200000, 'c80486311'),
('o80395383', '2021-10-10 03:54:00', 9700000, 'c33025450'),
('o80490510', '2021-02-03 08:18:00', 7500000, 'c10006383'),
('o80579178', '2021-12-14 11:41:00', 9800000, 'c56012965'),
('o80580805', '2022-10-08 19:23:00', 5400000, 'c84937726'),
('o80606217', '2021-10-03 03:04:00', 700000, 'c28920063'),
('o80836467', '2022-01-13 03:46:00', 9000000, 'c92542553'),
('o81112401', '2021-10-02 13:54:00', 7100000, 'c23054143'),
('o81353039', '2022-04-28 01:20:00', 1600000, 'c30664314'),
('o81533998', '2021-05-21 13:28:00', 2000000, 'c02499566'),
('o81926353', '2020-12-19 04:53:00', 3500000, 'c66922532'),
('o81929000', '2021-11-09 17:48:00', 8900000, 'c02512672'),
('o82057524', '2020-12-20 22:44:00', 7700000, 'c89053274'),
('o82382356', '2022-01-09 07:35:00', 2700000, 'c10447293'),
('o82581666', '2022-05-30 22:38:00', 7000000, 'c26287765'),
('o82632011', '2021-02-15 19:33:00', 7700000, 'c31436293'),
('o83006469', '2021-05-16 05:27:00', 4000000, 'c75212392'),
('o83115262', '2022-03-10 03:03:00', 6300000, 'c94366036'),
('o83160948', '2022-08-25 05:21:00', 9300000, 'c60061406'),
('o83163429', '2022-09-23 00:32:00', 6300000, 'c02993716'),
('o83179897', '2021-05-18 15:29:00', 1600000, 'c24146476'),
('o83201322', '2022-02-08 04:32:00', 6400000, 'c05329611'),
('o83249001', '2021-12-26 09:17:00', 1900000, 'c62748603'),
('o83326462', '2021-09-03 03:08:00', 1200000, 'c26183997'),
('o83371688', '2021-01-04 22:57:00', 8900000, 'c01723685'),
('o83377600', '2021-02-04 19:46:00', 3300000, 'c87152072'),
('o83418846', '2022-01-20 08:41:00', 5800000, 'c26041886'),
('o83426362', '2022-06-26 01:16:00', 800000, 'c24083172'),
('o83470198', '2020-12-19 05:54:00', 9100000, 'c04735360'),
('o83525341', '2022-04-22 05:16:00', 8500000, 'c33948636'),
('o83627641', '2022-03-03 07:47:00', 8400000, 'c96868478'),
('o83666066', '2021-11-03 08:53:00', 8600000, 'c93980164'),
('o83716665', '2021-12-23 12:27:00', 6900000, 'c51153311'),
('o83726632', '2022-06-21 15:44:00', 1500000, 'c21441930'),
('o83827629', '2021-04-03 09:21:00', 5200000, 'c53181072'),
('o83973933', '2020-12-23 17:56:00', 8700000, 'c86393871'),
('o84216318', '2022-07-16 12:08:00', 1500000, 'c11292264'),
('o84284003', '2021-05-01 20:41:00', 6500000, 'c95462410'),
('o84323849', '2022-03-07 12:14:00', 800000, 'c59906293'),
('o84808446', '2021-05-29 18:07:00', 400000, 'c71290367'),
('o84990398', '2020-12-19 16:21:00', 7100000, 'c38438770'),
('o85008107', '2022-09-18 02:24:00', 1000000, 'c44004099'),
('o85017109', '2022-07-27 05:40:00', 9000000, 'c09407330'),
('o85053583', '2021-07-19 12:04:00', 4600000, 'c84682071'),
('o85214225', '2022-08-17 01:20:00', 9900000, 'c52306947'),
('o85240400', '2022-03-10 03:21:00', 6300000, 'c67743639'),
('o85327221', '2021-01-24 00:11:00', 2700000, 'c92586166'),
('o85348157', '2022-06-27 09:44:00', 4800000, 'c25741204'),
('o85414296', '2022-01-14 22:07:00', 7200000, 'c16562252'),
('o85488299', '2022-05-22 02:14:00', 2000000, 'c36318351'),
('o85609268', '2022-01-07 05:57:00', 2100000, 'c20750854'),
('o85697132', '2022-09-24 14:35:00', 8300000, 'c97655023'),
('o85785100', '2022-03-05 18:52:00', 9300000, 'c32099648'),
('o85850096', '2022-05-10 20:54:00', 5600000, 'c40813384'),
('o85927963', '2021-09-16 08:20:00', 5300000, 'c45357341'),
('o85961313', '2022-02-19 03:45:00', 5900000, 'c28220833'),
('o86054785', '2020-12-29 00:49:00', 4200000, 'c09413609');
INSERT INTO `corder` (`Invoice_num`, `Pay_time`, `Total_price`, `CustomerID`) VALUES
('o86100445', '2021-04-09 04:17:00', 7000000, 'c17446291'),
('o86193052', '2021-10-03 10:27:00', 4300000, 'c57591604'),
('o86307575', '2022-05-28 13:09:00', 4400000, 'c32258921'),
('o86444877', '2022-02-16 18:53:00', 8100000, 'c48815291'),
('o86699815', '2022-03-04 12:22:00', 9200000, 'c50273578'),
('o86988626', '2021-08-30 05:50:00', 3000000, 'c00807013'),
('o87032966', '2022-09-12 02:51:00', 1400000, 'c92964775'),
('o87047663', '2021-03-07 20:55:00', 400000, 'c69717899'),
('o87073823', '2022-01-07 18:43:00', 3000000, 'c44455910'),
('o87141428', '2021-06-03 19:47:00', 200000, 'c29058276'),
('o87156340', '2022-10-27 08:42:00', 5700000, 'c55140048'),
('o87160510', '2022-03-16 04:59:00', 2900000, 'c42441584'),
('o87270352', '2021-04-28 09:10:00', 5300000, 'c44592281'),
('o87315281', '2021-01-17 09:30:00', 600000, 'c90018998'),
('o87448004', '2022-05-10 18:24:00', 6200000, 'c79004256'),
('o87453044', '2021-11-20 15:45:00', 8600000, 'c05870671'),
('o87535291', '2022-09-23 18:08:00', 1100000, 'c15656949'),
('o87670686', '2021-10-02 10:29:00', 1500000, 'c91555942'),
('o87718997', '2022-06-20 03:08:00', 2100000, 'c69860232'),
('o87815954', '2022-02-21 09:25:00', 4200000, 'c26780109'),
('o87913508', '2022-06-24 02:40:00', 2800000, 'c68627682'),
('o88070134', '2021-01-19 18:44:00', 6900000, 'c95180683'),
('o88104083', '2022-05-27 17:05:00', 6300000, 'c33107365'),
('o88267777', '2022-02-21 15:19:00', 400000, 'c86902783'),
('o88271656', '2022-02-21 18:31:00', 600000, 'c96350338'),
('o88287386', '2021-11-17 02:50:00', 1200000, 'c64523355'),
('o88292706', '2021-04-30 07:08:00', 6200000, 'c22611025'),
('o88341216', '2020-12-19 19:34:00', 2600000, 'c00779675'),
('o88661555', '2022-01-16 03:44:00', 5800000, 'c80518192'),
('o88703703', '2021-03-12 02:48:00', 5500000, 'c95500775'),
('o88802786', '2022-07-16 06:57:00', 2000000, 'c08048694'),
('o88992706', '2021-05-29 08:03:00', 9600000, 'c45325338'),
('o89041977', '2021-06-11 19:43:00', 6500000, 'c38300251'),
('o89396221', '2022-01-31 21:52:00', 3300000, 'c75095943'),
('o89424973', '2022-01-22 20:38:00', 5100000, 'c29957583'),
('o89477943', '2022-07-09 21:24:00', 9900000, 'c44258030'),
('o89708952', '2022-08-23 22:57:00', 3000000, 'c11886790'),
('o89721791', '2022-11-02 19:07:00', 9800000, 'c69645411'),
('o89740398', '2021-06-04 13:18:00', 9000000, 'c62894264'),
('o89799999', '2021-02-01 13:37:00', 10000000, 'c52177672'),
('o89969414', '2021-09-02 16:00:00', 400000, 'c21996316'),
('o89975996', '2021-07-26 18:55:00', 7800000, 'c31723219'),
('o90118971', '2022-05-13 21:56:00', 6300000, 'c66454654'),
('o90365983', '2022-07-29 16:27:00', 4500000, 'c38522365'),
('o90433454', '2022-06-19 05:02:00', 8800000, 'c53402395'),
('o90613146', '2022-03-11 08:39:00', 8600000, 'c80056551'),
('o90672704', '2021-12-17 17:50:00', 6900000, 'c17059619'),
('o90913920', '2021-12-31 07:49:00', 3200000, 'c86968390'),
('o91074001', '2021-03-31 11:29:00', 8600000, 'c46155079'),
('o91281475', '2020-12-07 01:48:00', 3900000, 'c44047789'),
('o91330236', '2021-03-09 01:08:00', 4000000, 'c81164381'),
('o91361658', '2021-04-26 01:26:00', 9600000, 'c43557482'),
('o91481849', '2021-03-04 10:20:00', 1500000, 'c39078595'),
('o91546401', '2022-10-31 07:36:00', 7900000, 'c40880532'),
('o91650658', '2021-10-18 07:59:00', 6800000, 'c91810623'),
('o91655158', '2022-05-12 14:10:00', 3000000, 'c22021290'),
('o91751198', '2022-08-24 05:45:00', 6200000, 'c97219733'),
('o91782292', '2022-11-17 18:28:00', 9300000, 'c17477707'),
('o92058331', '2022-10-20 02:44:00', 7400000, 'c21787216'),
('o92153468', '2022-10-11 17:00:00', 5300000, 'c30822805'),
('o92218315', '2021-12-19 18:34:00', 6400000, 'c99477565'),
('o92392266', '2022-02-25 16:40:00', 6100000, 'c08715261'),
('o92426020', '2022-07-27 21:23:00', 4000000, 'c39378728'),
('o92605195', '2021-11-12 23:21:00', 3600000, 'c12200738'),
('o92684311', '2022-02-07 14:07:00', 500000, 'c62683900'),
('o92915855', '2022-06-27 18:01:00', 7600000, 'c85405767'),
('o93132926', '2020-12-05 18:41:00', 7600000, 'c99022210'),
('o93226675', '2022-05-11 01:28:00', 200000, 'c34131916'),
('o93284481', '2021-06-02 01:06:00', 9300000, 'c06811301'),
('o93314475', '2022-11-18 05:50:00', 8400000, 'c23706910'),
('o93448317', '2022-01-03 00:04:00', 9400000, 'c58730395'),
('o93453198', '2021-07-06 10:09:00', 7300000, 'c48974455'),
('o93699462', '2020-12-31 13:31:00', 3400000, 'c83864367'),
('o93875399', '2021-02-09 04:30:00', 2100000, 'c40174568'),
('o93900426', '2021-09-17 19:06:00', 3900000, 'c65832855'),
('o94072665', '2022-01-08 15:15:00', 5600000, 'c31703307'),
('o94083488', '2021-06-22 03:58:00', 10000000, 'c53128536'),
('o94088567', '2021-11-07 03:31:00', 8000000, 'c14744032'),
('o94345223', '2022-10-26 13:46:00', 7500000, 'c51561103'),
('o94417942', '2021-06-11 06:41:00', 5600000, 'c38375338'),
('o94556068', '2022-03-20 19:44:00', 4000000, 'c12472859'),
('o94628479', '2021-10-15 19:31:00', 4100000, 'c60374609'),
('o94920759', '2022-06-28 11:42:00', 5900000, 'c59493861'),
('o94961480', '2022-08-29 07:32:00', 400000, 'c48469839'),
('o95235819', '2022-08-02 08:26:00', 4600000, 'c66150639'),
('o95244953', '2022-02-10 21:06:00', 2100000, 'c25273613'),
('o95263294', '2022-09-10 21:23:00', 4600000, 'c22310124'),
('o95275879', '2021-09-01 16:42:00', 5300000, 'c06164292'),
('o95290895', '2022-10-24 11:47:00', 10000000, 'c30723738'),
('o95383728', '2021-12-01 18:45:00', 6300000, 'c31710609'),
('o95585653', '2022-10-29 13:34:00', 6900000, 'c42635668'),
('o95651944', '2021-03-11 18:20:00', 1200000, 'c75749567'),
('o95781650', '2021-10-28 19:04:00', 3300000, 'c78356364'),
('o95790870', '2022-04-28 04:20:00', 2800000, 'c97061129'),
('o95875658', '2021-08-21 16:11:00', 5700000, 'c14173019'),
('o96077487', '2022-09-19 03:35:00', 3500000, 'c53270136'),
('o96131157', '2022-07-05 22:41:00', 6200000, 'c59960968'),
('o96180310', '2022-05-02 23:57:00', 5500000, 'c70292616'),
('o96215185', '2022-05-31 21:14:00', 600000, 'c26854357'),
('o96390062', '2022-04-28 22:09:00', 4100000, 'c48721603'),
('o96528333', '2022-04-07 05:35:00', 4000000, 'c99983375'),
('o96529524', '2021-04-12 06:49:00', 8100000, 'c46254955'),
('o96646952', '2021-04-08 09:47:00', 2800000, 'c44402231'),
('o96673318', '2021-08-29 15:03:00', 2800000, 'c99289625'),
('o96909912', '2020-12-03 05:39:00', 200000, 'c67535051'),
('o96938525', '2021-10-07 03:24:00', 9600000, 'c35584568'),
('o97057570', '2020-12-25 02:48:00', 4400000, 'c50368628'),
('o97183564', '2021-12-28 06:06:00', 8100000, 'c39842031'),
('o97218215', '2021-01-19 21:20:00', 2600000, 'c30717668'),
('o97234304', '2021-03-16 01:52:00', 4900000, 'c78774374'),
('o97270975', '2020-11-27 08:51:00', 6600000, 'c20291561'),
('o97400361', '2021-06-18 01:49:00', 7300000, 'c69079992'),
('o97563303', '2021-12-18 03:37:00', 2300000, 'c95540216'),
('o97614730', '2021-11-06 08:02:00', 9500000, 'c74059027'),
('o97891930', '2021-12-29 04:38:00', 10000000, 'c96690940'),
('o98012456', '2022-04-12 17:27:00', 8600000, 'c70881399'),
('o98037803', '2021-06-27 01:38:00', 8000000, 'c55344333'),
('o98185147', '2021-04-01 21:52:00', 1500000, 'c46246349'),
('o98597316', '2021-11-07 07:35:00', 3300000, 'c58039382'),
('o98638267', '2021-08-17 19:57:00', 900000, 'c61307048'),
('o98688064', '2022-09-20 02:53:00', 6900000, 'c88715811'),
('o98896225', '2021-06-17 06:04:00', 3500000, 'c95191212'),
('o98957816', '2021-04-05 20:10:00', 4500000, 'c29448433'),
('o98959284', '2021-06-23 13:42:00', 6900000, 'c52454205'),
('o99115547', '2021-07-16 17:10:00', 2000000, 'c71210868'),
('o99302706', '2021-08-20 16:21:00', 8800000, 'c39909699'),
('o99614301', '2021-01-18 15:58:00', 3800000, 'c12797532'),
('o99763858', '2022-03-05 05:21:00', 4300000, 'c02289930'),
('o99886162', '2021-07-16 17:42:00', 5200000, 'c25540927'),
('o99906669', '2021-10-31 06:33:00', 7100000, 'c35959812'),
('o99976804', '2022-04-27 20:45:00', 7300000, 'c30472170');

--
-- Triggers `corder`
--
DELIMITER $$
CREATE TRIGGER `addTotalPoint` AFTER INSERT ON `corder` FOR EACH ROW UPDATE Customer
	SET Total_point = Total_point + NEW.Total_price/1000
	WHERE CustomerID = NEW.CustomerID
$$
DELIMITER ;

-- --------------------------------------------------------

--
-- Table structure for table `customer`
--

CREATE TABLE `customer` (
  `CustomerID` varchar(9) NOT NULL,
  `Username` varchar(50) NOT NULL,
  `Password` varchar(50) NOT NULL,
  `Name` varchar(50) NOT NULL,
  `Birthday` date NOT NULL,
  `Gender` varchar(50) NOT NULL,
  `Address` varchar(50) NOT NULL,
  `Phone` varchar(50) NOT NULL,
  `Email` varchar(50) NOT NULL,
  `Created_time` datetime NOT NULL,
  `Total_point` bigint(20) DEFAULT 0
) ENGINE=InnoDB DEFAULT CHARSET=utf8mb4;

--
-- Dumping data for table `customer`
--

INSERT INTO `customer` (`CustomerID`, `Username`, `Password`, `Name`, `Birthday`, `Gender`, `Address`, `Phone`, `Email`, `Created_time`, `Total_point`) VALUES
('c00440411', 'cjohansenct', '23QWR0mat0WD', 'Courtnay Johansen', '1977-06-18', 'Other', '33450 Division Park', '0749066144', 'cjohansenct@netscape.com', '2021-08-05 11:50:00', 170),
('c00475028', 'abarenski9h', 'KCDe2S0l', 'Adair Barenski', '1914-07-27', 'Male', '07 Marquette Pass', '0119193056', 'abarenski9h@photobucket.com', '2020-12-10 18:10:00', 860),
('c00523590', 'santoniat16', 'l6khgWxn', 'Samuel Antoniat', '1959-07-21', 'Male', '2123 Fuller Street', '0597379901', 'santoniat16@sakura.ne.jp', '2022-07-03 02:36:00', 160),
('c00643703', 'jpharrow4v', 'QBlyeqz', 'Justinian Pharrow', '2009-09-25', 'Male', '6 South Avenue', '0836543625', 'jpharrow4v@fc2.com', '2022-10-14 03:55:00', 660),
('c00714998', 'asussanshx', 'K9gV7l', 'Asa Sussans', '1964-01-24', 'Male', '2 Killdeer Crossing', '0843370878', 'asussanshx@biblegateway.com', '2022-11-04 17:50:00', 210),
('c00779675', 'knorthernos', 'u34sd9Um', 'Kevin Northern', '1908-10-01', 'Male', '0920 Anhalt Trail', '0347905605', 'knorthernos@sciencedaily.com', '2022-09-04 00:43:00', 200),
('c00807013', 'lbrounfieldo6', 'AEUmxFM', 'Lin Brounfield', '1988-03-07', 'Male', '11915 Everett Street', '0728393065', 'lbrounfieldo6@posterous.com', '2020-12-02 21:22:00', 230),
('c00898636', 'rturlandhk', 'OtK3OZaCMov', 'Roderic Turland', '1976-11-23', 'Male', '898 Eastlawn Place', '0619641011', 'rturlandhk@pcworld.com', '2021-12-30 21:12:00', 120),
('c00915482', 'mcawdronch', 'w6BudsxYl', 'Merrielle Cawdron', '2014-04-12', 'Female', '6323 Acker Way', '0452593483', 'mcawdronch@vimeo.com', '2021-02-27 20:02:00', 500),
('c01089650', 'cmcarthur21', 'FZW4gH', 'Ches McArthur', '1982-05-27', 'Male', '92 Starling Avenue', '0596770463', 'cmcarthur21@newsvine.com', '2022-01-10 05:33:00', 710),
('c01166173', 'geverington5q', 'fybGPoOoOmPh', 'Gerardo Everington', '2011-10-11', 'Male', '59792 Arrowood Street', '0945047421', 'geverington5q@123-reg.co.uk', '2021-05-30 18:52:00', 40),
('c01231537', 'nmuffha', '4dlWK1pxVpg', 'Nadean Muff', '1986-05-03', 'Female', '26 Havey Avenue', '0889019420', 'nmuffha@amazonaws.com', '2021-07-22 16:53:00', 160),
('c01370321', 'mgirauld66', 'V1eOMV', 'Masha Girauld', '1912-12-20', 'Female', '415 Ronald Regan Trail', '0984372051', 'mgirauld66@discuz.net', '2021-03-06 15:40:00', 120),
('c01723685', 'evasilchikovn3', 'QZhRba4i', 'Erwin Vasilchikov', '2007-05-05', 'Male', '470 Northwestern Plaza', '0701947790', 'evasilchikovn3@blogger.com', '2022-03-20 14:14:00', 570),
('c01797897', 'hvan3j', 'BFort2S', 'Harriott Van Vuuren', '1921-06-25', 'Female', '533 Pine View Drive', '0868949313', 'hvan3j@sogou.com', '2021-07-19 01:34:00', 320),
('c01879408', 'wmathetc8', 'dlgy0RsRze5q', 'Wade Mathet', '2001-08-17', 'Male', '2 Dexter Drive', '0416445192', 'wmathetc8@odnoklassniki.ru', '2022-02-09 11:37:00', 530),
('c01986846', 'mcrockett7b', 'FN3zXa0K', 'Melony Crockett', '2017-12-27', 'Female', '747 Anniversary Parkway', '0327648634', 'mcrockett7b@cornell.edu', '2022-08-12 03:31:00', 390),
('c02147415', 'nmartensen8f', 'gixNcDiZ8', 'Natassia Martensen', '2003-08-11', 'Female', '5 Jay Place', '0350003645', 'nmartensen8f@list-manage.com', '2021-07-01 07:41:00', 590),
('c02163680', 'fpachecz', 'fWS6wGwwX6Bp', 'Florella Pache', '1988-06-10', 'Female', '7 Forest Avenue', '0210282026', 'fpachecz@cdc.gov', '2021-04-05 09:35:00', 720),
('c02289930', 'lmuglestonero', 'qmQrbvZ', 'Laurella Muglestone', '1985-05-17', 'Female', '345 Blaine Place', '0865403621', 'lmuglestonero@sciencedaily.com', '2021-08-31 12:34:00', 420),
('c02302878', 'glakeyc6', 'vENQWAtHf', 'Grantham Lakey', '2007-12-29', 'Male', '9643 Monument Trail', '0857634779', 'glakeyc6@feedburner.com', '2022-01-31 01:11:00', 270),
('c02499566', 'lcircuittmo', 'aLhLtG8rP', 'Lissie Circuitt', '1982-03-31', 'Female', '4 Truax Center', '0780426461', 'lcircuittmo@deliciousdays.com', '2021-03-02 18:56:00', 620),
('c02512672', 'glivingsmq', 'RH9wTM3Q2yh', 'Gardy Livings', '1966-01-29', 'Male', '48 Fisk Trail', '0463531738', 'glivingsmq@washingtonpost.com', '2021-11-30 11:45:00', 300),
('c02588724', 'ostearneskp', 'Rp0VJ3I', 'Osborn Stearnes', '1962-07-22', 'Male', '70 Pawling Junction', '0129375574', 'ostearneskp@flavors.me', '2021-12-17 22:44:00', 590),
('c02763437', 'lheartfielddl', '6xnxe6Ho', 'Leisha Heartfield', '1944-07-09', 'Female', '18295 Iowa Park', '0127343009', 'lheartfielddl@sciencedaily.com', '2021-12-22 15:54:00', 670),
('c02848119', 'amcilhatton95', 'ZByXYnjz9E', 'Annalee McIlhatton', '1944-08-17', 'Female', '54 Eliot Way', '0415555600', 'amcilhatton95@fotki.com', '2022-01-09 18:42:00', 40),
('c02993716', 'csobieskimy', 'DQHeyIex', 'Cookie Sobieski', '1923-05-05', 'Female', '529 Mandrake Parkway', '0208384444', 'csobieskimy@zimbio.com', '2021-03-21 08:39:00', 780),
('c03059429', 'tworssam3w', 'kkgQR7gI', 'Truman Worssam', '1954-04-23', 'Other', '3158 Esker Lane', '0515598624', 'tworssam3w@istockphoto.com', '2021-03-29 09:34:00', 120),
('c03425988', 'tmcdermidhy', 'HHJkBgRU', 'Tyrus McDermid', '2012-08-01', 'Male', '18936 Towne Road', '0875840277', 'tmcdermidhy@wisc.edu', '2021-03-02 22:37:00', 710),
('c03673954', 'cwardleyga', 'jdpS4AD', 'Constantine Wardley', '1976-10-30', 'Male', '799 Esker Point', '0284411942', 'cwardleyga@mit.edu', '2021-02-28 02:14:00', 340),
('c03958460', 'aliffei9', '2UQTozjr', 'Adore Liffe', '2003-07-07', 'Female', '50 Karstens Lane', '0656845439', 'aliffei9@google.it', '2021-02-25 05:19:00', 980),
('c04320985', 'fprewjv', 'lFMiA0sLd', 'Forest Prew', '1979-08-11', 'Other', '9 Bonner Drive', '0535269248', 'fprewjv@purevolume.com', '2022-07-11 06:27:00', 490),
('c04495083', 'lapted5p', 'A9F9DSXJG', 'Lemar Apted', '1991-09-01', 'Male', '02966 Annamark Hill', '0948239940', 'lapted5p@smh.com.au', '2021-06-03 13:58:00', 910),
('c04555601', 'sbattisond5', 'uoReMTU', 'Stafani Battison', '1985-05-18', 'Female', '2 Kensington Point', '0705877363', 'sbattisond5@ovh.net', '2021-05-17 22:36:00', 100),
('c04671839', 'bbudgengi', 'xx82wxbX', 'Boycie Budgen', '1955-01-13', 'Male', '55 Russell Trail', '0856380202', 'bbudgengi@so-net.ne.jp', '2021-09-18 03:58:00', 340),
('c04735360', 'rmckewn7', 'JWikV67R1Keu', 'Roanne McKew', '1979-10-17', 'Female', '2468 Ridgeview Trail', '0504421358', 'rmckewn7@squarespace.com', '2021-06-09 17:14:00', 880),
('c04795846', 'miskow2w', 'bvV16oMFiiqI', 'Mady Iskow', '2018-07-04', 'Female', '771 Grover Junction', '0550987081', 'miskow2w@last.fm', '2022-08-26 22:04:00', 590),
('c04805537', 'fdevonshirei4', '3BGArldCGNV', 'Frederik Devonshire', '1970-08-11', 'Male', '408 Crescent Oaks Lane', '0712798235', 'fdevonshirei4@theatlantic.com', '2021-09-18 07:37:00', 40),
('c04844101', 'rfrangione4s', 'cecvYpPNzc', 'Reilly Frangione', '1994-03-30', 'Male', '9008 Carpenter Hill', '0474868304', 'rfrangione4s@jimdo.com', '2021-08-25 20:59:00', 590),
('c04872559', 'jpeidrohl', 'hAJnvcol2x', 'Josepha Peidro', '1943-10-04', 'Female', '36 Debs Avenue', '0961862318', 'jpeidrohl@slate.com', '2021-12-23 15:17:00', 730),
('c05072599', 'ncroneenx', '2rr1CZn', 'Ninnette Croneen', '1940-11-01', 'Female', '4 Sutteridge Crossing', '0701381816', 'ncroneenx@nhs.uk', '2022-08-15 23:21:00', 670),
('c05182282', 'hchaulkil', 'bvLBcGdp', 'Hobey Chaulk', '1935-05-02', 'Male', '74 Fisk Alley', '0365162268', 'hchaulkil@typepad.com', '2020-12-22 13:52:00', 850),
('c05313892', 'prooms1h', 'bi5aRgQv', 'Pace Rooms', '1924-12-11', 'Other', '5148 Steensland Parkway', '0817209221', 'prooms1h@google.com.hk', '2022-10-16 18:29:00', 680),
('c05329611', 'rjonkn0', 'aEcOWq', 'Rene Jonk', '1962-07-02', 'Male', '32 International Alley', '0932947831', 'rjonkn0@go.com', '2021-08-03 09:31:00', 660),
('c05492178', 'dretallackfu', 's4q7uoX0QXjD', 'Darelle Retallack', '1934-06-28', 'Female', '60 Heath Terrace', '0335280332', 'dretallackfu@blog.com', '2021-11-27 03:42:00', 790),
('c05496704', 'rcasbonge', 'k1hiHhY', 'Rudie Casbon', '1991-04-14', 'Male', '76 3rd Street', '0616381621', 'rcasbonge@bloomberg.com', '2022-10-03 16:30:00', 490),
('c05596182', 'fgeyton4a', 'vUYXMncLs35B', 'Fifi Geyton', '1971-12-12', 'Female', '87354 Mitchell Terrace', '0586027521', 'fgeyton4a@ucsd.edu', '2022-05-08 00:59:00', 280),
('c05780122', 'cfarrantfk', 'bMn6fx9', 'Casper Farrant', '1938-01-30', 'Other', '4689 Roxbury Park', '0565986296', 'cfarrantfk@uiuc.edu', '2022-09-24 09:56:00', 450),
('c05787160', 'tlinfoot13', 'nRbyb6rYFks', 'Tynan Linfoot', '1904-07-04', 'Male', '4076 Grasskamp Court', '0863797656', 'tlinfoot13@guardian.co.uk', '2021-09-27 18:03:00', 570),
('c05870671', 'amoffettog', 'CZDZyh5', 'Artemus Moffett', '2020-05-17', 'Male', '1199 Veith Drive', '0998654064', 'amoffettog@hao123.com', '2021-01-26 04:55:00', 550),
('c05891566', 'rwolteringl0', 'wcMj5hQnV8Z', 'Richmound Woltering', '1942-11-07', 'Male', '18 Buena Vista Point', '0389418906', 'rwolteringl0@360.cn', '2022-11-19 05:27:00', 820),
('c05978625', 'udumphrieskf', '819piF0d', 'Udale Dumphries', '1907-09-22', 'Male', '0 International Alley', '0150453603', 'udumphrieskf@ted.com', '2022-02-15 06:13:00', 640),
('c06029303', 'jkinleyside6', '5ZHOq28jPDD', 'Jorgan Kinleyside', '1978-12-14', 'Other', '32733 Schurz Park', '0987495817', 'jkinleyside6@mapquest.com', '2020-11-24 06:04:00', 880),
('c06118416', 'clambillionp', 'rsVugZYmJ6', 'Carolyn Lambillion', '1963-04-25', 'Female', '56042 South Court', '0344976518', 'clambillionp@netlog.com', '2021-09-21 10:01:00', 650),
('c06162134', 'cpurringtoncg', '54OenmVdx4', 'Carrol Purrington', '1994-04-16', 'Male', '1120 Boyd Drive', '0275051600', 'cpurringtoncg@ibm.com', '2021-02-19 20:15:00', 80),
('c06164292', 'ogavahanqi', 'mAay3VJD', 'Oates Gavahan', '1924-10-25', 'Male', '983 Di Loreto Hill', '0183739099', 'ogavahanqi@g.co', '2021-04-19 01:34:00', 340),
('c06364559', 'deastabrookg9', '0IdgE0wUfOFN', 'Dacey Eastabrook', '1997-05-05', 'Female', '638 Stone Corner Park', '0953755738', 'deastabrookg9@xinhuanet.com', '2021-01-03 12:41:00', 590),
('c06439293', 'lmaffulligc', '4tljORLSWjSd', 'Legra Maffulli', '2007-08-23', 'Female', '5 Helena Center', '0618095327', 'lmaffulligc@tinyurl.com', '2020-12-29 21:11:00', 360),
('c06811301', 'tjakubowiczpy', 'wNojM03d', 'Towney Jakubowicz', '2002-05-02', 'Male', '8 Forest Dale Avenue', '0392765233', 'tjakubowiczpy@businessinsider.com', '2021-10-06 12:00:00', 700),
('c07119428', 'umattaus7e', '86ECae', 'Ursa Mattaus', '1954-08-03', 'Female', '5695 Armistice Center', '0381345866', 'umattaus7e@cnet.com', '2022-05-15 06:24:00', 850),
('c07182067', 'dreejf', '0vFBsVFo', 'Darin Ree', '1960-06-15', 'Male', '0 Sloan Avenue', '0118433446', 'dreejf@columbia.edu', '2021-08-27 18:55:00', 110),
('c07257475', 'sleppo8l', 'er47tTe', 'Stirling Leppo', '2003-04-30', 'Male', '999 Hanson Alley', '0758405961', 'sleppo8l@springer.com', '2022-07-25 00:38:00', 660),
('c07258575', 'jwatsonbrown2f', 'ExPkeieDm', 'Jerrine Watson-Brown', '1953-05-26', 'Female', '5 Helena Park', '0847166843', 'jwatsonbrown2f@abc.net.au', '2021-02-09 01:51:00', 450),
('c07342012', 'dannandalebv', 'FFQXjB', 'Dylan Annandale', '1995-09-08', 'Male', '69730 Emmet Parkway', '0986134273', 'dannandalebv@arizona.edu', '2021-02-21 01:31:00', 390),
('c07410794', 'wclaypoolji', 'cAtjNfRmLw', 'Wini Claypool', '2019-11-29', 'Female', '9 Manley Pass', '0468079422', 'wclaypoolji@sbwire.com', '2021-11-28 12:40:00', 990),
('c07416644', 'jseamarkgf', 'z4KAI7hJ', 'Julio Seamark', '1947-03-26', 'Male', '20 Park Meadow Circle', '0423158846', 'jseamarkgf@yolasite.com', '2021-10-22 22:28:00', 510),
('c07485711', 'ledwickedx', 'JCzi5E3p5', 'Laurette Edwicke', '2020-03-06', 'Female', '910 Fairfield Terrace', '0407323787', 'ledwickedx@macromedia.com', '2021-12-31 00:23:00', 670),
('c07717192', 'dfatkinb0', 'Vvapfp', 'Dominga Fatkin', '1909-02-06', 'Female', '69 Holy Cross Park', '0309455995', 'dfatkinb0@google.es', '2021-12-24 18:04:00', 990),
('c07766033', 'lsibbedn', 'B9eBWq256BFo', 'Lonee Sibbe', '2000-03-15', 'Female', '3 Dixon Pass', '0758406472', 'lsibbedn@about.me', '2021-05-28 04:34:00', 660),
('c07799849', 'jtebbetu', '63zAlQCVY', 'Jeffie Tebbet', '1960-05-15', 'Male', '58 Linden Terrace', '0805025470', 'jtebbetu@canalblog.com', '2022-05-15 18:07:00', 870),
('c07808997', 'rheninghamhu', 'NExhZXXSSKu', 'Reed Heningham', '1925-04-04', 'Male', '028 Oneill Street', '0230159687', 'rheninghamhu@usgs.gov', '2021-03-18 01:07:00', 210),
('c08048694', 'gregelousov', 'zindW8HK0z6', 'Gelya Regelous', '1961-04-16', 'Female', '80 Corscot Drive', '0376876449', 'gregelousov@cam.ac.uk', '2021-04-10 20:50:00', 520),
('c08073222', 'treimer39', 'iJiRYrdLdo9a', 'Teirtza Reimer', '1964-05-22', 'Other', '5 Dayton Hill', '0537829466', 'treimer39@harvard.edu', '2021-12-20 19:23:00', 720),
('c08127045', 'cwinsiowieckik5', 'QR7a15n64Er', 'Caspar Winsiowiecki', '1911-07-11', 'Other', '02383 Cherokee Drive', '0888102865', 'cwinsiowieckik5@shutterfly.com', '2022-09-20 05:04:00', 910),
('c08239275', 'cduchasteau4l', 'NHSJf0', 'Cy Duchasteau', '1972-05-26', 'Male', '0400 Prairieview Terrace', '0735281545', 'cduchasteau4l@cocolog-nifty.com', '2022-02-06 10:04:00', 480),
('c08250213', 'glaughren2n', '4jWyn3Al', 'Gustavo Laughren', '1949-10-21', 'Male', '594 Moland Drive', '0518133120', 'glaughren2n@hhs.gov', '2022-10-24 10:15:00', 880),
('c08308964', 'qcollymore81', '2VGjUdk', 'Quinton Collymore', '1958-03-07', 'Male', '1299 Utah Park', '0810185728', 'qcollymore81@histats.com', '2020-12-06 22:55:00', 10),
('c08352270', 'kcocozzad0', 'w34oian', 'Kennett Cocozza', '1957-12-27', 'Male', '47 Center Circle', '0122633024', 'kcocozzad0@guardian.co.uk', '2021-08-04 07:39:00', 310),
('c08430100', 'dhellyerlh', 'jtGUdrbitEG', 'Dav Hellyer', '1960-11-21', 'Other', '0 Toban Lane', '0434457289', 'dhellyerlh@biblegateway.com', '2021-03-20 16:02:00', 470),
('c08438467', 'edomanekll', '0uhozUdZ4zF', 'Elvira Domanek', '1953-09-11', 'Female', '341 Golf Course Point', '0764663385', 'edomanekll@fotki.com', '2022-09-13 23:29:00', 90),
('c08476938', 'ckaradzasag', '89tIQGX', 'Chaunce Karadzas', '1967-03-20', 'Other', '24 Moulton Plaza', '0695475743', 'ckaradzasag@ow.ly', '2021-10-22 03:58:00', 670),
('c08480628', 'badamskyh0', 'z2y6tfR', 'Boot Adamsky', '1925-12-01', 'Male', '0 Washington Trail', '0651218646', 'badamskyh0@linkedin.com', '2021-06-24 03:52:00', 310),
('c08715107', 'jniccollse1', 'HtybVDKu', 'Jessy Niccolls', '2013-11-20', 'Female', '7923 Mayfield Lane', '0573265261', 'jniccollse1@yellowbook.com', '2021-01-08 10:41:00', 760),
('c08715261', 'gfullilovepr', 'SdeDdaE3ZyXe', 'Gustav Fullilove', '1959-07-22', 'Male', '67 Bunker Hill Way', '0888749569', 'gfullilovepr@storify.com', '2022-10-31 14:59:00', 840),
('c08723433', 'dharbisher7y', 'bofOxH', 'Dayle Harbisher', '2020-12-21', 'Female', '5 Lien Place', '0673526722', 'dharbisher7y@who.int', '2022-03-07 21:55:00', 30),
('c08885817', 'mkoles6i', 'rmqZKl', 'Marena Koles', '1941-04-20', 'Female', '85 Evergreen Lane', '0600502580', 'mkoles6i@nydailynews.com', '2021-05-07 00:52:00', 950),
('c09115941', 'gschaumaker20', 'TzgEsZ', 'Gideon Schaumaker', '1962-07-04', 'Male', '3189 Doe Crossing Road', '0998625213', 'gschaumaker20@drupal.org', '2022-05-12 14:03:00', 810),
('c09134311', 'enuemann14', 'ctyQklwsWE', 'Elizabet Nuemann', '1946-04-16', 'Other', '1 Hudson Hill', '0822633295', 'enuemann14@webnode.com', '2021-04-23 14:39:00', 560),
('c09161679', 'rblintmd', 'qi908bF', 'Renell Blint', '1907-12-30', 'Other', '90753 Ramsey Circle', '0750625309', 'rblintmd@nhs.uk', '2021-09-20 19:32:00', 260),
('c09306130', 'jle70', 'lb4nByoV', 'Jacquelynn Le land', '1927-08-13', 'Other', '37828 Jenna Park', '0221125670', 'jle70@mozilla.org', '2021-05-10 14:16:00', 620),
('c09353188', 'dshowler8h', 'hteyc4QCjLl', 'Dylan Showler', '2016-10-25', 'Male', '4 Redwing Point', '0446705014', 'dshowler8h@lycos.com', '2021-12-17 03:18:00', 600),
('c09364926', 'rfilyaev32', 'MwoRxePNdr', 'Rinaldo Filyaev', '1975-09-30', 'Male', '4 Fair Oaks Way', '0209804882', 'rfilyaev32@microsoft.com', '2021-08-27 07:18:00', 890),
('c09407330', 'arathmellnm', '5GclRAWIEmCc', 'Aretha Rathmell', '2008-05-08', 'Female', '44461 Hermina Trail', '0868146006', 'arathmellnm@wiley.com', '2021-05-20 16:57:00', 760),
('c09413609', 'rdowneo0', 'KcHYi8CRFwl1', 'Rogerio Downe', '2009-08-25', 'Male', '7 Continental Place', '0713400673', 'rdowneo0@about.me', '2022-10-14 04:49:00', 280),
('c09441870', 'rlangtreeg5', 'SeSLijLZU2', 'Roxanne Langtree', '2000-12-29', 'Other', '2 Lien Way', '0511360793', 'rlangtreeg5@booking.com', '2021-07-01 23:42:00', 510),
('c09456813', 'rbrunel4x', 'Zjz1qv2PZId2', 'Raimund Brunel', '1981-05-30', 'Male', '79891 Sage Crossing', '0838607218', 'rbrunel4x@cloudflare.com', '2021-10-14 08:38:00', 240),
('c09642741', 'thazlewood93', 'WLH7d8d2pf', 'Theodor Hazlewood', '1953-05-11', 'Male', '5774 Corscot Lane', '0948927170', 'thazlewood93@elegantthemes.com', '2021-08-10 23:18:00', 620),
('c09666637', 'hsisselik', 'L878PNEzR0wZ', 'Hadria Sissel', '2018-11-07', 'Female', '04 Northport Parkway', '0916666023', 'hsisselik@phpbb.com', '2022-10-17 17:19:00', 910),
('c09845801', 'skirkebyejy', 'lgq5v0', 'Suellen Kirkebye', '1960-12-11', 'Female', '7465 Garrison Avenue', '0613193907', 'skirkebyejy@nsw.gov.au', '2021-07-28 19:19:00', 1000),
('c10006383', 'tboleynmh', 'oVlM08v6sZ', 'Tally Boleyn', '1925-10-29', 'Other', '66 8th Terrace', '0307739959', 'tboleynmh@slideshare.net', '2020-11-21 02:01:00', 760),
('c10209906', 'gkobagk', 'I9nMIsgW9lkR', 'Gustie Koba', '1954-10-28', 'Female', '63647 Hallows Parkway', '0851316416', 'gkobagk@vk.com', '2021-12-07 22:02:00', 990),
('c10229146', 'tollerton4i', 'Kir6gXAcU', 'Theodora Ollerton', '1935-06-01', 'Female', '2298 Meadow Ridge Drive', '0884747343', 'tollerton4i@pen.io', '2022-01-15 01:23:00', 140),
('c10447293', 'fgriolims', 'Lo6ep2dXiwIN', 'Farleigh Grioli', '1977-12-29', 'Male', '35 Waubesa Lane', '0560430146', 'fgriolims@fastcompany.com', '2022-05-07 07:59:00', 950),
('c10586996', 'kpryorey', 'NmiA69vk2K', 'Karalynn Pryor', '2022-09-28', 'Female', '65 Columbus Way', '0709680759', 'kpryorey@google.es', '2021-03-08 12:53:00', 350),
('c10611830', 'acreamer4q', 'uvNGIKa0', 'Annette Creamer', '1997-07-04', 'Other', '8 Dovetail Drive', '0216931261', 'acreamer4q@bluehost.com', '2022-06-24 09:03:00', 800),
('c10632224', 'tpetrishchevig', 'bBTRKlLc', 'Taddeusz Petrishchev', '1960-03-11', 'Male', '0 Meadow Ridge Place', '0114580625', 'tpetrishchevig@multiply.com', '2021-08-23 12:13:00', 540),
('c10697036', 'awallwoodg3', 'Gx0d79CHWE', 'Alvina Wallwood', '1918-03-13', 'Female', '127 Twin Pines Avenue', '0703162934', 'awallwoodg3@comcast.net', '2022-07-17 08:49:00', 880),
('c10854166', 'kjanjiciy', 'Uy5QRw1kt', 'Kerk Janjic', '1976-02-15', 'Male', '610 Thompson Trail', '0197740951', 'kjanjiciy@jimdo.com', '2022-08-10 13:30:00', 950),
('c10868644', 'emackie7d', 'fp47517', 'Elbert Mackie', '1940-03-30', 'Male', '04215 Judy Alley', '0485377226', 'emackie7d@sogou.com', '2022-02-07 04:52:00', 640),
('c10868681', 'mabbottskh', 'BmU6pFYAai', 'Morgana Abbotts', '1939-06-04', 'Female', '429 Dexter Drive', '0349442537', 'mabbottskh@godaddy.com', '2021-03-17 06:13:00', 90),
('c10909498', 'sprugelr', 'Lpihuzmj', 'Smith Prugel', '2009-02-10', 'Male', '624 Transport Drive', '0876927003', 'sprugelr@smugmug.com', '2022-02-04 16:47:00', 900),
('c11101239', 'cmothersdaleda', '1mJG8fdck1g', 'Charlotte Mothersdale', '1982-08-20', 'Female', '3 Leroy Crossing', '0173268151', 'cmothersdaleda@meetup.com', '2021-12-10 18:54:00', 610),
('c11251949', 'eohanleym4', 'kBQmEkwHP', 'Emmit O\'Hanley', '1912-02-13', 'Male', '7 Fordem Road', '0641331594', 'eohanleym4@ezinearticles.com', '2022-01-13 23:33:00', 610),
('c11292264', 'scurnickng', '4PkGHG', 'Sarge Curnick', '1949-02-24', 'Male', '49 Doe Crossing Parkway', '0301319411', 'scurnickng@godaddy.com', '2021-01-12 05:57:00', 440),
('c11292451', 'eplaide9j', 'SbPO3Ouvff', 'Elicia Plaide', '1960-05-19', 'Female', '78000 Stone Corner Plaza', '0101382613', 'eplaide9j@miibeian.gov.cn', '2022-01-18 22:42:00', 450),
('c11312753', 'acheesleybt', 'aAKpPYM', 'Alfonso Cheesley', '1975-04-20', 'Male', '55 Bashford Crossing', '0174455693', 'acheesleybt@cisco.com', '2021-05-18 13:59:00', 780),
('c11333268', 'btapson2d', 'ezul9wUVVL', 'Bron Tapson', '2007-10-11', 'Male', '6493 Bultman Point', '0617527811', 'btapson2d@economist.com', '2022-06-15 23:46:00', 10),
('c11642890', 'callchorncb', 'p3AQaaGBHwHM', 'Chaunce Allchorn', '1962-01-16', 'Male', '8584 Express Crossing', '0174479598', 'callchorncb@feedburner.com', '2022-03-26 07:58:00', 810),
('c11814826', 'cmcalinejc', 'uitSAEBLv9c', 'Crissie McAline', '2006-10-27', 'Female', '547 Nancy Plaza', '0116302328', 'cmcalinejc@digg.com', '2021-04-23 13:23:00', 310),
('c11886790', 'rsherbournep1', 'cI8rdf', 'Rafaello Sherbourne', '1982-01-24', 'Male', '5256 Cardinal Place', '0624561719', 'rsherbournep1@nymag.com', '2021-08-20 03:04:00', 330),
('c12046746', 'ishinton5c', 'kxMgsPx', 'Izzy Shinton', '1992-07-16', 'Male', '5129 Crownhardt Pass', '0612103009', 'ishinton5c@artisteer.com', '2021-06-16 08:45:00', 530),
('c12194893', 'bgalleme', 'g7KIMpx5Z', 'Beverley Galle', '2004-11-08', 'Female', '484 Upham Court', '0489492411', 'bgalleme@multiply.com', '2022-03-29 20:17:00', 20),
('c12200738', 'gfinlaisonpt', '16tSj7xXfM2', 'Gradeigh Finlaison', '1975-04-24', 'Other', '38 Oak Road', '0963901100', 'gfinlaisonpt@msn.com', '2022-04-27 08:37:00', 240),
('c12267829', 'lstarrsie', 'g8A64cjeZmd', 'Lilith Starrs', '1934-07-29', 'Female', '58052 Rockefeller Hill', '0829535651', 'lstarrsie@berkeley.edu', '2021-07-03 06:34:00', 180),
('c12310035', 'ccattb2', 'VDddyqEAc1', 'Curry Catt', '1906-11-23', 'Male', '952 Alpine Junction', '0451708275', 'ccattb2@oaic.gov.au', '2021-06-20 17:40:00', 150),
('c12345678', 'kbrownsworth0', 'mmQ3Ube2C', 'Katleen Brownsworth', '1963-03-21', 'Female', '2507 Debra Circle', '0904392596', 'kbrownsworth0@sciencedaily.com', '2022-08-06 02:20:00', 20360),
('c12472859', 'pouchterlonyqb', 'AbHS6h4B', 'Paola Ouchterlony', '1969-05-12', 'Female', '57 Colorado Place', '0443285570', 'pouchterlonyqb@apple.com', '2022-07-24 09:19:00', 550),
('c12734837', 'aspears5x', 'XqBoBlsz58', 'Arlen Spears', '2021-03-08', 'Male', '41 Golf Course Road', '0683556158', 'aspears5x@edublogs.org', '2022-05-05 08:07:00', 510),
('c12797006', 'galaboneh', 'V6qDs6', 'Gipsy Alabone', '1978-11-03', 'Female', '2 Ridgeway Street', '0166914890', 'galaboneh@gravatar.com', '2021-07-18 14:21:00', 630),
('c12797532', 'bmorelandrn', 'MOu9zU', 'Baillie Moreland', '2008-04-12', 'Male', '5276 High Crossing Terrace', '0775949892', 'bmorelandrn@wp.com', '2021-03-09 07:01:00', 230),
('c12924019', 'twasbeyep', 'la3U43m', 'Teodoor Wasbey', '1912-10-27', 'Male', '4 Prairieview Place', '0292044419', 'twasbeyep@sitemeter.com', '2021-05-15 06:14:00', 230),
('c12977611', 'adevannyej', 'ZMLsCmpTu9', 'Averell Devanny', '1915-04-23', 'Male', '32 Rockefeller Center', '0606742308', 'adevannyej@paginegialle.it', '2022-04-12 17:34:00', 30),
('c13079059', 'smuglestonc4', '1mlkDSBKi', 'Sylvester Mugleston', '1968-01-27', 'Male', '14101 Tennessee Place', '0622532305', 'smuglestonc4@people.com.cn', '2021-02-14 15:55:00', 380),
('c13220804', 'wridoutd7', '62RKFAhpTme', 'Wylie Ridout', '1968-11-15', 'Male', '8796 Sunnyside Hill', '0163849600', 'wridoutd7@home.pl', '2022-07-30 02:18:00', 950),
('c13429990', 'sdeenyeo', 'lEEtY6cm3', 'Shellysheldon Deeny', '1951-10-06', 'Male', '81 Pankratz Pass', '0890094639', 'sdeenyeo@bbb.org', '2022-06-05 14:50:00', 930),
('c13676360', 'cziemeckilc', 'IO4l02BLB', 'Calv Ziemecki', '1969-03-15', 'Male', '04 Thackeray Drive', '0861284985', 'cziemeckilc@noaa.gov', '2022-03-01 09:43:00', 560),
('c13722633', 'amuzzullofx', 'pOUkOz0', 'Art Muzzullo', '1937-09-09', 'Male', '822 Tennessee Street', '0124013965', 'amuzzullofx@google.es', '2022-07-22 20:15:00', 290),
('c14060337', 'nvallintine1f', 'AZmL7th7x0O', 'Nerissa Vallintine', '1966-08-14', 'Female', '5030 Arkansas Park', '0559271134', 'nvallintine1f@xrea.com', '2021-01-16 19:11:00', 160),
('c14162210', 'tskepm', 'WsKunwTww', 'Tybalt Skep', '1987-04-30', 'Male', '7 Forest Run Plaza', '0943363185', 'tskepm@psu.edu', '2022-07-29 19:51:00', 1000),
('c14173019', 'cpetersenqp', 'QADpgvQi3yo', 'Cornall Petersen', '1926-08-23', 'Other', '95190 Monument Pass', '0890248920', 'cpetersenqp@europa.eu', '2020-12-20 18:31:00', 120),
('c14188630', 'ledgellhz', 'bJMLzN', 'Lock Edgell', '1913-11-30', 'Male', '8814 Summerview Pass', '0475367261', 'ledgellhz@gov.uk', '2020-11-24 15:43:00', 480),
('c14300384', 'bwycliffeg', 'sfG2M61NkAAn', 'Broddie Wycliff', '1906-10-27', 'Male', '4 Knutson Road', '0182745302', 'bwycliffeg@livejournal.com', '2022-11-08 21:32:00', 100),
('c14433818', 'bcock4t', '1grWRi', 'Borden Cock', '1953-03-14', 'Other', '343 Red Cloud Crossing', '0519596244', 'bcock4t@sitemeter.com', '2022-06-08 15:55:00', 500),
('c14564127', 'knewitt78', 'C61KIzls2gnq', 'Kristyn Newitt', '1909-04-26', 'Female', '40 Old Gate Center', '0435314380', 'knewitt78@mtv.com', '2021-08-19 13:23:00', 940),
('c14577897', 'lkilsbyn', 'xyuzgLJcXBAp', 'Lanna Kilsby', '1996-12-09', 'Female', '1 Carioca Crossing', '0524864048', 'lkilsbyn@twitter.com', '2022-01-04 02:19:00', 100),
('c14692607', 'awadleyic', 'aaxWdugkas', 'Adah Wadley', '1987-04-17', 'Female', '1196 Marcy Hill', '0721290098', 'awadleyic@census.gov', '2021-10-18 19:38:00', 640),
('c14744032', 'cpocockq7', '1jkAUnHZKFo', 'Cooper Pocock', '2008-01-03', 'Male', '8 Kennedy Street', '0603984447', 'cpocockq7@marketwatch.com', '2022-05-07 01:26:00', 340),
('c14915210', 'lsammejm', 'G5WhIjjxpWkJ', 'Leticia Samme', '1904-10-15', 'Female', '748 Anzinger Park', '0127506879', 'lsammejm@cbslocal.com', '2022-02-08 09:07:00', 260),
('c15042185', 'oduguidm3', 'MGb02wH', 'Oralia Duguid', '2021-02-22', 'Female', '0 Victoria Terrace', '0518639304', 'oduguidm3@posterous.com', '2022-07-08 23:15:00', 630),
('c15048377', 'oshearerdk', 'y7x1daKk', 'Ole Shearer', '1912-10-27', 'Male', '68 Hanson Crossing', '0819475191', 'oshearerdk@1688.com', '2021-11-07 11:18:00', 70),
('c15220733', 'gborrowmanh6', 'TqNENxi', 'Gayel Borrowman', '1906-07-31', 'Female', '29960 Northview Crossing', '0646437469', 'gborrowmanh6@comcast.net', '2021-02-23 21:40:00', 580),
('c15257419', 'gbourgeois3s', 'QoMw9UANpMeC', 'Garwood Bourgeois', '2005-09-25', 'Male', '43 Heath Place', '0558101133', 'gbourgeois3s@tripod.com', '2022-06-17 06:41:00', 210),
('c15328511', 'aodonohue3p', 'QtXcxtp', 'Anet O\'Donohue', '1900-12-10', 'Female', '2 New Castle Terrace', '0261492945', 'aodonohue3p@networksolutions.com', '2022-03-04 07:58:00', 380),
('c15381797', 'vdumbrilllr', '2fDuadl', 'Vachel Dumbrill', '1965-04-18', 'Male', '2 Pawling Avenue', '0162777450', 'vdumbrilllr@yahoo.com', '2022-09-10 11:49:00', 350),
('c15649093', 'kdawbury1z', 'XG9AzXMu', 'Kettie Dawbury', '1968-05-22', 'Female', '4500 Elka Point', '0915888141', 'kdawbury1z@cnn.com', '2022-06-05 21:12:00', 20),
('c15656949', 'agethingoh', 'U3vA4Y', 'Arv Gething', '1991-02-04', 'Male', '3010 Rieder Plaza', '0532726515', 'agethingoh@blog.com', '2022-01-26 02:28:00', 870),
('c15672823', 'hcrips79', 'gnQNLXa63EL', 'Hayes Crips', '1945-03-20', 'Male', '1 Columbus Crossing', '0419903565', 'hcrips79@theglobeandmail.com', '2021-08-11 09:54:00', 610),
('c16214798', 'cferraoki', 'CV4Q0XznyUE', 'Carmon Ferrao', '1924-07-24', 'Female', '642 Gulseth Road', '0929286353', 'cferraoki@acquirethisname.com', '2021-02-08 03:34:00', 810),
('c16274362', 'jmuffhb', 'kGuoMgzXDkuN', 'Johnna Muff', '1932-09-01', 'Female', '797 6th Avenue', '0245828385', 'jmuffhb@elegantthemes.com', '2021-10-11 00:59:00', 250),
('c16562252', 'rmackeaguens', 'qpIQsw4q', 'Rosalia MacKeague', '1927-03-14', 'Female', '801 Coolidge Center', '0406597310', 'rmackeaguens@comsenz.com', '2021-11-16 20:20:00', 660),
('c16588770', 'dmccobb9p', 'a3BFWf', 'Domenic McCobb', '1979-06-22', 'Male', '99045 Susan Lane', '0732540935', 'dmccobb9p@google.com.br', '2021-05-09 10:58:00', 580),
('c16632641', 'lchstney4m', 'YHLphQeufej', 'Lazarus Chstney', '2012-02-16', 'Male', '05080 Norway Maple Court', '0657778045', 'lchstney4m@wix.com', '2021-10-29 04:40:00', 550),
('c16632645', 'sothenjd', 'lEI2LFMLf', 'Stanley Othen', '1930-04-26', 'Male', '82 Northview Place', '0231671961', 'sothenjd@163.com', '2021-09-14 13:45:00', 110),
('c16634745', 'ipearsallii', 'YFXe4fTG77L', 'Imelda Pearsall', '1985-06-15', 'Female', '9 Warner Point', '0816616976', 'ipearsallii@instagram.com', '2021-01-11 08:33:00', 240),
('c16644028', 'aeckev', '4AA3q6', 'Andras Eck', '1966-12-03', 'Male', '449 Pepper Wood Drive', '0795375170', 'aeckev@slashdot.org', '2022-10-10 12:52:00', 420),
('c16773685', 'abenyan1o', 'yc5PxQI7y', 'Allianora Benyan', '2018-02-07', 'Female', '981 Norway Maple Lane', '0593592030', 'abenyan1o@cnet.com', '2022-09-12 22:35:00', 390),
('c16963683', 'kchalicel9', '8dIRCatkjy', 'Keeley Chalice', '1999-11-06', 'Female', '127 Linden Hill', '0730150342', 'kchalicel9@w3.org', '2021-09-20 12:03:00', 620),
('c17058426', 'nkillcross1j', 'bBrjxO5', 'Nonie Killcross', '1991-05-09', 'Female', '822 La Follette Drive', '0875817599', 'nkillcross1j@feedburner.com', '2022-07-10 16:26:00', 250),
('c17059619', 'mmordepb', 'B13CTI', 'Miguelita Morde', '1913-04-30', 'Other', '499 Arizona Way', '0365412980', 'mmordepb@ovh.net', '2021-12-21 22:45:00', 580),
('c17208995', 'acuree8', 'qHuyx02', 'Adan Cure', '1960-12-26', 'Female', '06520 Brickson Park Park', '0387234640', 'acuree8@canalblog.com', '2020-12-18 03:02:00', 170),
('c17396184', 'bspringellgy', 'qiX08WBpS', 'Brendan Springell', '1973-12-01', 'Male', '214 Briar Crest Pass', '0983733693', 'bspringellgy@yahoo.co.jp', '2021-05-29 19:07:00', 90),
('c17446291', 'ggaytono1', 'Sn2653wAhg', 'Golda Gayton', '1952-05-25', 'Female', '5 Florence Hill', '0859355026', 'ggaytono1@skype.com', '2021-12-02 09:49:00', 520),
('c17477707', 'adallisonpn', 'RH2hZdG', 'Aleta Dallison', '1938-07-30', 'Female', '255 Sugar Terrace', '0166390440', 'adallisonpn@oakley.com', '2022-05-29 19:36:00', 480),
('c17801062', 'htreppas44', '0mRVpis3', 'Helaina Treppas', '1952-03-14', 'Female', '8284 Gina Trail', '0283455616', 'htreppas44@oracle.com', '2021-05-22 07:34:00', 960),
('c18129635', 'bmcgrowther6u', 'RjOIoykOF', 'Berkie McGrowther', '1987-12-15', 'Male', '3526 Stone Corner Terrace', '0796549736', 'bmcgrowther6u@house.gov', '2020-12-17 16:01:00', 830),
('c18141832', 'sfarranceja', 'xyNh9BceK', 'Salomi Farrance', '1953-02-21', 'Female', '308 Park Meadow Plaza', '0402650010', 'sfarranceja@tiny.cc', '2021-08-02 23:39:00', 420),
('c18284488', 'agiannoni2l', 'hq7uMcAM', 'Adolpho Giannoni', '1974-10-03', 'Male', '74360 Everett Trail', '0681175890', 'agiannoni2l@artisteer.com', '2021-09-10 22:00:00', 390),
('c18601345', 'tbauchop7t', 'bR6ewo4x6yqu', 'Tobye Bauchop', '1962-03-02', 'Female', '89 Truax Place', '0854578233', 'tbauchop7t@state.gov', '2021-05-18 22:38:00', 790),
('c18688220', 'pbailesa3', 'JdmOn83I', 'Patrice Bailes', '1995-09-28', 'Male', '3000 Toban Point', '0359757718', 'pbailesa3@instagram.com', '2021-10-21 00:41:00', 620),
('c18732774', 'vrobet8q', 'SiIbxI', 'Vinnie Robet', '1953-04-11', 'Male', '645 Chinook Circle', '0828671952', 'vrobet8q@friendfeed.com', '2021-08-23 04:50:00', 530),
('c18930498', 'bchecklingw', 'NRkxiG0DP', 'Braden Checklin', '1990-05-12', 'Male', '455 Fairfield Terrace', '0227483198', 'bchecklingw@flavors.me', '2021-07-10 11:36:00', 720),
('c18977614', 'mfould51', 'qtXxim', 'Martie Fould', '1992-04-10', 'Female', '621 Mayfield Crossing', '0881669394', 'mfould51@pagesperso-orange.fr', '2022-09-21 01:14:00', 900),
('c19127152', 'moskehanib', 'umXhNMZ7n', 'Mohammed O\'Skehan', '1936-08-14', 'Male', '9 Old Gate Point', '0267447600', 'moskehanib@cafepress.com', '2021-05-31 09:34:00', 180),
('c19153495', 'vwestcarr7a', 'GHT6oqTUbw', 'Von Westcarr', '1968-04-30', 'Male', '4606 Independence Crossing', '0579380628', 'vwestcarr7a@flickr.com', '2022-02-08 15:22:00', 60),
('c19187951', 'mbalnavelw', 'bt0KqFn4GK', 'Melania Balnave', '1991-10-20', 'Female', '27 Petterle Parkway', '0840185194', 'mbalnavelw@alibaba.com', '2022-07-23 20:15:00', 680),
('c19269756', 'rmaciejakbu', 'AFRq9rXXNlme', 'Rafaelita Maciejak', '1959-06-02', 'Female', '428 Knutson Circle', '0141012349', 'rmaciejakbu@nba.com', '2021-10-19 07:27:00', 10),
('c19282568', 'ksuggeybl', 'nI8wQA9', 'Kattie Suggey', '1938-06-30', 'Other', '8310 Prairie Rose Court', '0970765387', 'ksuggeybl@nbcnews.com', '2021-10-11 23:21:00', 630),
('c19459125', 'oagostini1l', 'CnPC5B8TziCf', 'Odetta Agostini', '1952-11-07', 'Female', '17585 Gerald Junction', '0957279823', 'oagostini1l@nih.gov', '2021-12-25 17:26:00', 710),
('c19461648', 'tvanyakinmb', 'T4PBIPB', 'Tabbie Vanyakin', '2014-05-26', 'Female', '30219 Brown Lane', '0884647207', 'tvanyakinmb@mashable.com', '2022-07-02 16:48:00', 390),
('c19591991', 'gebbleshs', '1BIlJu5VjV', 'Gerome Ebbles', '1996-05-17', 'Male', '7355 Stone Corner Center', '0863825872', 'gebbleshs@cmu.edu', '2022-04-09 22:27:00', 820),
('c19601423', 'zlamborn77', 'HeuQJY', 'Zita Lamborn', '1963-05-25', 'Female', '2 Village Court', '0695098496', 'zlamborn77@psu.edu', '2022-03-13 18:44:00', 540),
('c19636279', 'ykingshott35', 'L8giMrvN', 'Yoshiko Kingshott', '1964-02-19', 'Female', '80678 Huxley Drive', '0485819658', 'ykingshott35@shutterfly.com', '2021-12-26 08:13:00', 610),
('c19688024', 'ktethacotcf', 'nU0M7jRo9Yvg', 'Kermy Tethacot', '1905-10-17', 'Male', '2767 Crowley Pass', '0978076956', 'ktethacotcf@cyberchimps.com', '2022-08-17 12:24:00', 430),
('c19768881', 'jcondy50', 'PYAVlQzwki', 'Janis Condy', '1942-07-30', 'Female', '73 Lyons Center', '0171345300', 'jcondy50@sourceforge.net', '2021-05-05 13:17:00', 640),
('c19852375', 'ngermoncc', 'NJnQZHqCFc', 'Neill Germon', '1998-05-07', 'Male', '7788 Esker Street', '0604197442', 'ngermoncc@washington.edu', '2022-01-30 12:43:00', 990),
('c20213133', 'celion94', 'SHdyggWEHY', 'Conant Elion', '2003-01-21', 'Other', '24995 Talmadge Plaza', '0839146692', 'celion94@google.it', '2022-02-08 22:19:00', 220),
('c20291561', 'epellamonutenr5', 'AkpRUFAIvz0', 'Emmerich Pellamonuten', '2019-11-11', 'Male', '477 Thompson Plaza', '0767795791', 'epellamonutenr5@cdbaby.com', '2021-04-02 10:03:00', 430),
('c20311897', 'adono3n', '1iAxsaOJDX0s', 'Anna-maria Dono', '1947-03-11', 'Female', '3591 Banding Junction', '0249850099', 'adono3n@1688.com', '2021-10-21 10:41:00', 960),
('c20337411', 'sfriedenbachc2', 'sp2zntaRD', 'Skippie Friedenbach', '1912-02-11', 'Male', '443 Eastlawn Pass', '0316138768', 'sfriedenbachc2@smugmug.com', '2022-09-02 20:02:00', 590),
('c20716753', 'lodennehy7w', 'ltBHVGenHE9', 'Luci O\'Dennehy', '1904-07-04', 'Female', '04921 Di Loreto Street', '0621844075', 'lodennehy7w@issuu.com', '2021-11-03 08:39:00', 630),
('c20750854', 'gdigwoodnu', 'MJXGi7Chb', 'Gottfried Digwood', '1990-10-21', 'Male', '2 Tony Hill', '0487087185', 'gdigwoodnu@sogou.com', '2021-05-03 11:20:00', 770),
('c20787132', 'ofoldkb', 'eg8HTsZB', 'Omar Fold', '1976-07-31', 'Male', '1 Annamark Alley', '0368104271', 'ofoldkb@bloglovin.com', '2022-09-08 18:11:00', 180),
('c20811028', 'relcocksw', '26I243', 'Ryun Elcocks', '1954-06-22', 'Male', '38906 Kingsford Hill', '0273428387', 'relcocksw@telegraph.co.uk', '2021-10-17 23:59:00', 10),
('c20973639', 'carmit9t', 'so0d6H5UT', 'Cary Armit', '1998-09-14', 'Female', '8 Kensington Way', '0940763739', 'carmit9t@dmoz.org', '2022-07-30 16:27:00', 660),
('c21285919', 'groughte6', 'HaUVU1Pnkw', 'Gweneth Rought', '1917-02-02', 'Female', '67691 Drewry Avenue', '0825736026', 'groughte6@bing.com', '2022-04-19 23:22:00', 460),
('c21292363', 'atreanorby', 'HIxyXDdLJNn', 'Aili Treanor', '1903-07-30', 'Female', '1 North Court', '0218787635', 'atreanorby@bing.com', '2022-11-13 21:12:00', 890),
('c21354550', 'ygidden3v', 'rtEB3oi0q', 'Yvor Gidden', '1967-04-07', 'Male', '745 Jana Center', '0141539029', 'ygidden3v@businesswire.com', '2022-03-14 02:51:00', 890),
('c21384708', 'ldeavillez', 'wu6PbAXtl7J', 'Lane Deaville', '1960-12-23', 'Male', '648 Di Loreto Lane', '0251736235', 'ldeavillez@tiny.cc', '2022-03-30 11:17:00', 970),
('c21441930', 'hbalderstonnd', 'j9cRlMI', 'Herc Balderston', '1903-07-02', 'Other', '7534 Nobel Way', '0854548990', 'hbalderstonnd@hp.com', '2021-01-08 02:31:00', 320),
('c21606844', 'ckmentlt', 'UU1MDk9G', 'Charil Kment', '1986-04-24', 'Other', '5 Buhler Place', '0770234171', 'ckmentlt@csmonitor.com', '2022-05-14 16:50:00', 600),
('c21787216', 'cabbiepo', '6NllMnVEiko', 'Cody Abbie', '1965-08-21', 'Female', '7730 Manley Park', '0694816869', 'cabbiepo@alexa.com', '2022-09-24 16:55:00', 510),
('c21932365', 'lphilipson8k', 'xmllU3ZtB', 'Lock Philipson', '1993-08-14', 'Male', '24 Autumn Leaf Plaza', '0867329746', 'lphilipson8k@vistaprint.com', '2022-02-14 19:39:00', 220),
('c21996316', 'rgethousep5', 'Fl1o2rF', 'Rriocard Gethouse', '1952-03-10', 'Male', '1401 Claremont Road', '0400221774', 'rgethousep5@hexun.com', '2022-02-04 06:06:00', 860),
('c22021290', 'rbaudoupl', 'ekzymygWK7U4', 'Reese Baudou', '1941-11-29', 'Male', '099 Division Point', '0872341672', 'rbaudoupl@imgur.com', '2020-12-07 10:34:00', 550),
('c22050473', 'rgodfraycp', 'icZJ0bJv', 'Rahal Godfray', '1952-02-09', 'Female', '5367 Nancy Park', '0429660569', 'rgodfraycp@cpanel.net', '2022-09-26 18:13:00', 330),
('c22055904', 'anobbsan', 'O6g8N6', 'Arleyne Nobbs', '1931-03-06', 'Other', '78 Becker Road', '0572286547', 'anobbsan@nasa.gov', '2021-06-25 12:44:00', 600),
('c22112553', 'fthunnercliffd8', '50zbfeSnvLck', 'Ferdy Thunnercliff', '1925-06-25', 'Male', '1 Pierstorff Way', '0784219870', 'fthunnercliffd8@qq.com', '2022-05-09 06:30:00', 870),
('c22184287', 'eizacjq', 'UokUnDWh4AuX', 'Erna Izac', '2011-12-14', 'Other', '68 Little Fleur Pass', '0231636703', 'eizacjq@globo.com', '2021-04-25 07:22:00', 950),
('c22247360', 'hphifer1t', 'exlxhdpd5ZsT', 'Hall Phifer', '1970-01-12', 'Male', '45133 Alpine Terrace', '0372743030', 'hphifer1t@w3.org', '2021-05-04 18:53:00', 390),
('c22250929', 'tgarden3m', 'HCZrbe1Y', 'Trudy Garden', '1926-01-18', 'Female', '590 Cordelia Avenue', '0978769529', 'tgarden3m@storify.com', '2022-01-26 16:22:00', 160),
('c22294868', 'aapplewhitegl', 'qOY08gM4', 'Armin Applewhite', '1944-08-31', 'Male', '359 Havey Circle', '0901928785', 'aapplewhitegl@woothemes.com', '2021-09-15 00:00:00', 630),
('c22310124', 'hflahyqh', 'ssJ2avVko9M1', 'Huntington Flahy', '2002-09-26', 'Male', '548 Homewood Center', '0971932932', 'hflahyqh@oaic.gov.au', '2022-09-14 02:09:00', 910),
('c22378313', 'ctyerm1', 'WHhDnjFcy', 'Cristi Tyer', '1994-10-04', 'Female', '14100 Westridge Center', '0732436286', 'ctyerm1@sphinn.com', '2021-04-24 11:54:00', 350),
('c22511801', 'mlepickf4', 'tC3VrIU', 'Moss Lepick', '1965-07-01', 'Male', '7491 Thierer Pass', '0953485746', 'mlepickf4@adobe.com', '2021-10-30 19:00:00', 70),
('c22611025', 'emenelor', 'IyStx8vu', 'Ellette Menel', '1970-06-12', 'Female', '4 Colorado Plaza', '0707002050', 'emenelor@eventbrite.com', '2021-11-13 05:50:00', 240),
('c22635278', 'atideswelldf', 'ywjGNohdE5', 'Alexandro Tideswell', '1974-05-13', 'Male', '08 Elgar Alley', '0476319079', 'atideswelldf@weibo.com', '2021-10-12 01:02:00', 360),
('c23054143', 'ndanilevichmm', 'kHOp67HHloF', 'Nonnah Danilevich', '2019-09-09', 'Female', '817 Bowman Junction', '0421284855', 'ndanilevichmm@netlog.com', '2022-07-28 05:25:00', 530),
('c23143634', 'fmarrettl7', 'n0ATal8Bif', 'Fraser Marrett', '1948-08-08', 'Male', '88 Granby Crossing', '0508130945', 'fmarrettl7@who.int', '2021-11-22 06:34:00', 100),
('c23164055', 'hbazely88', 'dLhiRLj8XSs1', 'Heindrick Bazely', '1969-05-07', 'Male', '8552 Little Fleur Plaza', '0414636812', 'hbazely88@hugedomains.com', '2021-01-05 11:01:00', 760),
('c23169627', 'vsuffem8', 'oyRHKsNevI', 'Valdemar Suffe', '1902-10-02', 'Male', '06475 Surrey Alley', '0472633815', 'vsuffem8@youtube.com', '2021-07-05 16:43:00', 440),
('c23175401', 'atuxsellm6', 'MDWHwMz', 'Alta Tuxsell', '1938-02-13', 'Other', '3559 Porter Parkway', '0155009369', 'atuxsellm6@devhub.com', '2021-03-09 20:32:00', 930),
('c23347289', 'nrapps83', 'ns45cCgkwsM', 'Nicola Rapps', '1916-03-07', 'Male', '2415 Farragut Avenue', '0850488698', 'nrapps83@cdc.gov', '2021-10-22 02:28:00', 280),
('c23353965', 'mdanilishinba', 'n2uCnFWRDf1', 'Mellisent Danilishin', '1924-07-10', 'Female', '4534 Towne Lane', '0573296106', 'mdanilishinba@vistaprint.com', '2022-07-08 12:29:00', 870),
('c23439669', 'bbrillh8', 'ZXdinVQZlvB', 'Brita Brill', '2006-09-20', 'Other', '7049 Mcbride Place', '0738923781', 'bbrillh8@gravatar.com', '2021-08-22 14:50:00', 320),
('c23509217', 'earlet4h', 'PXqNd6rF', 'Edyth Arlet', '2018-01-16', 'Female', '970 Becker Plaza', '0266374174', 'earlet4h@sciencedaily.com', '2021-03-27 09:31:00', 1000),
('c23626836', 'dhofdd', 'KQRmByS', 'Demetrius Hof', '1987-08-14', 'Male', '27 Comanche Place', '0155974116', 'dhofdd@indiegogo.com', '2021-03-01 23:30:00', 950),
('c23648846', 'gpasheh2', 'Q0vlQGN6O', 'Goran Pashe', '2010-12-12', 'Male', '63 Parkside Road', '0506822826', 'gpasheh2@tripadvisor.com', '2022-09-27 15:37:00', 220),
('c23706910', 'dvolckerpz', 'LwQzOX5dwn2u', 'Dickie Volcker', '1987-07-25', 'Male', '61 Pearson Center', '0818426589', 'dvolckerpz@google.co.jp', '2021-10-19 23:27:00', 820),
('c23750086', 'lrevington5l', 'CWfw8aJ', 'Lyle Revington', '2000-11-21', 'Male', '0263 Morning Alley', '0567742406', 'lrevington5l@china.com.cn', '2021-03-07 00:06:00', 310),
('c23752644', 'vsearchfm', 'RC7NqXvdGn4', 'Virge Search', '1986-10-29', 'Male', '59774 Russell Plaza', '0147579294', 'vsearchfm@theatlantic.com', '2021-06-26 14:09:00', 750),
('c23779615', 'mreedelx', '3hXGtYxJM', 'Melisande Reede', '1923-10-13', 'Female', '83145 Stephen Drive', '0479806803', 'mreedelx@pagesperso-orange.fr', '2020-12-12 23:29:00', 350),
('c24012620', 'mgladdis37', '0bXFCPkX', 'Maryanna Gladdis', '1913-12-19', 'Female', '06 Sycamore Junction', '0505992355', 'mgladdis37@yellowpages.com', '2021-09-14 15:15:00', 180),
('c24083172', 'ncandeyn6', '6EkyMmroINHw', 'Norby Candey', '1916-10-07', 'Male', '6455 Lunder Place', '0154471567', 'ncandeyn6@purevolume.com', '2021-12-13 14:03:00', 290),
('c24146476', 'dcasonmz', '2pTcj6b', 'Dickie Cason', '1951-09-26', 'Male', '62 Pennsylvania Street', '0578372313', 'dcasonmz@sakura.ne.jp', '2022-02-05 18:58:00', 770),
('c24170665', 'spotzold17', '9VRj0xXhCM', 'Saleem Potzold', '1916-02-08', 'Male', '2 Loeprich Terrace', '0438552019', 'spotzold17@alexa.com', '2022-03-03 05:15:00', 530),
('c24208959', 'hwarboyeh', 'yrM75EGx', 'Hadleigh Warboy', '1948-10-07', 'Male', '6831 Ryan Plaza', '0866124476', 'hwarboyeh@tumblr.com', '2021-10-15 03:18:00', 920),
('c24294478', 'espavonj', 'OnzUmVYZDE', 'Ealasaid Spavon', '1986-05-20', 'Female', '9089 Northland Plaza', '0936112856', 'espavonj@ask.com', '2021-04-28 15:26:00', 680),
('c24454575', 'dgoldhill92', 'yktDvBF0', 'Darby Goldhill', '1969-06-01', 'Other', '288 Sherman Road', '0306322971', 'dgoldhill92@furl.net', '2021-11-13 20:27:00', 220),
('c24583607', 'alarter7o', 's79w84TqD', 'Ann-marie Larter', '2000-02-20', 'Female', '0 Chinook Terrace', '0838692977', 'alarter7o@loc.gov', '2022-10-13 11:06:00', 830),
('c24592586', 'bkeyesg4', 'NUbjHRxiqcXL', 'Bran Keyes', '1947-08-23', 'Male', '4 Oak Valley Street', '0752358252', 'bkeyesg4@nasa.gov', '2021-05-13 03:00:00', 670),
('c24614064', 'bdeb', 'aIGRfPDB', 'Boothe de Bullion', '1915-10-11', 'Male', '3444 Prentice Terrace', '0494805113', 'bdeb@chicagotribune.com', '2021-07-30 15:29:00', 880),
('c24626544', 'fmcconville7', 'bRCj4bLhawR', 'Fancy McConville', '2008-04-23', 'Female', '83 Pine View Terrace', '0709202378', 'fmcconville7@adobe.com', '2022-05-06 10:29:00', 500),
('c24672552', 'wworsnup1p', 'v8vR2YLxrT', 'Waylan Worsnup', '1965-06-28', 'Other', '25 Eagan Trail', '0851648714', 'wworsnup1p@house.gov', '2022-09-12 14:21:00', 200),
('c24811885', 'arumsbydm', 'ws0dGet4A', 'Alvira Rumsby', '2012-01-14', 'Female', '33 Nevada Pass', '0884875944', 'arumsbydm@bloglines.com', '2022-07-07 21:19:00', 720),
('c24831271', 'gblowfieldgj', 'saggbNMp3UnR', 'Gawain Blowfield', '1905-05-29', 'Other', '58242 Memorial Street', '0204833639', 'gblowfieldgj@cnn.com', '2021-04-04 07:00:00', 240),
('c24841468', 'omillthorpe9k', '2t24qAA', 'Obie Millthorpe', '1962-10-10', 'Male', '581 Reinke Hill', '0758587165', 'omillthorpe9k@istockphoto.com', '2022-06-28 07:01:00', 950),
('c25102336', 'dghiraldi41', '0xVW6NF0', 'Dreddy Ghiraldi', '2013-01-27', 'Female', '590 Arizona Avenue', '0312589958', 'dghiraldi41@bizjournals.com', '2022-02-28 03:40:00', 180),
('c25154392', 'kluttgercj', 'Uhwf0qQ', 'Kennith Luttger', '1988-11-19', 'Male', '76 Hoard Drive', '0427203334', 'kluttgercj@forbes.com', '2020-12-23 15:25:00', 240),
('c25180998', 'rdanelethd', 'ott4EK0zkM', 'Rosaleen Danelet', '1909-01-22', 'Female', '8384 Monterey Pass', '0668915841', 'rdanelethd@sciencedirect.com', '2022-07-11 05:03:00', 40),
('c25246017', 'khargitt2q', 'XGQZJ1096o', 'Kasey Hargitt', '1943-08-04', 'Female', '4 Anzinger Trail', '0958079877', 'khargitt2q@example.com', '2020-12-25 15:06:00', 870),
('c25273613', 'cbarouxqg', 'lhjA9yKa2Hv', 'Clim Baroux', '1962-04-28', 'Male', '9120 Delaware Parkway', '0877566636', 'cbarouxqg@state.gov', '2022-04-15 16:34:00', 530),
('c25340312', 'bespleyat', 'narfSov', 'Borg Espley', '2002-06-01', 'Male', '770 Waxwing Place', '0854286095', 'bespleyat@1und1.de', '2021-12-05 21:25:00', 730),
('c25436313', 'dwhistanh7', 'jao0Y6', 'Donia Whistan', '1961-09-06', 'Female', '157 Erie Center', '0644064187', 'dwhistanh7@bing.com', '2021-11-20 06:06:00', 70),
('c25440851', 'ebullersa', 'Fq5hpyu', 'Eddy Bullers', '1919-01-06', 'Male', '02511 Cascade Lane', '0730108326', 'ebullersa@google.es', '2022-02-16 23:44:00', 250),
('c25540927', 'sgollingrp', 'xV5vCQWpjP', 'Sibylla Golling', '1923-01-21', 'Female', '22133 Grim Road', '0686311301', 'sgollingrp@joomla.org', '2021-08-26 13:24:00', 560),
('c25602582', 'bmewha3k', 'DEoswxpa', 'Burt Mewha', '1974-09-11', 'Other', '4476 Londonderry Trail', '0135630576', 'bmewha3k@biglobe.ne.jp', '2021-05-26 16:31:00', 910),
('c25642066', 'abussybf', 'YFv3Di2IFX', 'Amelina Bussy', '1966-09-11', 'Other', '7189 Mayfield Road', '0511969740', 'abussybf@addtoany.com', '2021-12-08 10:11:00', 820),
('c25741204', 'gyarrellnr', '7iBtaVAiFo8Z', 'Gloria Yarrell', '1949-01-30', 'Female', '13 Myrtle Drive', '0642171802', 'gyarrellnr@oaic.gov.au', '2021-09-22 15:26:00', 220),
('c25867725', 'anovish5', 'JUIM3vTTwcTR', 'Alta Novis', '1917-07-20', 'Female', '82 Forest Dale Parkway', '0137695133', 'anovish5@stumbleupon.com', '2022-10-29 10:28:00', 750),
('c26041886', 'bfellowsn5', 'O9vwqS', 'Brina Fellows', '1985-04-03', 'Female', '24 Erie Hill', '0404639040', 'bfellowsn5@prnewswire.com', '2022-06-16 17:06:00', 360),
('c26053613', 'ischneidauj4', 'lbcZ0cgl0jk', 'Ilyse Schneidau', '1945-08-07', 'Female', '0722 Fisk Plaza', '0124071919', 'ischneidauj4@naver.com', '2022-07-03 17:04:00', 300),
('c26108707', 'dbernlinah', 'qj4VQrEfod', 'Dannye Bernlin', '1982-08-28', 'Other', '908 Sage Place', '0842138112', 'dbernlinah@macromedia.com', '2021-09-14 09:18:00', 160),
('c26110579', 'abitchenery', 'bPnE1f', 'Amble Bitchener', '1959-11-29', 'Male', '898 Ronald Regan Junction', '0141589850', 'abitchenery@infoseek.co.jp', '2022-01-18 14:26:00', 690),
('c26150388', 'wettlescm', 'Y2Tu0RsEw9Fl', 'Worth Ettles', '1918-07-03', 'Male', '06678 Surrey Plaza', '0815083641', 'wettlescm@webeden.co.uk', '2020-12-09 14:11:00', 380),
('c26183997', 'nburgumn2', 'zIojwBmsV', 'Nyssa Burgum', '1944-01-17', 'Female', '143 8th Trail', '0606094394', 'nburgumn2@fema.gov', '2022-10-28 12:39:00', 250),
('c26287765', 'gmulberymt', 'QqjN4oupm', 'Gray Mulbery', '1974-11-21', 'Female', '2050 Monterey Terrace', '0860873136', 'gmulberymt@dailymail.co.uk', '2022-04-26 15:05:00', 980),
('c26295886', 'wmoorheade0', 'eZBQ01nMfv', 'Willard Moorhead', '1910-02-01', 'Male', '1 Prentice Junction', '0334369309', 'wmoorheade0@nifty.com', '2021-03-30 17:33:00', 180),
('c26319616', 'wleax', 'xybksGwUXG7X', 'Wald Le Brom', '1925-05-19', 'Other', '96790 Fremont Park', '0892707035', 'wleax@rakuten.co.jp', '2021-09-28 14:47:00', 860),
('c26365786', 'cfortescueg1', 'HeTvok4y', 'Cheston Fortescue', '1936-05-03', 'Male', '9783 Corscot Drive', '0681388240', 'cfortescueg1@surveymonkey.com', '2021-03-16 12:15:00', 440),
('c26379365', 'ipien3r', 'EspZcf', 'Isador Pien', '2018-12-04', 'Male', '4033 Meadow Ridge Pass', '0186969473', 'ipien3r@cbsnews.com', '2022-07-30 16:12:00', 160),
('c26532874', 'aaulsfordhn', 'wzYYD9vbxxK5', 'Amabel Aulsford', '1960-01-31', 'Female', '72678 Sycamore Parkway', '0829317214', 'aaulsfordhn@wired.com', '2021-08-31 22:49:00', 530),
('c26739452', 'jkyndredf8', 'sdx9Wot', 'Jillene Kyndred', '2014-02-07', 'Female', '55024 Center Court', '0659449921', 'jkyndredf8@google.pl', '2022-04-16 00:26:00', 610),
('c26780109', 'trawdalesok', '72DIkGzc', 'Torin Rawdales', '1912-08-28', 'Male', '8499 Hollow Ridge Street', '0451821057', 'trawdalesok@soup.io', '2021-02-08 22:20:00', 800),
('c26816177', 'cboulsher5h', 'WmnwmZeqo3c', 'Clemens Boulsher', '1926-11-14', 'Male', '741 Jana Lane', '0422712313', 'cboulsher5h@people.com.cn', '2021-11-28 06:32:00', 990),
('c26838390', 'mbetteneyei', 'Brfejx', 'Mohandis Betteney', '1904-08-28', 'Male', '93 Bultman Alley', '0836284937', 'mbetteneyei@indiatimes.com', '2020-12-17 21:27:00', 740),
('c26843597', 'jivashechkin1v', 'yCnu0o42', 'Jonathan Ivashechkin', '1910-10-13', 'Male', '24612 Twin Pines Avenue', '0701611331', 'jivashechkin1v@ucoz.ru', '2021-06-07 14:02:00', 320),
('c26854357', 'sattwoulqt', 'p7bcmli58alw', 'Starla Attwoul', '1925-03-15', 'Other', '571 Rusk Way', '0290430015', 'sattwoulqt@slideshare.net', '2022-07-29 07:26:00', 130),
('c26909170', 'elongo6t', 'SyLJr9E2', 'Ezechiel Longo', '1949-09-03', 'Male', '4 Laurel Lane', '0384999588', 'elongo6t@usa.gov', '2022-03-12 13:53:00', 110),
('c26964433', 'nloranshi', 'yvvQzWPExn4', 'Netta Lorans', '1903-01-22', 'Female', '2 Kennedy Way', '0997830017', 'nloranshi@sphinn.com', '2021-12-13 22:05:00', 460),
('c27058938', 'ppinnocke7z', 'YwFh79TN8', 'Pasquale Pinnocke', '1908-06-14', 'Male', '487 Lindbergh Drive', '0940404986', 'ppinnocke7z@telegraph.co.uk', '2022-08-22 09:05:00', 720),
('c27209738', 'jmiettinenek', 'n17f0pqHuwLa', 'Jonah Miettinen', '1937-02-10', 'Male', '747 Forest Avenue', '0447067913', 'jmiettinenek@bluehost.com', '2021-09-02 20:59:00', 960);
INSERT INTO `customer` (`CustomerID`, `Username`, `Password`, `Name`, `Birthday`, `Gender`, `Address`, `Phone`, `Email`, `Created_time`, `Total_point`) VALUES
('c27426619', 'bfawcus6p', '7N44Os', 'Bryan Fawcus', '1972-05-04', 'Male', '6006 Bay Lane', '0142947896', 'bfawcus6p@sitemeter.com', '2021-12-03 18:22:00', 950),
('c27721685', 'wcairnsj3', '6T2479', 'Whitaker Cairns', '1907-01-04', 'Male', '42 Bartillon Circle', '0560759494', 'wcairnsj3@umn.edu', '2022-10-05 15:25:00', 660),
('c27798854', 'abarringercu', 'pORsgH2WyT8', 'Averell Barringer', '1988-03-19', 'Male', '377 Holmberg Junction', '0395230573', 'abarringercu@skype.com', '2022-10-14 08:17:00', 370),
('c27896508', 'gallbuth4', 'QBVRWgsbu3vi', 'Gayle Allbut', '1946-11-07', 'Female', '58330 Ridge Oak Hill', '0861735146', 'gallbuth4@weather.com', '2021-12-13 06:54:00', 630),
('c27911379', 'mderrett64', 'ioOLvm6BebLM', 'Marney Derrett', '1965-07-24', 'Other', '0436 Pankratz Street', '0681615089', 'mderrett64@utexas.edu', '2022-03-13 15:35:00', 840),
('c27920209', 'kmullender1k', '7dHoEO9xTb', 'Kari Mullender', '1966-06-03', 'Female', '344 Eagan Street', '0289550209', 'kmullender1k@youku.com', '2022-05-16 14:14:00', 460),
('c28058896', 'pgrimv', 'K3jFAj7xZZpv', 'Page Grim', '1931-07-18', 'Male', '9 Tennessee Lane', '0708681330', 'pgrimv@europa.eu', '2021-03-28 22:55:00', 30),
('c28220833', 'mdrinkelnz', 'IW8eLsxjh', 'Marjorie Drinkel', '2014-11-18', 'Female', '041 Walton Road', '0395869653', 'mdrinkelnz@tripadvisor.com', '2022-04-02 22:22:00', 510),
('c28235583', 'sjeunefb', 'Pp3gnesEB', 'Siana Jeune', '1950-09-12', 'Other', '8 Sundown Center', '0349952383', 'sjeunefb@blogtalkradio.com', '2021-12-27 11:15:00', 510),
('c28522070', 'bkinghorne3z', 'wpH6TER7z', 'Bartholomeus Kinghorne', '2002-12-12', 'Male', '0272 Melody Circle', '0245229401', 'bkinghorne3z@alibaba.com', '2022-01-08 02:26:00', 850),
('c28551884', 'cbotgerjj', 'Yeuy3TSriT3', 'Carina Botger', '1988-04-03', 'Female', '28058 Sugar Lane', '0428636825', 'cbotgerjj@yale.edu', '2020-12-12 00:26:00', 380),
('c28569062', 'gbeels5g', 'i6au0s1', 'Gertrud Beels', '1952-11-29', 'Female', '52 Ohio Plaza', '0522748232', 'gbeels5g@barnesandnoble.com', '2021-05-24 08:45:00', 520),
('c28658220', 'dhugganar', 'yqSGyLtsYvS', 'Donica Huggan', '1977-05-06', 'Female', '189 Hazelcrest Point', '0763205951', 'dhugganar@usatoday.com', '2022-01-04 04:42:00', 160),
('c28694093', 'pburdyttbh', 'AKR2mr', 'Prue Burdytt', '1994-06-14', 'Female', '5 Thierer Pass', '0183462762', 'pburdyttbh@storify.com', '2022-08-09 07:39:00', 910),
('c28920063', 'xlandemk', 'EZuyDoEW', 'Xena Lande', '1966-09-12', 'Female', '17 Vidon Circle', '0747196270', 'xlandemk@com.com', '2021-06-14 17:22:00', 360),
('c29048159', 'rmogg5y', 'wfjSvi', 'Ravi Mogg', '2011-08-16', 'Male', '25 Green Center', '0874547887', 'rmogg5y@posterous.com', '2021-07-03 20:06:00', 850),
('c29058276', 'cgraveneroa', 'W0cu5puLRG6E', 'Charlie Gravener', '1972-03-16', 'Other', '45420 Boyd Terrace', '0588903740', 'cgraveneroa@mozilla.org', '2022-08-15 20:08:00', 510),
('c29063036', 'dschutzei', 'Onmg3op', 'Dionisio Schutze', '1981-03-24', 'Male', '6 Thackeray Way', '0892164677', 'dschutzei@buzzfeed.com', '2022-06-10 01:26:00', 590),
('c29143832', 'nflookska', 'dwMn1rqnht', 'Neysa Flooks', '1957-01-24', 'Female', '93081 Manitowish Circle', '0938985408', 'nflookska@ucla.edu', '2021-05-22 13:19:00', 960),
('c29156647', 'osevillea6', 'i6S1liEf51I', 'Olag Seville', '1916-11-13', 'Other', '5 Spaight Pass', '0979840437', 'osevillea6@unc.edu', '2021-04-07 02:06:00', 580),
('c29267960', 'mgreatrex27', 'lKNvqXlSFrXq', 'Margot Greatrex', '1975-05-16', 'Other', '99 Shelley Drive', '0676525940', 'mgreatrex27@psu.edu', '2022-01-21 13:30:00', 340),
('c29318286', 'dsharpf3', 'gzzLoE7', 'Dory Sharp', '1947-07-08', 'Male', '8 Talisman Place', '0869926327', 'dsharpf3@tiny.cc', '2021-06-09 23:52:00', 330),
('c29448433', 'edrewrj', 'hIdSoOqUC', 'Ermanno Drew', '1960-04-22', 'Male', '7 Tomscot Drive', '0608460793', 'edrewrj@baidu.com', '2021-10-31 09:26:00', 440),
('c29545166', 'garnson3y', 'uxeUEWgX', 'Glynda Arnson', '1988-12-31', 'Female', '9 Gerald Street', '0107567978', 'garnson3y@tripadvisor.com', '2022-07-06 22:19:00', 490),
('c29557929', 'ddesvignesjl', 'JKkdCgQM6', 'Danya Desvignes', '1933-07-31', 'Female', '0476 Florence Circle', '0204283722', 'ddesvignesjl@columbia.edu', '2022-09-14 19:55:00', 800),
('c29583235', 'kelgeebi', 'MWzJ2vxgP1', 'Kienan Elgee', '1949-10-27', 'Male', '60494 Kenwood Center', '0736008770', 'kelgeebi@mlb.com', '2021-10-09 09:25:00', 260),
('c29595384', 'hmanson60', 's1jEMt', 'Huntley Manson', '1957-11-06', 'Male', '2894 Mccormick Trail', '0686611847', 'hmanson60@bigcartel.com', '2020-12-01 07:33:00', 80),
('c29621231', 'cdampierav', 'RVXBFWZ0uaso', 'Corrianne Dampier', '1998-03-17', 'Female', '8 La Follette Avenue', '0991681099', 'cdampierav@smugmug.com', '2022-02-04 10:32:00', 160),
('c29679818', 'lhazlegrovebb', 'GX3qu48', 'Lazaro Hazlegrove', '1919-12-03', 'Male', '86585 Sutteridge Circle', '0273758719', 'lhazlegrovebb@goo.ne.jp', '2022-07-31 10:24:00', 70),
('c29744824', 'hgaitone8j', 'KicZ7t83YSbf', 'Halley Gaitone', '1929-03-26', 'Female', '8 Grim Circle', '0157174753', 'hgaitone8j@live.com', '2022-05-24 19:53:00', 230),
('c29794710', 'udaudb7', 'nieYLkXh1v', 'Upton Daud', '1969-07-23', 'Male', '018 Northview Avenue', '0173953860', 'udaudb7@howstuffworks.com', '2021-07-20 07:41:00', 50),
('c29938368', 'jhunn6r', '6voYKs', 'Julienne Hunn', '1933-09-13', 'Female', '36 Gulseth Park', '0802072716', 'jhunn6r@jiathis.com', '2022-06-30 22:42:00', 290),
('c29957583', 'tbugdaleoz', 'y1ql0x', 'Thornie Bugdale', '1957-01-11', 'Male', '1 Basil Street', '0621473320', 'tbugdaleoz@amazon.co.jp', '2021-01-14 17:26:00', 200),
('c30057714', 'ycoronasen', 'nOA5puNME', 'Yetta Coronas', '1985-06-17', 'Female', '88121 Claremont Pass', '0740392711', 'ycoronasen@ox.ac.uk', '2022-08-01 22:27:00', 70),
('c30086366', 'ebennington4b', 'BVGddS9EKmvs', 'Essie Bennington', '1952-02-16', 'Female', '13 Pond Circle', '0892560732', 'ebennington4b@usda.gov', '2022-02-14 10:37:00', 890),
('c30171119', 'daldwincklee3', '25C7t5U7jS', 'Debby Aldwinckle', '1979-04-16', 'Female', '497 Mayfield Lane', '0876295686', 'daldwincklee3@amazon.com', '2022-03-06 21:37:00', 280),
('c30297876', 'gdeakanin', 'H7dkhqOlR8u', 'Gordon Deakan', '1953-03-18', 'Male', '2 Transport Alley', '0392142336', 'gdeakanin@1688.com', '2021-08-04 07:46:00', 980),
('c30434990', 'rpflieger8a', 'njhqQ3', 'Retha Pflieger', '1959-07-08', 'Female', '2197 Lien Park', '0495936684', 'rpflieger8a@dagondesign.com', '2022-05-07 05:16:00', 730),
('c30472170', 'aaylmerrr', 'fcjxXB', 'Aubrey Aylmer', '2014-07-18', 'Other', '41582 Morrow Junction', '0564584100', 'aaylmerrr@mediafire.com', '2022-07-17 08:33:00', 510),
('c30492721', 'skerstinght', 'xGjrev6ofA', 'Shoshana Kersting', '1909-11-04', 'Female', '01879 Sheridan Plaza', '0286049868', 'skerstinght@odnoklassniki.ru', '2021-05-30 15:30:00', 480),
('c30638446', 'cjerrolt4r', 'B8YvBclT3XI', 'Corrie Jerrolt', '1990-04-10', 'Female', '84 Scott Pass', '0519249095', 'cjerrolt4r@ucoz.ru', '2021-02-12 17:07:00', 330),
('c30664314', 'nmckintymn', 'iQFuVSu', 'Northrop McKinty', '1979-06-28', 'Male', '610 Everett Parkway', '0599076427', 'nmckintymn@flavors.me', '2021-04-14 14:29:00', 840),
('c30717668', 'kstuter3', 'Y5q3mied', 'Kata Stute', '1902-01-13', 'Female', '36417 Troy Parkway', '0516678665', 'kstuter3@yale.edu', '2022-10-28 05:34:00', 190),
('c30723738', 'ggoulbornqj', 'KA6HwIqXp', 'Gweneth Goulborn', '2002-07-25', 'Female', '799 Monterey Hill', '0113292724', 'ggoulbornqj@icq.com', '2021-11-26 23:04:00', 340),
('c30774802', 'bpearsallhe', 'RXTj2d1MMUL', 'Benoit Pearsall', '1953-12-10', 'Male', '794 Forest Run Circle', '0142719669', 'bpearsallhe@google.fr', '2022-03-17 20:24:00', 220),
('c30822805', 'mmatthensenpp', 'sGEEmPDWMtE', 'Margit Matthensen', '1929-08-01', 'Female', '66512 Pond Junction', '0127552231', 'mmatthensenpp@i2i.jp', '2022-06-26 00:28:00', 500),
('c30853754', 'aseeman3g', 'RHkyCFGTI', 'Ashbey Seeman', '2005-07-09', 'Male', '25 Everett Point', '0812800175', 'aseeman3g@gov.uk', '2021-11-17 12:48:00', 10),
('c30972397', 'kjanks9x', 'BnGO1tw4eRA', 'Kelli Janks', '1911-07-10', 'Female', '980 Derek Place', '0604198682', 'kjanks9x@wunderground.com', '2021-12-28 01:17:00', 800),
('c31013086', 'awaypera1', 'Osu4ufrPF7z', 'Amandy Wayper', '1932-03-12', 'Female', '520 Esker Lane', '0340507429', 'awaypera1@pbs.org', '2022-04-15 02:01:00', 100),
('c31104910', 'ksleford23', '2BFs2ZBy', 'Kele Sleford', '1966-06-13', 'Male', '15 Spenser Pass', '0971827329', 'ksleford23@gmpg.org', '2021-05-31 18:35:00', 800),
('c31194049', 'lpawelczyk7j', 'mZcSQK6', 'Lee Pawelczyk', '1922-02-24', 'Male', '327 5th Lane', '0860880011', 'lpawelczyk7j@cnbc.com', '2021-03-11 05:50:00', 480),
('c31294999', 'upiesoldg8', 'nUgUmBmvB4', 'Upton Piesold', '1923-03-22', 'Male', '23296 Elka Drive', '0425635723', 'upiesoldg8@wikispaces.com', '2021-07-23 01:35:00', 720),
('c31313927', 'vstayte61', 'cgYguUgNdFi', 'Valenka Stayte', '1915-01-15', 'Female', '9739 Sloan Hill', '0687999563', 'vstayte61@so-net.ne.jp', '2022-07-25 13:39:00', 690),
('c31436293', 'mpitonemu', 'jw2kLeR', 'Marty Pitone', '1946-01-06', 'Female', '5799 Victoria Point', '0840708932', 'mpitonemu@ow.ly', '2021-08-01 13:16:00', 780),
('c31703307', 'hduddenq5', 'motlgK', 'Hew Dudden', '1937-07-16', 'Male', '45435 Talisman Way', '0477013083', 'hduddenq5@purevolume.com', '2021-07-10 01:59:00', 100),
('c31710609', 'cfreiburgerqk', 'XLShfpQTTXyQ', 'Carlee Freiburger', '2005-08-22', 'Female', '993 Dunning Crossing', '0904328879', 'cfreiburgerqk@shutterfly.com', '2021-03-03 16:09:00', 590),
('c31723219', 'bwarmingtonp6', 'lSh3J58Rb9P5', 'Bar Warmington', '1924-06-06', 'Male', '7871 Pine View Park', '0204405691', 'bwarmingtonp6@unicef.org', '2022-11-08 03:11:00', 220),
('c31798200', 'anormantonad', 'xC5Qokk6', 'Alfie Normanton', '1955-12-07', 'Female', '66 Mariners Cove Junction', '0886318797', 'anormantonad@cnbc.com', '2021-01-19 21:13:00', 530),
('c31804803', 'earthuri3', 'KIpEvcwkpYc', 'Elmer Arthur', '1934-08-04', 'Male', '81191 Dayton Terrace', '0951907812', 'earthuri3@4shared.com', '2021-12-04 05:29:00', 900),
('c32045513', 'jhanse2', 'Je5Z23', 'Jeddy Hanse', '1902-08-11', 'Male', '7730 Ludington Road', '0716514779', 'jhanse2@dion.ne.jp', '2021-10-26 20:35:00', 450),
('c32053798', 'jhamman9v', 'ArVngP', 'Johan Hamman', '1980-03-24', 'Male', '518 Sullivan Court', '0898081480', 'jhamman9v@spotify.com', '2021-04-05 10:20:00', 310),
('c32077837', 'imerit8o', 'ss40h5NEEFH', 'Ingra Merit', '1982-08-05', 'Male', '012 Ramsey Court', '0745067546', 'imerit8o@comsenz.com', '2021-09-26 03:34:00', 640),
('c32099648', 'amatynw', 'd0ltXjHj2', 'Aluino Maty', '2022-07-29', 'Male', '63410 Lighthouse Bay Lane', '0467199710', 'amatynw@engadget.com', '2021-11-27 15:15:00', 550),
('c32258921', 'ltansero3', 'Q7t2wMMJ8is', 'Lindsay Tanser', '1908-03-17', 'Male', '2590 Sachtjen Point', '0763573865', 'ltansero3@upenn.edu', '2021-02-24 06:26:00', 100),
('c32478731', 'cborthram9d', 'Dkcw6orKckk1', 'Carry Borthram', '1993-03-06', 'Female', '15 Vernon Pass', '0301274460', 'cborthram9d@bluehost.com', '2022-07-28 06:20:00', 770),
('c32859033', 'imeusgh', 'klvUfhywlNhs', 'Irv Meus', '1942-07-25', 'Male', '97684 Del Sol Plaza', '0956356358', 'imeusgh@eepurl.com', '2021-05-30 23:43:00', 800),
('c32966926', 'kbegine2', 'Ah0Uq70U9Xh0', 'Katherina Begin', '1929-06-12', 'Female', '6 Service Park', '0561945921', 'kbegine2@goo.gl', '2021-12-25 02:44:00', 560),
('c33025450', 'dpaladinimg', 'pYXg4Z6', 'Daisi Paladini', '1983-12-30', 'Female', '119 Green Pass', '0961010809', 'dpaladinimg@cocolog-nifty.com', '2021-06-22 22:15:00', 120),
('c33107365', 'swoodgateon', 'TFGSdUOj', 'Shirleen Woodgate', '1902-06-19', 'Female', '40693 Logan Drive', '0749064624', 'swoodgateon@about.com', '2021-03-11 14:33:00', 170),
('c33112519', 'cpammenter5e', 'pPbVcgln5w', 'Cicely Pammenter', '1932-06-06', 'Female', '15 Sage Alley', '0848139536', 'cpammenter5e@privacy.gov.au', '2022-06-22 18:16:00', 20),
('c33198879', 'jbonnylk', 'OhN1zOAADTM', 'Julissa Bonny', '1910-11-13', 'Female', '439 Lerdahl Hill', '0956868266', 'jbonnylk@bbb.org', '2022-06-10 09:22:00', 480),
('c33264197', 'zplimmera2', '0uoSv5O', 'Zacherie Plimmer', '2020-01-03', 'Male', '036 Hollow Ridge Parkway', '0130422412', 'zplimmera2@geocities.com', '2022-01-16 22:17:00', 20),
('c33289739', 'aembrafn', 'bZDPiyG', 'Adelice Embra', '1982-04-23', 'Female', '1 Old Shore Point', '0157659071', 'aembrafn@washington.edu', '2020-12-06 16:28:00', 860),
('c33366793', 'ccubley9i', 'YlRHu1QWrAYb', 'Corry Cubley', '1969-12-23', 'Other', '89 Dottie Street', '0454012591', 'ccubley9i@cbslocal.com', '2021-12-14 05:24:00', 400),
('c33734772', 'rstroder3d', 'Rj4kGYoTl4GD', 'Robbie Stroder', '1986-11-14', 'Female', '63546 Vernon Avenue', '0841904088', 'rstroder3d@hubpages.com', '2020-11-22 19:20:00', 670),
('c33772306', 'acolbridge11', 'GOzRYqXb', 'Annaliese Colbridge', '1931-11-02', 'Female', '490 Homewood Junction', '0193415334', 'acolbridge11@webmd.com', '2021-09-14 17:52:00', 350),
('c33814529', 'ldurramif', 'JHj2jQfDsd', 'Laurens Durram', '2018-02-05', 'Male', '35 Cody Trail', '0870879740', 'ldurramif@sohu.com', '2022-07-01 13:48:00', 960),
('c33948636', 'awetheredn8', 'hRQLBm', 'Angelika Wethered', '1983-08-03', 'Female', '09093 Rusk Plaza', '0260696136', 'awetheredn8@webs.com', '2022-10-30 19:43:00', 840),
('c34131916', 'ehakonsenpx', 'wBlYXK7d', 'Elliot Hakonsen', '1937-02-22', 'Male', '3 Esch Way', '0205265915', 'ehakonsenpx@about.com', '2022-08-13 01:23:00', 550),
('c34221602', 'prandersoni0', 'oI6cP9RF', 'Phillipe Randerson', '1968-05-02', 'Male', '25311 Superior Hill', '0585618781', 'prandersoni0@ucoz.com', '2022-11-03 17:19:00', 680),
('c34265047', 'gbarnwellfh', 'oWyguXEC', 'Gerri Barnwell', '2012-12-12', 'Female', '8084 High Crossing Parkway', '0583409847', 'gbarnwellfh@guardian.co.uk', '2022-03-14 06:20:00', 130),
('c34447945', 'brobet7m', 'EIejv9brK', 'Brien Robet', '1983-10-01', 'Male', '66245 Helena Point', '0316500996', 'brobet7m@ox.ac.uk', '2021-10-30 03:26:00', 770),
('c34504720', 'fbruineman4', 'X2hrA9m', 'Farah Bruineman', '1987-11-10', 'Female', '59 Dawn Lane', '0362094015', 'fbruineman4@mapquest.com', '2021-01-04 18:10:00', 850),
('c34529799', 'ccorke9', 'bro41dvaz', 'Courtney Cork', '1995-10-26', 'Male', '599 Center Road', '0719890614', 'ccorke9@ucoz.com', '2021-11-30 13:34:00', 10),
('c34698588', 'ecovelylz', '97cMGAFmxh', 'Erny Covely', '2013-04-03', 'Male', '5267 Swallow Junction', '0108205479', 'ecovelylz@cisco.com', '2021-10-03 05:51:00', 720),
('c34748944', 'mcostainfc', 'IALMpovK7H', 'Mandi Costain', '1907-06-07', 'Female', '7 Laurel Place', '0798972213', 'mcostainfc@blogger.com', '2022-05-08 15:40:00', 950),
('c34816800', 'ahentzegm', 'a8cMagWLH', 'Arney Hentze', '1980-12-27', 'Male', '1 Sutherland Point', '0243116468', 'ahentzegm@soup.io', '2021-11-09 06:31:00', 560),
('c34949579', 'gheaysman1m', '8TDZTSzKm', 'Georgianna Heaysman', '1938-07-17', 'Female', '49 Dorton Lane', '0264989154', 'gheaysman1m@tinyurl.com', '2022-03-16 09:11:00', 600),
('c34979936', 'cbalentynelj', 'tED0H3El4H', 'Chrissy Balentyne', '1906-07-15', 'Female', '54 Dixon Crossing', '0418734604', 'cbalentynelj@pagesperso-orange.fr', '2022-11-04 22:02:00', 900),
('c35167300', 'llacaze30', 'orLaBSDAx', 'Lizbeth Lacaze', '2005-02-17', 'Female', '636 Westend Plaza', '0673133374', 'llacaze30@google.co.jp', '2021-06-24 22:43:00', 580),
('c35297704', 'pgladdolphes', '5J8lmr1uwVpP', 'Paul Gladdolph', '1958-01-07', 'Male', '95002 Jenna Pass', '0320107278', 'pgladdolphes@spotify.com', '2022-09-27 23:47:00', 600),
('c35572007', 'dmalshingerkl', 'uqbe4CAVLI', 'Dulce Malshinger', '1909-03-18', 'Female', '28193 Springs Park', '0615187467', 'dmalshingerkl@vistaprint.com', '2022-04-24 10:15:00', 170),
('c35584568', 'iohartnettr0', '1w6zflLSCqxt', 'Isak O\'Hartnett', '1991-07-17', 'Male', '0 Bobwhite Road', '0771823290', 'iohartnettr0@artisteer.com', '2021-08-26 21:39:00', 280),
('c35598114', 'ltitchene5', '052KG5j0', 'Lynelle Titchen', '1995-11-08', 'Female', '84648 Harper Alley', '0814458193', 'ltitchene5@princeton.edu', '2021-12-19 20:06:00', 830),
('c35612869', 'mervine86', 'Dnf0ByWy9', 'Maryellen Ervine', '1943-01-04', 'Female', '8 Shelley Way', '0932185691', 'mervine86@craigslist.org', '2021-07-23 10:21:00', 430),
('c35632472', 'gridgewell4w', 'qRyaIn2L3Zv0', 'Garret Ridgewell', '1914-05-25', 'Male', '38381 Scott Road', '0729937758', 'gridgewell4w@booking.com', '2021-05-31 20:05:00', 470),
('c35670381', 'rchaimj2', 'lokUTWHTtn', 'Redford Chaim', '1992-01-02', 'Male', '9441 Stoughton Avenue', '0358021168', 'rchaimj2@amazon.de', '2021-05-15 14:23:00', 310),
('c35689184', 'sabbettf7', 'K6ZfoLT', 'Stern Abbett', '2012-04-13', 'Male', '78979 John Wall Circle', '0380786759', 'sabbettf7@twitpic.com', '2021-03-03 13:43:00', 590),
('c35744619', 'dmccarter6x', 'p5NlRX', 'Duffie McCarter', '1941-12-19', 'Male', '820 Meadow Ridge Junction', '0894526300', 'dmccarter6x@netvibes.com', '2022-03-01 17:00:00', 610),
('c35759687', 'gruttyd9', 'cXIyLfQucYyG', 'George Rutty', '2015-09-30', 'Female', '822 Union Lane', '0772095126', 'gruttyd9@boston.com', '2021-11-20 19:32:00', 430),
('c35825465', 'kcrumby87', 'UFPBNTuihlBX', 'Kelsi Crumby', '1922-01-16', 'Female', '25609 Dapin Way', '0715391149', 'kcrumby87@posterous.com', '2020-12-13 04:41:00', 510),
('c35861950', 'cpostlethwaite6a', 'YbQncu1ZI5a', 'Collen Postlethwaite', '1946-01-11', 'Female', '9900 Portage Road', '0801222438', 'cpostlethwaite6a@ameblo.jp', '2021-11-09 22:51:00', 960),
('c35959812', 'ztwidlerq', '7XrfrKOk', 'Zaria Twidle', '2000-03-14', 'Other', '80969 Fallview Crossing', '0635143479', 'ztwidlerq@nytimes.com', '2022-05-28 14:24:00', 150),
('c36163805', 'mbydawayju', 'LvwFiGDRN2', 'Mollie Bydaway', '1964-05-08', 'Female', '9465 Johnson Court', '0291079302', 'mbydawayju@msn.com', '2022-04-27 10:45:00', 840),
('c36318351', 'choulridgent', 'of9gvff', 'Carling Houlridge', '1973-05-03', 'Male', '917 Anderson Trail', '0756210987', 'choulridgent@google.es', '2021-05-11 08:26:00', 390),
('c36399086', 'beley3b', 'aH5q6X', 'Bibi Eley', '1933-05-25', 'Other', '1 Shelley Avenue', '0254128331', 'beley3b@topsy.com', '2022-09-21 20:04:00', 510),
('c36504807', 'mdelicate1i', '3dK14bTX', 'Madel Delicate', '1966-12-20', 'Female', '1980 Bluestem Place', '0786252510', 'mdelicate1i@over-blog.com', '2021-08-04 12:28:00', 640),
('c36783846', 'kwilcocke54', 'ETI0uq', 'Karole Wilcocke', '1973-10-06', 'Female', '775 Quincy Street', '0743838317', 'kwilcocke54@wired.com', '2022-06-25 04:49:00', 980),
('c36879635', 'flambrooka5', 'Nh88B7yBtMT', 'Fabien Lambrook', '1971-06-05', 'Male', '45 Memorial Park', '0804388313', 'flambrooka5@delicious.com', '2021-03-30 02:43:00', 270),
('c37044434', 'kessam3t', 'oZKVGT3GWIeE', 'Kylie Essam', '1949-03-12', 'Male', '28406 Columbus Lane', '0791723249', 'kessam3t@ameblo.jp', '2021-05-28 18:05:00', 460),
('c37186685', 'pscorrer9y', 'EqqNM9', 'Phil Scorrer', '2011-04-20', 'Male', '336 Glacier Hill Place', '0880244108', 'pscorrer9y@youtu.be', '2021-03-19 02:31:00', 290),
('c37293680', 'grallingdh', 'SGzTCaNq', 'Guy Ralling', '1901-02-17', 'Male', '5 Sachs Circle', '0371081533', 'grallingdh@reuters.com', '2022-09-25 11:25:00', 390),
('c37322065', 'hlilleymanix', 'DaYngTHp', 'Hogan Lilleyman', '1941-12-22', 'Male', '895 2nd Hill', '0124842071', 'hlilleymanix@redcross.org', '2021-06-25 06:17:00', 830),
('c37736053', 'rhobbemah1', 'wLTa4gLN', 'Reade Hobbema', '1997-12-22', 'Male', '911 Sheridan Alley', '0706490987', 'rhobbemah1@dell.com', '2022-05-23 05:05:00', 990),
('c38057196', 'efairfull8p', 'F45acKFqY', 'Easter Fairfull', '1928-05-20', 'Female', '9 Anzinger Street', '0197858666', 'efairfull8p@hugedomains.com', '2022-02-14 07:23:00', 760),
('c38132393', 'bloosleygp', 'hYYGKAXYL', 'Binni Loosley', '2003-12-31', 'Female', '9329 Mariners Cove Plaza', '0388124945', 'bloosleygp@theguardian.com', '2022-05-24 03:12:00', 380),
('c38209417', 'hcaine33', '39WPi21f9v', 'Humfried Caine', '1960-08-13', 'Male', '2 Eagle Crest Way', '0125128492', 'hcaine33@paginegialle.it', '2022-03-20 12:46:00', 510),
('c38300251', 'flethburyox', 'XBeHoBBHelL2', 'Ferdinande Lethbury', '1918-12-04', 'Female', '4757 Utah Circle', '0537456117', 'flethburyox@blogger.com', '2022-09-06 15:35:00', 930),
('c38310996', 'cmounterc7', 'vb6WvYpiwyTh', 'Chelsae Mounter', '1915-05-30', 'Female', '90 7th Trail', '0708971936', 'cmounterc7@seattletimes.com', '2021-09-18 14:21:00', 190),
('c38375338', 'sbeavorsqa', 'okzlWsW', 'Sayers Beavors', '1974-11-18', 'Male', '375 Anthes Point', '0361919405', 'sbeavorsqa@oaic.gov.au', '2021-10-17 01:04:00', 40),
('c38438770', 'kswinnertonnk', 'y1DeI7rrzIh', 'Kristin Swinnerton', '1953-03-12', 'Female', '97 Welch Street', '0838861421', 'kswinnertonnk@wikipedia.org', '2020-12-23 06:03:00', 770),
('c38517822', 'gjammeiz', '8zogdFJELl', 'Gibb Jamme', '1945-01-02', 'Male', '032 Larry Way', '0846885719', 'gjammeiz@biglobe.ne.jp', '2021-02-24 17:25:00', 210),
('c38522365', 'kimlachp8', 'sZnZWX', 'Killie Imlach', '1985-07-18', 'Male', '2947 Charing Cross Place', '0634565497', 'kimlachp8@seesaa.net', '2022-02-21 05:32:00', 690),
('c38540455', 'mvalentin7c', 'fMK0SyrOPON', 'Merwin Valentin', '1985-01-22', 'Male', '53102 Sullivan Alley', '0166535825', 'mvalentin7c@issuu.com', '2021-06-16 10:41:00', 540),
('c38551661', 'tbourthouloumeid', 't7VSqmJXXJo', 'Tedmund Bourthouloume', '1990-01-14', 'Male', '8 Quincy Street', '0233442695', 'tbourthouloumeid@google.com.au', '2021-09-26 00:46:00', 410),
('c38698849', 'deptonal', 'lnmHW4', 'Delores Epton', '2007-01-10', 'Female', '5461 Ruskin Hill', '0929898191', 'deptonal@mapy.cz', '2022-06-01 08:48:00', 990),
('c39006269', 'dgale8g', 'CgAcki5Pet', 'Dolly Gale', '1903-01-12', 'Female', '0 Corry Avenue', '0229045210', 'dgale8g@ustream.tv', '2020-12-27 08:53:00', 100),
('c39078595', 'kpapepi', 'CgGmyQ3', 'Kim Pape', '1923-06-08', 'Male', '3858 Melvin Center', '0632654084', 'kpapepi@nba.com', '2022-08-27 14:00:00', 970),
('c39170451', 'msimkinl5', 'K7TTstbZOp', 'Malissia Simkin', '1915-05-27', 'Female', '837 Evergreen Trail', '0494489484', 'msimkinl5@naver.com', '2021-02-04 22:47:00', 820),
('c39175850', 'dconaghy4o', 'HYti4O4', 'Delbert Conaghy', '2014-12-25', 'Other', '2 Cottonwood Trail', '0785226363', 'dconaghy4o@bbc.co.uk', '2021-10-09 16:40:00', 90),
('c39183573', 'emeechfy', 'smDaKdkd9LNu', 'Ethel Meech', '1939-05-08', 'Other', '3019 Bluejay Court', '0781324667', 'emeechfy@amazon.co.uk', '2022-04-02 20:37:00', 650),
('c39235838', 'svandenhoffiw', 'tZgTc5wglfHK', 'Sarine Vandenhoff', '1975-03-27', 'Female', '26073 Waywood Plaza', '0335004879', 'svandenhoffiw@people.com.cn', '2020-12-04 08:56:00', 630),
('c39378728', 'jbirtps', '0sf4DcJlKG', 'Janet Birt', '1951-09-22', 'Female', '90741 Bartillon Crossing', '0614875017', 'jbirtps@deliciousdays.com', '2022-06-03 22:23:00', 480),
('c39478010', 'jsmeeho', 'wUkrgdEuH8', 'Jodi Smee', '1914-11-11', 'Male', '500 Troy Place', '0793760539', 'jsmeeho@ebay.co.uk', '2022-10-11 05:21:00', 120),
('c39654635', 'mdrury62', 'm2qyzDDbB09r', 'Moore Drury', '2001-07-23', 'Male', '77 Florence Street', '0910681551', 'mdrury62@gmpg.org', '2022-11-09 14:58:00', 710),
('c39831917', 'iskelingtonf6', '7nna35NAT', 'Ivor Skelington', '1907-04-18', 'Male', '22 Lawn Terrace', '0758603727', 'iskelingtonf6@sciencedaily.com', '2022-11-01 05:27:00', 590),
('c39842031', 'gclarer2', '8bqc8BamV4bJ', 'Gina Clare', '1978-03-17', 'Female', '15167 Tomscot Center', '0892508599', 'gclarer2@nsw.gov.au', '2022-05-19 08:37:00', 840),
('c39855452', 'rtabardd2', 'MJcpeSh', 'Robinet Tabard', '1934-01-25', 'Female', '8770 Marquette Avenue', '0705039713', 'rtabardd2@list-manage.com', '2022-08-09 15:57:00', 80),
('c39909699', 'adoileyrm', 'sBlubTaloRi', 'Ashbey Doiley', '1920-10-04', 'Male', '20839 Scoville Park', '0167151258', 'adoileyrm@tinypic.com', '2021-06-13 16:22:00', 510),
('c39998100', 'wcarlan6b', '9PB4kQqXv', 'Wendi Carlan', '1907-07-10', 'Other', '6 Toban Alley', '0764333018', 'wcarlan6b@ebay.co.uk', '2022-04-29 02:03:00', 140),
('c40174568', 'rnayerq3', 'PqVkhSbP9j8N', 'Rosalynd Nayer', '1963-07-02', 'Other', '4 Russell Park', '0728647918', 'rnayerq3@google.it', '2021-12-13 13:40:00', 590),
('c40455186', 'cstickneylq', '8hEheD2HNGYb', 'Cassius Stickney', '1949-03-06', 'Male', '31 Oakridge Center', '0745609536', 'cstickneylq@networkadvertising.org', '2021-12-25 03:52:00', 60),
('c40608848', 'jlintill6q', 'izuJTJmy', 'Jarrett Lintill', '1961-02-16', 'Male', '8 Green Court', '0536488351', 'jlintill6q@harvard.edu', '2020-12-09 05:18:00', 500),
('c40813384', 'zstollsteinernx', 'EiuNo0KU5J', 'Zarla Stollsteiner', '1924-12-22', 'Female', '3552 Eggendart Hill', '0943469228', 'zstollsteinernx@google.nl', '2022-04-23 07:37:00', 110),
('c40880532', 'bdemcikpj', 'tMjXepBX2DvW', 'Bekki Demcik', '1901-05-04', 'Female', '7 Hallows Parkway', '0793052362', 'bdemcikpj@ebay.co.uk', '2022-01-22 14:26:00', 340),
('c40984032', 'lostridgel6', 'BqtE6Yyw1g', 'Leigha Ostridge', '1999-05-11', 'Female', '386 Garrison Pass', '0811161608', 'lostridgel6@washington.edu', '2022-03-03 03:29:00', 430),
('c41177674', 'parnaldbg', 'b13Kgzw', 'Purcell Arnald', '1922-01-03', 'Male', '743 6th Lane', '0347509158', 'parnaldbg@whitehouse.gov', '2021-05-13 21:29:00', 660),
('c41460493', 'kraggec3', 'ZLqPfgoOlfVq', 'Karry Ragge', '1937-03-14', 'Female', '31 Macpherson Road', '0245395967', 'kraggec3@foxnews.com', '2022-09-30 01:25:00', 1000),
('c41492955', 'mdoggerelllp', 'jQZu1gqG', 'Mattie Doggerell', '1907-10-18', 'Female', '88628 Stuart Drive', '0124915496', 'mdoggerelllp@yahoo.com', '2022-02-10 06:32:00', 170),
('c41519049', 'bsynnott97', 'NECOfyCyj9d', 'Brigit Synnott', '2004-08-26', 'Female', '4349 Hoard Circle', '0637761339', 'bsynnott97@chicagotribune.com', '2021-08-22 09:05:00', 310),
('c41696163', 'bgreberth3', 'AVbIH1OZ', 'Bertine Grebert', '1922-10-23', 'Female', '281 Village Green Lane', '0287758103', 'bgreberth3@booking.com', '2022-10-13 19:55:00', 190),
('c41830316', 'honowlanke', 'noqOY3l4Y4c', 'Harriette O\'Nowlan', '2008-10-09', 'Female', '0 Barnett Circle', '0787720330', 'honowlanke@irs.gov', '2021-10-06 00:25:00', 400),
('c42077952', 'njosling40', 'xBPZC9gM30', 'Noak Josling', '1909-09-25', 'Male', '6 Center Center', '0592123156', 'njosling40@unc.edu', '2022-07-05 03:55:00', 50),
('c42208394', 'jcrumlyao', 'cpbnoJIT', 'Jamey Crumly', '1951-12-02', 'Male', '39909 Forest Terrace', '0251896102', 'jcrumlyao@ihg.com', '2021-06-12 10:26:00', 800),
('c42441584', 'hfassmanoc', '6Qge858Yf', 'Hope Fassman', '1919-03-05', 'Female', '083 5th Avenue', '0110109562', 'hfassmanoc@cnn.com', '2022-06-04 19:38:00', 970),
('c42635668', 'gmaltmanql', '4GoNLk2D', 'Grove Maltman', '1995-10-14', 'Male', '719 Homewood Court', '0882503793', 'gmaltmanql@opera.com', '2022-09-20 01:35:00', 80),
('c42656621', 'nswaitl1', 'If1rrC', 'Natalina Swait', '1938-10-03', 'Female', '838 Lakewood Gardens Plaza', '0374323574', 'nswaitl1@aboutads.info', '2021-01-14 22:59:00', 290),
('c42767261', 'splaistowe2g', 'ZnUOkzU', 'Stewart Plaistowe', '1930-06-26', 'Male', '12587 Carey Alley', '0208974701', 'splaistowe2g@wired.com', '2021-06-27 05:09:00', 100),
('c42806150', 'lburgene4', '7sP62sTk8lQ', 'Liane Burgen', '1901-09-11', 'Female', '039 Carioca Trail', '0299951023', 'lburgene4@admin.ch', '2021-05-08 03:31:00', 590),
('c42893609', 'scuthbertld', 'nqINZo3d', 'Shelba Cuthbert', '2012-10-30', 'Female', '6 Prairieview Crossing', '0762698643', 'scuthbertld@gravatar.com', '2022-08-09 02:18:00', 10),
('c43077481', 'eelvydw', 'miGDuAqj', 'Elia Elvy', '1943-05-04', 'Male', '26246 International Crossing', '0150167403', 'eelvydw@360.cn', '2021-12-27 07:22:00', 570),
('c43133267', 'bmatusovsky5v', 'lOckW864Ghr', 'Barth Matusovsky', '1942-04-23', 'Male', '4610 Schlimgen Park', '0797732728', 'bmatusovsky5v@bbb.org', '2022-11-07 19:50:00', 460),
('c43263986', 'sawcoatebr', 'N7DQ5Fn', 'Skelly Awcoate', '2015-02-04', 'Male', '189 East Alley', '0517864532', 'sawcoatebr@economist.com', '2022-08-05 21:29:00', 160),
('c43304936', 'edobbinson76', 'A05lC7F2v', 'Eada Dobbinson', '2011-12-02', 'Female', '03664 Shelley Pass', '0318860788', 'edobbinson76@bigcartel.com', '2021-02-06 03:11:00', 610),
('c43557482', 'jstitfallph', 'JNCBomN', 'Joseito Stitfall', '2013-01-14', 'Male', '14 Bunker Hill Lane', '0621438622', 'jstitfallph@adobe.com', '2022-09-20 00:28:00', 660),
('c43757843', 'wlessera4', 'CDt0E3', 'Wakefield Lesser', '1962-03-25', 'Male', '89973 Springs Drive', '0955763492', 'wlessera4@about.com', '2021-10-29 02:42:00', 220),
('c43815860', 'jpawlowicz4f', 'Ftn9PGMk9', 'Jeri Pawlowicz', '2001-12-29', 'Female', '8912 Oriole Trail', '0863346459', 'jpawlowicz4f@ibm.com', '2020-12-16 06:32:00', 50),
('c43825446', 'jworsfoldiu', 'lguETVPks', 'Jasmine Worsfold', '2007-07-26', 'Female', '7 Cambridge Trail', '0444748235', 'jworsfoldiu@washington.edu', '2021-11-28 08:13:00', 300),
('c43858994', 'cdej5', 'Bp2NgEwI', 'Cherida de Zamora', '1913-02-01', 'Female', '82 Nova Park', '0512883038', 'cdej5@washington.edu', '2022-08-26 02:44:00', 840),
('c44004099', 'jjurgennl', 'M1Gppkq', 'Jessalin Jurgen', '1988-07-24', 'Female', '4920 Blackbird Lane', '0822269424', 'jjurgennl@deliciousdays.com', '2021-11-22 13:33:00', 210),
('c44047789', 'odreamerpf', 'riy2retqzNGf', 'Olav Dreamer', '1959-04-26', 'Other', '72 Gale Point', '0814207708', 'odreamerpf@cisco.com', '2022-07-07 16:10:00', 540),
('c44095031', 'adakhovkt', 'Lljk479Gd03c', 'Adelaida Dakhov', '1917-07-05', 'Female', '6 Blaine Drive', '0440303381', 'adakhovkt@timesonline.co.uk', '2022-02-06 08:49:00', 540),
('c44100965', 'kbaum2s', 'BAjaipmd', 'Killian Baum', '1906-02-10', 'Male', '1196 Dexter Park', '0971072389', 'kbaum2s@tamu.edu', '2022-01-25 13:26:00', 950),
('c44110399', 'ddorbongb', 't1lKLK0wx9w', 'Dominique Dorbon', '1906-04-30', 'Female', '9 Esker Terrace', '0839289356', 'ddorbongb@google.it', '2021-08-23 08:35:00', 270),
('c44116937', 'rmorsonj0', 'XB4AVifZ', 'Rogerio Morson', '1918-03-21', 'Male', '381 Westport Park', '0122173181', 'rmorsonj0@shutterfly.com', '2022-03-06 10:08:00', 310),
('c44155262', 'thudghtonbw', 'Vq5xunJEl', 'Tyrus Hudghton', '1914-07-03', 'Male', '590 Paget Lane', '0603650626', 'thudghtonbw@army.mil', '2020-12-26 02:20:00', 360),
('c44207165', 'nhallku', 'voQrbYrjpKa', 'Nona Hall', '1995-06-07', 'Female', '1 Steensland Point', '0732282028', 'nhallku@netlog.com', '2022-04-15 03:53:00', 280),
('c44258030', 'afountianp0', 'R3d8DZXTLXG', 'Anatole Fountian', '1992-10-13', 'Male', '32691 Boyd Lane', '0535232762', 'afountianp0@wordpress.com', '2022-05-04 13:08:00', 750),
('c44354801', 'bberceros1e', 'rjgpYfsvEv', 'Benita Berceros', '1981-11-13', 'Female', '0257 Burning Wood Plaza', '0924291224', 'bberceros1e@ftc.gov', '2021-02-21 15:13:00', 840),
('c44402231', 'vordidgeqx', 'RpadBRIAuTaW', 'Veradis Ordidge', '1993-09-04', 'Female', '218 Kensington Hill', '0169172092', 'vordidgeqx@spotify.com', '2021-03-27 12:23:00', 1000),
('c44455910', 'cwayo9', 'YkyYVWU', 'Channa Way', '1969-02-15', 'Female', '42 Eagle Crest Park', '0517886792', 'cwayo9@icio.us', '2022-08-25 14:38:00', 610),
('c44592281', 'srawlingsod', 'XTNRiWrCLV', 'Steffen Rawlings', '1981-03-23', 'Male', '9829 Birchwood Point', '0841673269', 'srawlingsod@unicef.org', '2021-08-31 02:06:00', 250),
('c45021534', 'kcaplenk2', 'Th5sMdR', 'Kendell Caplen', '1949-03-25', 'Male', '96362 Monica Hill', '0467793945', 'kcaplenk2@posterous.com', '2021-05-12 10:40:00', 70),
('c45246033', 'anaulis', 'H33HYYx9W', 'Anastasie Naul', '1956-05-01', 'Female', '250 Sage Lane', '0299754049', 'anaulis@forbes.com', '2021-12-23 09:37:00', 660),
('c45325338', 'zmcneighow', 'GrhrI2N', 'Zaccaria McNeigh', '2006-01-11', 'Other', '44 Transport Center', '0860313235', 'zmcneighow@over-blog.com', '2022-06-12 11:09:00', 720),
('c45355103', 'tde3a', 'hibPU5WOCG', 'Tammy De Fries', '1953-08-20', 'Other', '1860 Meadow Vale Plaza', '0906376865', 'tde3a@soundcloud.com', '2021-04-01 01:17:00', 420),
('c45357341', 'zhabertny', '4cHUHqrwZZm', 'Zsazsa Habert', '1991-10-17', 'Female', '45128 Graceland Place', '0588150372', 'zhabertny@blogs.com', '2022-08-17 10:01:00', 550),
('c45498175', 'chartoppkj', 'waFUU8v8', 'Cullen Hartopp', '1922-12-10', 'Male', '0 Division Trail', '0884009259', 'chartoppkj@instagram.com', '2020-11-30 23:55:00', 330),
('c45675895', 'paddisonli', 'zN3ToMlrQu', 'Pammy Addison', '2005-12-26', 'Female', '45245 Butternut Parkway', '0221783496', 'paddisonli@smugmug.com', '2021-03-03 13:07:00', 830),
('c45822356', 'jdeller4u', 'y4XKrCqq', 'Jaine Deller', '2007-04-03', 'Female', '998 Sommers Way', '0417167294', 'jdeller4u@microsoft.com', '2022-03-19 19:41:00', 950),
('c45858742', 'mwakelinge7', 'tynUdDJ7', 'Merlina Wakeling', '1988-10-07', 'Female', '79 Clemons Avenue', '0629990455', 'mwakelinge7@mozilla.org', '2021-12-18 09:47:00', 560),
('c46155079', 'ccastagneripd', 'uIekutNTp', 'Cassi Castagneri', '1932-07-07', 'Female', '57 Bultman Drive', '0202075834', 'ccastagneripd@ted.com', '2021-06-07 16:44:00', 110),
('c46246349', 'lbussensre', '4Xy2W63PE', 'Luz Bussens', '1922-04-05', 'Female', '0118 Stephen Drive', '0627963818', 'lbussensre@artisteer.com', '2021-11-30 18:55:00', 640),
('c46254955', 'dbeecraftqw', 'f9trJ8x5ec', 'Donny Beecraft', '1997-12-20', 'Female', '2 Manley Plaza', '0942148855', 'dbeecraftqw@berkeley.edu', '2022-10-30 05:08:00', 660),
('c46358720', 'dvalerius82', 'pYF94AH', 'Dieter Valerius', '1934-02-18', 'Male', '1 Westend Avenue', '0693814385', 'dvalerius82@cmu.edu', '2021-02-05 00:17:00', 660),
('c46414869', 'cscoterbosh34', 'i0wko1X', 'Calv Scoterbosh', '2007-11-22', 'Male', '33 Declaration Place', '0884996302', 'cscoterbosh34@fotki.com', '2021-04-25 17:19:00', 430),
('c46709468', 'esammonsih', 'lVnAgzsnkKnG', 'Ellynn Sammons', '1936-12-03', 'Female', '84293 Hintze Lane', '0365585559', 'esammonsih@printfriendly.com', '2022-01-08 18:54:00', 970),
('c46797838', 'jmaclarenly', 'd6BQfKsFO3', 'Josselyn MacLaren', '2007-07-22', 'Female', '42230 Springs Avenue', '0720217844', 'jmaclarenly@t.co', '2022-08-06 01:02:00', 480),
('c46811971', 'wside1w', '0kHkaMh', 'Willie Side', '1935-10-13', 'Male', '64 Continental Terrace', '0268424475', 'wside1w@blog.com', '2022-03-02 22:48:00', 680),
('c46959534', 'kbrabenderjx', 'yAP225ZOG46', 'Kile Brabender', '1984-01-30', 'Male', '0 Lighthouse Bay Terrace', '0456539312', 'kbrabenderjx@stanford.edu', '2022-06-12 11:39:00', 560),
('c47048651', 'ejowittfi', '4GUa4od', 'Evvie Jowitt', '1951-06-08', 'Female', '7 Scott Point', '0268255294', 'ejowittfi@prweb.com', '2021-10-11 02:33:00', 310),
('c47132818', 'jriddettbq', 'yMD6Z70bj', 'Jasmine Riddett', '1967-07-01', 'Female', '7 Garrison Parkway', '0613397637', 'jriddettbq@nps.gov', '2021-07-23 00:26:00', 240),
('c47342942', 'bjeppersonhw', 'dHJ5i09LqRd', 'Bee Jepperson', '1917-08-07', 'Female', '56 Loeprich Place', '0864343658', 'bjeppersonhw@mit.edu', '2021-01-04 11:44:00', 230),
('c47420659', 'csteansoncr', '6fIKaFF4hDJ', 'Cyndie Steanson', '1945-02-12', 'Female', '786 Nancy Point', '0297813777', 'csteansoncr@xrea.com', '2022-07-10 23:06:00', 870),
('c47560883', 'deverallfw', 'YBsdjfR', 'Dorian Everall', '2019-07-09', 'Male', '12401 Nevada Junction', '0438504302', 'deverallfw@bloglovin.com', '2021-06-15 15:13:00', 10),
('c47895565', 'bferreyfr', 'tMwEodQpA4', 'Bradan Ferrey', '1976-10-10', 'Male', '2315 Lighthouse Bay Park', '0898768309', 'bferreyfr@mashable.com', '2021-08-19 02:23:00', 800),
('c47946828', 'rgreenshieldskg', 'EpcjioubDLo1', 'Rabi Greenshields', '1919-11-02', 'Male', '10647 Claremont Way', '0423141077', 'rgreenshieldskg@lulu.com', '2021-07-23 12:56:00', 580),
('c48213616', 'gdunawayfe', 'r24IQlAbUD', 'Gayleen Dunaway', '1927-01-26', 'Female', '217 Pepper Wood Court', '0313205773', 'gdunawayfe@indiegogo.com', '2022-10-05 04:24:00', 450),
('c48244446', 'boakeyb3', '00IMJ447V', 'Bradford Oakey', '1931-08-05', 'Male', '657 Mesta Point', '0242330154', 'boakeyb3@home.pl', '2021-12-07 13:59:00', 780),
('c48320348', 'adyson8u', 'ByPkekb', 'Anton Dyson', '1989-04-13', 'Male', '00230 Menomonie Pass', '0116445966', 'adyson8u@de.vu', '2022-01-06 06:40:00', 670),
('c48432648', 'tjancsoau', 'TNdO42IOV', 'Townie Jancso', '1988-01-03', 'Male', '0 Merrick Center', '0511461870', 'tjancsoau@opensource.org', '2022-01-13 14:47:00', 210),
('c48469839', 'bfarfootqe', 'Um88tS', 'Barclay Farfoot', '1944-02-12', 'Male', '2300 Everett Plaza', '0536506350', 'bfarfootqe@spiegel.de', '2022-03-22 22:54:00', 860),
('c48568646', 'rnashe63', 'JOlWYiXL', 'Rex Nashe', '1994-05-08', 'Male', '14 Milwaukee Way', '0413170691', 'rnashe63@sina.com.cn', '2022-08-20 20:26:00', 770),
('c48625003', 'csoggeelu', 'hJIuAHg', 'Cassey Soggee', '1903-01-17', 'Female', '1374 Annamark Center', '0613090170', 'csoggeelu@sbwire.com', '2021-10-04 13:44:00', 640),
('c48721603', 'rbulstrodequ', '6TkHVPjZXbzf', 'Rollin Bulstrode', '1978-08-02', 'Male', '53746 Londonderry Crossing', '0715243362', 'rbulstrodequ@sitemeter.com', '2021-07-07 11:47:00', 540),
('c48815291', 'zsearlo4', 'gCstSZI', 'Zechariah Searl', '2017-04-14', 'Male', '0 Marquette Pass', '0556134141', 'zsearlo4@feedburner.com', '2021-05-30 21:58:00', 860),
('c48854315', 'delacoateec', 'RO8c8k4A', 'Dulce Elacoate', '1976-03-27', 'Female', '77 Sheridan Center', '0769139223', 'delacoateec@unesco.org', '2021-12-27 03:52:00', 730),
('c48875728', 'bholmyardg0', 'OvxdVqsE', 'Boycey Holmyard', '1987-05-04', 'Male', '37 Garrison Plaza', '0145591597', 'bholmyardg0@house.gov', '2020-12-08 03:23:00', 710),
('c48974455', 'sdoddsq1', '8VUUDjM2nQ', 'Sigismond Dodds', '1911-01-29', 'Male', '77 Tennyson Trail', '0400232642', 'sdoddsq1@seesaa.net', '2022-06-21 19:47:00', 600),
('c48986699', 'botoolekx', 'jnSaTzK', 'Blake O\'Toole', '2001-01-22', 'Male', '78017 Elmside Court', '0879050029', 'botoolekx@discovery.com', '2022-02-17 13:38:00', 1000),
('c49084622', 'fleveyjo', 'bIPvAZi6FQVu', 'Felipe Levey', '2002-06-01', 'Male', '40476 Derek Parkway', '0464983853', 'fleveyjo@gmpg.org', '2020-12-25 17:07:00', 420),
('c49098878', 'bledbetterdc', 'gJw332utq', 'Brennan Ledbetter', '1951-03-21', 'Male', '42061 Bluejay Crossing', '0987084371', 'bledbetterdc@etsy.com', '2022-09-03 20:28:00', 1000),
('c49101348', 'adewett15', '9e4jMgT', 'Ambrosio Dewett', '1965-03-25', 'Male', '395 Dawn Road', '0212347756', 'adewett15@msn.com', '2022-05-23 14:09:00', 930),
('c49164668', 'pflamenti6', 'XKpScICQyoRF', 'Palmer Flament', '1998-11-27', 'Male', '8270 Tennessee Circle', '0435948058', 'pflamenti6@com.com', '2021-12-09 12:34:00', 360),
('c49190167', 'kdavidavidovics24', 'yuoBC6', 'Kerstin Davidavidovics', '1933-10-12', 'Female', '930 Di Loreto Place', '0600997226', 'kdavidavidovics24@usgs.gov', '2022-01-27 13:06:00', 200),
('c49221806', 'ecraytonfz', 'SGlUFmqqgbH', 'Everard Crayton', '2000-09-11', 'Male', '06 Bobwhite Trail', '0668500854', 'ecraytonfz@jigsy.com', '2021-10-26 23:51:00', 360),
('c49384758', 'etrowljp', 'G7FuekuzB', 'Eben Trowl', '2000-07-13', 'Male', '1431 Ridgeway Lane', '0878631346', 'etrowljp@hp.com', '2021-02-07 21:08:00', 10),
('c49831841', 'rrhule7v', 'A36OOmx', 'Rafferty Rhule', '1955-01-16', 'Male', '31 Luster Center', '0330526963', 'rrhule7v@hexun.com', '2022-04-01 04:03:00', 320),
('c49836974', 'miacovaccio2i', 'J31h0KUr3b', 'Marlowe Iacovaccio', '2019-12-07', 'Male', '3618 Lillian Drive', '0560831217', 'miacovaccio2i@cocolog-nifty.com', '2022-04-01 18:35:00', 160),
('c50092499', 'edovestondt', 'FmpXi8RkK', 'Enid Doveston', '2018-05-24', 'Female', '67121 Annamark Trail', '0153250017', 'edovestondt@dyndns.org', '2022-08-12 10:07:00', 450),
('c50208051', 'nnowick8v', 'AJ66I6FTze', 'North Nowick', '1969-10-13', 'Male', '1767 Bay Lane', '0442057155', 'nnowick8v@ow.ly', '2022-08-27 09:42:00', 80),
('c50273578', 'bcourtenayo5', '6VNIyCE9QoU', 'Basilio Courtenay', '1999-11-10', 'Male', '61228 Dovetail Road', '0958308061', 'bcourtenayo5@tinyurl.com', '2021-07-18 07:23:00', 220),
('c50368628', 'agooser1', 'SyDJpbpji', 'Alexandr Goose', '1906-03-30', 'Male', '171 Debs Plaza', '0844143951', 'agooser1@wordpress.org', '2021-04-18 20:19:00', 660),
('c50537662', 'svelte2z', 'WiCALSI', 'Siana Velte', '1978-05-28', 'Female', '39316 Shasta Road', '0890393689', 'svelte2z@amazon.de', '2022-09-16 12:45:00', 290),
('c50563598', 'obalasini8w', '5ZspPkqB', 'Othello Balasini', '1976-01-21', 'Male', '3 Waywood Pass', '0355954656', 'obalasini8w@fema.gov', '2021-08-13 12:24:00', 810),
('c50847759', 'esperski9f', 'HbLvuRvwB', 'Elmore Sperski', '1902-03-11', 'Male', '2 Onsgard Street', '0392437806', 'esperski9f@epa.gov', '2022-10-04 08:42:00', 850),
('c51005421', 'bmacallisteri1', 'M94RfRLeWO1x', 'Brina MacAllister', '1959-01-13', 'Other', '3 Stuart Way', '0373375495', 'bmacallisteri1@oaic.gov.au', '2021-02-22 09:24:00', 300),
('c51139266', 'mphilipardc5', 'YcRmB4Mf', 'Marianne Philipard', '1979-12-16', 'Female', '354 Blue Bill Park Terrace', '0952309399', 'mphilipardc5@miibeian.gov.cn', '2022-01-18 02:56:00', 720),
('c51153311', 'bfurphync', 'NRxATI3Xwa', 'Benoite Furphy', '1944-05-25', 'Female', '3908 Center Parkway', '0786820936', 'bfurphync@histats.com', '2022-08-21 18:55:00', 620),
('c51302418', 'cotteryk6', 'LzkaCUW6sjE', 'Curr Ottery', '1970-04-21', 'Male', '4 Golden Leaf Way', '0587074019', 'cotteryk6@netlog.com', '2021-05-17 20:34:00', 580),
('c51345232', 'mbuckerfieldaw', 'a1oOwl0X', 'Mike Buckerfield', '1909-07-21', 'Male', '642 Forest Alley', '0286971327', 'mbuckerfieldaw@google.nl', '2022-11-13 05:39:00', 410),
('c51465030', 'gupston3f', 'nq95UtE', 'Gaston Upston', '2022-04-16', 'Male', '9 Comanche Place', '0720648714', 'gupston3f@exblog.jp', '2021-08-04 21:46:00', 860),
('c51466968', 'ethurskes', 'fvZuKA75jL', 'Edna Thurske', '1955-10-03', 'Female', '03 Badeau Circle', '0953697550', 'ethurskes@oakley.com', '2022-02-03 07:28:00', 70),
('c51470029', 'bleavens9w', 'CRq6Ch', 'Bjorn Leavens', '1942-05-31', 'Male', '5683 Lakewood Road', '0885418148', 'bleavens9w@slideshare.net', '2022-01-22 00:36:00', 610),
('c51561103', 'pdufoureq9', 'JpQndiqq', 'Peadar Dufoure', '1973-11-07', 'Male', '567 Portage Point', '0154835383', 'pdufoureq9@princeton.edu', '2022-07-12 09:17:00', 690),
('c51827729', 'vpinhorn3x', 'Easl02wfXk', 'Virgina Pinhorn', '1946-11-03', 'Female', '23293 Talisman Lane', '0318148001', 'vpinhorn3x@yahoo.com', '2021-03-13 21:19:00', 660),
('c51868034', 'agilbard8s', 'xJNJbdjr5D', 'Audra Gilbard', '1958-12-10', 'Female', '36411 Washington Drive', '0779895547', 'agilbard8s@list-manage.com', '2021-12-12 01:27:00', 570),
('c52091591', 'cpickring68', 'Qj9CtT', 'Christie Pickring', '1955-06-29', 'Male', '876 Saint Paul Place', '0241181670', 'cpickring68@dot.gov', '2022-05-27 06:57:00', 240),
('c52177672', 'dsaywardp4', 'Nc2Nk9kYPqA', 'Dalenna Sayward', '1968-09-08', 'Female', '63 Comanche Circle', '0760203028', 'dsaywardp4@g.co', '2022-07-13 03:53:00', 480),
('c52306947', 'rlombardno', 'Z1gaeGMINLO', 'Randie Lombard', '1960-04-27', 'Female', '65 Bonner Street', '0847627718', 'rlombardno@meetup.com', '2022-10-24 22:24:00', 250),
('c52352971', 'fdudings', 'HuZXiDyKK', 'Faustina Dudin', '1911-05-20', 'Female', '46 Hollow Ridge Terrace', '0825424633', 'fdudings@networkadvertising.org', '2021-09-26 01:08:00', 10),
('c52401917', 'fkoresbk', 'zDV8vtvoJCs', 'Fernanda Kores', '1909-11-10', 'Female', '09 Homewood Trail', '0601430293', 'fkoresbk@globo.com', '2021-02-11 00:59:00', 290),
('c52454205', 'aconochierk', 'Gq4KfHfs', 'Anselm Conochie', '1907-10-03', 'Male', '817 Butternut Parkway', '0352712885', 'aconochierk@home.pl', '2021-12-05 22:30:00', 260),
('c52524127', 'ahartin1a', 'bDQAwB', 'Alexandr Hartin', '2012-10-11', 'Male', '869 Drewry Junction', '0812588805', 'ahartin1a@upenn.edu', '2021-02-04 16:56:00', 110),
('c52613778', 'jmacalessa0', 'KaJhvdY', 'Julieta MacAless', '2006-10-19', 'Female', '78 Ryan Court', '0139201372', 'jmacalessa0@opera.com', '2022-11-18 06:11:00', 700),
('c53128536', 'pdiq6', 'N4NQKDE', 'Phaedra Di Biagio', '2005-11-24', 'Other', '375 Glendale Plaza', '0309470501', 'pdiq6@bandcamp.com', '2021-04-18 20:35:00', 890),
('c53181072', 'wpapisne', 'j0l0eKiCu5iC', 'Whitney Papis', '2013-11-17', 'Female', '5 Cherokee Parkway', '0972462151', 'wpapisne@feedburner.com', '2021-11-21 03:45:00', 410),
('c53186891', 'eneameij', 'R0u7X1C4y', 'Ethan Neame', '1916-06-03', 'Male', '00 Bellgrove Court', '0883225060', 'eneameij@jimdo.com', '2021-10-06 01:16:00', 50),
('c53216709', 'mtompionhc', 'TybHd5NloSC8', 'Meredeth Tompion', '2012-03-17', 'Male', '6125 Burrows Crossing', '0230893968', 'mtompionhc@fc2.com', '2022-11-06 10:21:00', 230),
('c53270136', 'fdearnalyqq', 'zuLg9cjp2N', 'Flora Dearnaly', '1913-02-04', 'Female', '5 Village Green Way', '0100809409', 'fdearnalyqq@google.fr', '2022-02-23 10:31:00', 350),
('c53298889', 'mhearnfp', 'wwHG8tg', 'Maxi Hearn', '1928-04-05', 'Female', '336 Carey Circle', '0168421066', 'mhearnfp@reference.com', '2021-09-02 01:20:00', 810),
('c53344718', 'mguarinjt', '33gQhvYs', 'Marlo Guarin', '1986-07-23', 'Male', '1780 Schiller Trail', '0792160047', 'mguarinjt@mac.com', '2021-04-19 06:29:00', 70),
('c53402395', 'damnerp9', 'uKlJPY', 'Dorisa Amner', '1946-12-26', 'Female', '557 Glendale Street', '0220392173', 'damnerp9@businesswire.com', '2020-12-28 19:18:00', 330),
('c53743574', 'dyokley7l', 'kW4RE77', 'Durward Yokley', '1985-04-07', 'Male', '42178 Daystar Place', '0315894855', 'dyokley7l@csmonitor.com', '2022-10-15 21:30:00', 240),
('c53808365', 'ckedwell8z', 'aGrHwu', 'Cyrus Kedwell', '1985-08-27', 'Male', '041 Everett Terrace', '0890471953', 'ckedwell8z@java.com', '2020-12-07 07:11:00', 50),
('c53885012', 'wswetmore5k', 'fbgs699QSz', 'Willard Swetmore', '1913-11-25', 'Male', '63071 Debs Lane', '0620466843', 'wswetmore5k@latimes.com', '2021-05-17 17:24:00', 820),
('c54016331', 'ahedleyls', 'A6NMfOcnEO', 'Ahmed Hedley', '1946-12-01', 'Male', '9494 Hintze Drive', '0348830619', 'ahedleyls@is.gd', '2022-04-22 02:25:00', 990),
('c54869814', 'vhakking5s', 'UkjAifB', 'Vikki Hakking', '2018-03-12', 'Female', '936 Sutteridge Park', '0156245113', 'vhakking5s@macromedia.com', '2021-07-29 05:16:00', 970),
('c54892190', 'hmotto8e', 'mgEgzWcRclvM', 'Hailee Motto', '1939-10-31', 'Female', '59443 Merry Terrace', '0384642874', 'hmotto8e@ezinearticles.com', '2021-04-25 03:58:00', 700),
('c54904281', 'vlinger3', 'E7I3k8Xv4QP', 'Vernice Linger', '1926-01-02', 'Female', '0715 John Wall Hill', '0351809526', 'vlinger3@skype.com', '2022-01-03 07:30:00', 420),
('c54914915', 'eduesberrylb', 'uCL5oCsGrbKu', 'Evaleen Duesberry', '1986-03-31', 'Female', '97750 Maywood Avenue', '0324752101', 'eduesberrylb@pen.io', '2021-03-01 22:56:00', 560),
('c54980903', 'rcatherickcn', 'BKXNbB', 'Rancell Catherick', '1966-07-06', 'Male', '15 Elka Drive', '0327452190', 'rcatherickcn@dot.gov', '2021-06-23 11:36:00', 90),
('c55075337', 'ealiberti6d', 'gQQ33N0r0N', 'Evelin Aliberti', '1938-05-04', 'Male', '70 Petterle Hill', '0543563277', 'ealiberti6d@mayoclinic.com', '2021-04-24 18:28:00', 190),
('c55140048', 'tcrosioob', '1YNm9d7aZ1mS', 'Thor Crosio', '2002-02-06', 'Male', '97488 Mesta Street', '0697256014', 'tcrosioob@webnode.com', '2021-05-24 02:59:00', 220),
('c55225452', 'mbowlands1q', 'At2fdwUrMA8q', 'Mort Bowlands', '1976-01-22', 'Male', '52436 Rowland Crossing', '0333778582', 'mbowlands1q@technorati.com', '2022-10-07 22:16:00', 380),
('c55263467', 'lrastrickkv', '4mSQqFgmVLh', 'Lyndell Rastrick', '1954-01-30', 'Female', '4 Di Loreto Avenue', '0377597055', 'lrastrickkv@nsw.gov.au', '2022-06-06 11:06:00', 960),
('c55274539', 'zminigoew', 'iLZBBbXjgVW', 'Zaneta Minigo', '1907-09-06', 'Female', '9850 Harper Park', '0543801267', 'zminigoew@sbwire.com', '2021-08-04 22:21:00', 30),
('c55281331', 'rleveebo', 'DE3xHfY', 'Ronalda Levee', '1944-07-30', 'Female', '9 Sycamore Alley', '0376907110', 'rleveebo@about.com', '2022-02-23 10:46:00', 580),
('c55344333', 'skealeyrd', '2s6cJ2trb', 'Sydney Kealey', '1943-09-20', 'Female', '5 Lillian Center', '0458374528', 'skealeyrd@fema.gov', '2021-08-13 06:32:00', 640),
('c55442361', 'nfishburnee', 'VMVSFYH', 'Nickolas Fishburn', '1919-07-14', 'Male', '685 American Ash Junction', '0795589023', 'nfishburnee@xrea.com', '2022-06-06 19:43:00', 130),
('c55719670', 'lthoma6v', 'XhUJkW', 'Luella Thoma', '1935-05-06', 'Female', '2041 Montana Drive', '0771465228', 'lthoma6v@hugedomains.com', '2021-08-20 23:36:00', 100),
('c56012965', 'bmcauslanmi', 'zztX3O9fjy', 'Binni McAuslan', '1942-02-08', 'Female', '30 Derek Terrace', '0844143149', 'bmcauslanmi@fotki.com', '2021-08-14 22:26:00', 640),
('c56078282', 'belenerae', '6HfvJOkgd0', 'Berky Elener', '2018-08-08', 'Male', '92 Saint Paul Point', '0761177564', 'belenerae@webs.com', '2021-06-11 12:16:00', 510),
('c56259219', 'gquinnbp', 'eyYiA3kNjQ', 'Gillie Quinn', '2014-08-18', 'Female', '423 4th Plaza', '0930724084', 'gquinnbp@tinyurl.com', '2021-08-06 22:32:00', 330),
('c56347260', 'dcolchettlf', 'Tpf7d8X', 'Darby Colchett', '1979-03-05', 'Female', '5723 Montana Circle', '0762265989', 'dcolchettlf@washingtonpost.com', '2022-09-04 04:20:00', 820),
('c56477632', 'tmacmillanbj', 'VY5hK3WE', 'Teodoro MacMillan', '1945-07-14', 'Male', '1607 Southridge Street', '0367012771', 'tmacmillanbj@wiley.com', '2021-06-16 22:22:00', 890),
('c56505009', 'mdedj', 'vilJN8fPJ', 'Mikkel De Biaggi', '1972-02-21', 'Male', '06 Rusk Place', '0580292188', 'mdedj@si.edu', '2022-06-12 07:20:00', 170),
('c56557686', 'supcraft9b', 'xq3s3TlwcR', 'Sabina Upcraft', '1919-12-09', 'Female', '274 Muir Court', '0860689794', 'supcraft9b@cbsnews.com', '2021-05-05 10:35:00', 650),
('c56570661', 'tfoordgn', 'Cdhs4LmeM', 'Tammie Foord', '1930-11-03', 'Male', '7 Hooker Center', '0291425531', 'tfoordgn@domainmarket.com', '2020-11-24 17:55:00', 900),
('c56869385', 'rkeavemc', 'MsyO3w1jpv9', 'Robinia Keave', '1959-01-10', 'Female', '2750 2nd Way', '0670843435', 'rkeavemc@reuters.com', '2021-09-28 14:25:00', 110),
('c57111850', 'kbensleycw', 'rFuOgyG3fW', 'Kaleb Bensley', '1964-08-21', 'Male', '22680 Sachs Circle', '0767011364', 'kbensleycw@goodreads.com', '2022-04-02 06:11:00', 490),
('c57141958', 'kzamboniari8c', 'BZ250JH', 'Kev Zamboniari', '1922-06-21', 'Male', '87 Forest Junction', '0878085851', 'kzamboniari8c@yale.edu', '2022-05-10 14:06:00', 730),
('c57262558', 'jgiuronet', 'F2WLA3', 'Jordanna Giuron', '1993-03-18', 'Female', '4 Ronald Regan Alley', '0172352464', 'jgiuronet@cnn.com', '2022-01-19 16:26:00', 490);
INSERT INTO `customer` (`CustomerID`, `Username`, `Password`, `Name`, `Birthday`, `Gender`, `Address`, `Phone`, `Email`, `Created_time`, `Total_point`) VALUES
('c57325201', 'fcrapper2k', 'KYeUAgvsZWA', 'Frankie Crapper', '1967-02-17', 'Male', '27595 Arkansas Lane', '0798934928', 'fcrapper2k@dagondesign.com', '2022-06-11 17:19:00', 500),
('c57354625', 'fadriaanc0', 'OctKzfyKKJ0', 'Filberte Adriaan', '1961-07-15', 'Male', '484 Buena Vista Junction', '0102465994', 'fadriaanc0@timesonline.co.uk', '2022-04-15 00:12:00', 680),
('c57381848', 'agrzes98', 'f7JnXTVB', 'Agnola Grzes', '1952-07-11', 'Other', '1386 Hoepker Road', '0767255080', 'agrzes98@nih.gov', '2020-12-30 09:34:00', 310),
('c57547674', 'wteggin9r', 'vvV7lp', 'Wilfrid Teggin', '1956-11-20', 'Male', '4385 Bowman Terrace', '0791404434', 'wteggin9r@unc.edu', '2022-09-11 15:45:00', 1000),
('c57591604', 'eroylo2', 'yjGQgNqsO', 'Edmon Royl', '1999-01-23', 'Male', '25530 Rowland Point', '0797249299', 'eroylo2@marketwatch.com', '2022-02-28 20:36:00', 240),
('c57654206', 'loglessane73', '1dlFtzB', 'Lin O\'Glessane', '1939-11-20', 'Female', '062 Monument Place', '0587799490', 'loglessane73@google.nl', '2022-11-15 18:16:00', 800),
('c57974513', 'mcoll4p', 'BC47qGXVA', 'Marcelline Coll', '2001-02-28', 'Female', '5097 East Lane', '0926117563', 'mcoll4p@cornell.edu', '2021-01-28 03:46:00', 260),
('c57989133', 'ldaniellik9', 'M9gzS8Tz7A', 'Lanny Danielli', '1980-06-29', 'Other', '26427 Coleman Lane', '0195705308', 'ldaniellik9@hugedomains.com', '2021-06-07 11:35:00', 440),
('c58011469', 'mearney43', 'WShkWxr', 'Marilyn Earney', '1980-03-31', 'Female', '61 Russell Road', '0185719935', 'mearney43@reverbnation.com', '2021-05-26 08:23:00', 850),
('c58021697', 'chubbard8d', 'I97bSE78gl', 'Carlina Hubbard', '1910-04-01', 'Female', '8711 Hagan Road', '0471847398', 'chubbard8d@mit.edu', '2021-04-14 00:23:00', 830),
('c58039382', 'mthurgoodrf', 'icR1aFoC', 'Monti Thurgood', '1975-03-12', 'Male', '6246 Clemons Way', '0863039203', 'mthurgoodrf@yahoo.com', '2022-10-18 18:51:00', 410),
('c58222901', 'lmacclayc9', '9Bglj2', 'Lauren MacClay', '1977-02-18', 'Male', '5 Prentice Park', '0463658304', 'lmacclayc9@tinypic.com', '2021-11-30 12:19:00', 490),
('c58243534', 'efoynesf2', 'UcnIXlYO', 'Etan Foynes', '1990-08-09', 'Other', '896 Express Park', '0882018791', 'efoynesf2@army.mil', '2022-09-18 19:12:00', 610),
('c58336731', 'rbottrillkd', 'iYw8E0E6j', 'Rebekah Bottrill', '1960-04-08', 'Female', '98836 Sheridan Point', '0496449517', 'rbottrillkd@nydailynews.com', '2021-07-16 23:51:00', 800),
('c58665359', 'gmatyugincy', 'V8F57Fi3oy', 'Gonzalo Matyugin', '1997-07-24', 'Male', '1 Mallory Lane', '0497014456', 'gmatyugincy@va.gov', '2020-12-11 18:07:00', 10),
('c58730395', 'edollardq0', '5R3xEfrSv', 'Emelen Dollard', '1973-10-28', 'Male', '7584 Bonner Terrace', '0986677308', 'edollardq0@1und1.de', '2021-05-15 08:46:00', 330),
('c58893343', 'rnajafianj8', 'T8OutEVI', 'Rickey Najafian', '2012-07-21', 'Male', '93 Jenifer Court', '0825481759', 'rnajafianj8@de.vu', '2021-05-23 22:50:00', 110),
('c59090574', 'janstie2u', 'katypZ3PDm7L', 'Julita Anstie', '1961-03-05', 'Female', '90551 Armistice Center', '0691825290', 'janstie2u@guardian.co.uk', '2022-05-30 09:52:00', 680),
('c59098787', 'ahoundson2h', 'uXwDOwNrUl', 'Alberto Houndson', '2011-12-15', 'Male', '513 Calypso Hill', '0165352112', 'ahoundson2h@washington.edu', '2020-12-31 04:48:00', 730),
('c59106534', 'cquilty46', 'YWlw2CeoHZ', 'Ciel Quilty', '1995-02-26', 'Female', '477 John Wall Trail', '0121633457', 'cquilty46@yahoo.co.jp', '2021-06-01 09:30:00', 500),
('c59151120', 'brichfield6m', '0j6Gu0u', 'Bentlee Richfield', '1989-12-22', 'Male', '46 Utah Parkway', '0592655152', 'brichfield6m@opensource.org', '2021-12-14 05:53:00', 90),
('c59170399', 'kmcalpingr', 'KUqcru', 'Keven McAlpin', '1981-11-03', 'Male', '4 Mockingbird Drive', '0887622492', 'kmcalpingr@webeden.co.uk', '2021-10-08 23:17:00', 710),
('c59493861', 'jcaneteqd', 'SK7HQl', 'Jenica Canete', '2006-01-09', 'Female', '84160 Lukken Pass', '0388261307', 'jcaneteqd@slashdot.org', '2021-11-19 08:19:00', 520),
('c59556237', 'rstorekm7', 'EOlVrFN58d', 'Raddy Storek', '1964-07-26', 'Other', '13989 Buena Vista Junction', '0479870359', 'rstorekm7@sina.com.cn', '2021-12-12 16:18:00', 250),
('c59604637', 'rleatt80', 'L8DjQkIfgJ7i', 'Ragnar Leatt', '2004-08-16', 'Male', '377 Arizona Road', '0839903525', 'rleatt80@cornell.edu', '2022-01-16 01:21:00', 390),
('c59825739', 'mhamnetl8', 'hTA5CFAwwQc', 'Modestia Hamnet', '1985-07-25', 'Other', '6 Westerfield Avenue', '0757746550', 'mhamnetl8@hp.com', '2021-11-29 02:34:00', 560),
('c59906293', 'fcocheni', 'nlhKQv0tR', 'Faber Coche', '2008-03-04', 'Male', '518 Donald Street', '0433702977', 'fcocheni@twitter.com', '2022-08-12 01:33:00', 870),
('c59960968', 'abrutonqr', 'MZzQner', 'Aland Bruton', '1977-07-25', 'Male', '03 Emmet Street', '0810544036', 'abrutonqr@geocities.jp', '2021-10-16 00:43:00', 940),
('c60061406', 'dcockshotmx', 'TSrLnu', 'Deanna Cockshot', '1945-08-17', 'Female', '53 Orin Lane', '0594300662', 'dcockshotmx@nps.gov', '2022-09-27 06:09:00', 190),
('c60174039', 'barblaster7i', 'dwArIDp4', 'Brenden Arblaster', '2004-04-05', 'Male', '20577 Texas Parkway', '0612985225', 'barblaster7i@dyndns.org', '2021-11-14 14:27:00', 810),
('c60268796', 'bkingeb8', 'fSTfhTM0Omd6', 'Bondon Kinge', '1973-08-23', 'Male', '6720 Orin Plaza', '0821058895', 'bkingeb8@ycombinator.com', '2021-02-11 12:33:00', 140),
('c60323582', 'turpethkn', 'Z1DE5T5jiZL', 'Tymothy Urpeth', '2019-05-24', 'Male', '71 Northland Center', '0587654417', 'turpethkn@yelp.com', '2021-07-21 03:36:00', 20),
('c60374609', 'savrahamqc', 'CsdCs8neK', 'Sascha Avraham', '1937-08-17', 'Female', '86326 Orin Parkway', '0311443526', 'savrahamqc@networkadvertising.org', '2021-08-06 18:07:00', 170),
('c60391834', 'goveryhr', 'Jrp8LGy', 'Giustina Overy', '1937-03-20', 'Female', '48685 Division Park', '0162732055', 'goveryhr@opera.com', '2021-01-13 04:21:00', 740),
('c60428473', 'apetts8y', 'jJqKszep5', 'Alisander Petts', '1982-03-25', 'Male', '4 Trailsway Street', '0988915860', 'apetts8y@google.de', '2020-11-29 19:18:00', 630),
('c60610297', 'rbyhama7', 'HiSaocSX', 'Renaldo Byham', '2005-02-13', 'Male', '25 Orin Drive', '0952185029', 'rbyhama7@shop-pro.jp', '2021-09-08 02:25:00', 300),
('c60674922', 'sredittlo', 'BogMw6Vajpe', 'Shannon Reditt', '2017-05-12', 'Male', '08 Schmedeman Way', '0430294520', 'sredittlo@aboutads.info', '2021-10-03 07:22:00', 270),
('c60765906', 'jmassiei8', 'vY6IwtX8lPt', 'Joannes Massie', '1949-09-14', 'Female', '3 Johnson Crossing', '0894528556', 'jmassiei8@howstuffworks.com', '2022-04-11 15:59:00', 770),
('c60928679', 'cstephen52', 'dBftpXC8ZENp', 'Clarisse Stephen', '1941-03-03', 'Female', '9914 Continental Circle', '0317820210', 'cstephen52@state.tx.us', '2021-09-08 03:52:00', 930),
('c60994617', 'dgravetde', 'rMU6P4', 'Delmar Gravet', '1919-06-20', 'Male', '3351 Paget Point', '0967818996', 'dgravetde@mac.com', '2021-09-02 15:00:00', 460),
('c61045201', 'ccattermull91', 'qLFzzCl', 'Clint Cattermull', '1917-06-02', 'Male', '4428 Vermont Lane', '0870935492', 'ccattermull91@tripadvisor.com', '2021-08-16 22:45:00', 340),
('c61104348', 'trastall2b', '9IfshRg0q', 'Tyler Rastall', '1943-12-03', 'Male', '623 Northport Way', '0463232045', 'trastall2b@cloudflare.com', '2022-05-17 19:51:00', 780),
('c61126709', 'dmerrikin74', 'FOv1ie', 'Dun Merrikin', '1997-03-25', 'Male', '08 Stang Alley', '0831580336', 'dmerrikin74@imgur.com', '2022-07-03 13:31:00', 500),
('c61285601', 'jtanthj', 'UenFLkZvD', 'Jill Tant', '1939-10-22', 'Female', '17884 Maple Wood Avenue', '0730989235', 'jtanthj@istockphoto.com', '2022-01-21 18:26:00', 720),
('c61307048', 'rvereyrg', 'CSBLX2x85g', 'Renaud Verey', '1934-08-27', 'Male', '3429 Burrows Drive', '0544376454', 'rvereyrg@senate.gov', '2021-02-11 10:05:00', 880),
('c61337585', 'dcogginsce', 'KG1oEiQP', 'Darsey Coggins', '1955-12-21', 'Female', '5293 Kenwood Circle', '0877143963', 'dcogginsce@cbc.ca', '2022-07-26 11:54:00', 830),
('c61534373', 'bswetmorel2', 'kyCtCxNAN3', 'Blane Swetmore', '1976-06-04', 'Male', '7 Glendale Terrace', '0244155406', 'bswetmorel2@rakuten.co.jp', '2022-03-18 06:44:00', 320),
('c61579194', 'oboardman3o', 'H9s1nwdQn0p', 'Obadiah Boardman', '1954-08-10', 'Other', '244 Meadow Valley Point', '0994100699', 'oboardman3o@chron.com', '2021-08-08 08:52:00', 900),
('c61585330', 'mpimlettcl', 'mzjbhYY4zUpb', 'Mile Pimlett', '1979-03-17', 'Other', '2119 Bowman Trail', '0733044179', 'mpimlettcl@issuu.com', '2022-04-20 23:06:00', 970),
('c61900530', 'jmoormang2', 'l19EuF0lDQ', 'Jillie Moorman', '1917-04-05', 'Female', '7 Dorton Alley', '0922460017', 'jmoormang2@chronoengine.com', '2022-06-16 04:48:00', 780),
('c62082335', 'czanicchellikr', 'NWR5mFDI', 'Cherise Zanicchelli', '1969-03-01', 'Female', '5 Laurel Plaza', '0746745762', 'czanicchellikr@businesswire.com', '2022-01-30 13:25:00', 750),
('c62086659', 'fwikejr', '3c1tg9E', 'Frasco Wike', '1930-01-17', 'Male', '65 4th Pass', '0597090568', 'fwikejr@drupal.org', '2022-01-24 02:09:00', 150),
('c62121428', 'shubbins5u', 'XvLkf9', 'Susette Hubbins', '1936-09-25', 'Female', '0 Washington Junction', '0573319133', 'shubbins5u@tripadvisor.com', '2021-06-24 02:26:00', 280),
('c62197057', 'vdaw72', '0u7If47m2DE6', 'Valry Daw', '1949-02-08', 'Female', '28770 Melody Avenue', '0274703072', 'vdaw72@icio.us', '2022-10-09 18:37:00', 310),
('c62271612', 'nbartell2y', 'lVvLYl3', 'Nanete Bartell', '1903-06-10', 'Female', '212 Ilene Crossing', '0258147586', 'nbartell2y@tiny.cc', '2021-08-08 05:32:00', 380),
('c62348853', 'tjiggens8', '5IRs9FO', 'Titus Jiggens', '1977-03-16', 'Male', '91 Jana Circle', '0489983695', 'tjiggens8@usnews.com', '2021-08-12 21:13:00', 570),
('c62683900', 'spetschelpu', '6PwWBTfse', 'Suzy Petschel', '2017-06-02', 'Female', '3 Bellgrove Pass', '0786809758', 'spetschelpu@ifeng.com', '2021-09-27 18:06:00', 330),
('c62745777', 'cludll3', 'hQZ5PiSl', 'Carlyle Ludl', '1912-05-20', 'Male', '582 Lindbergh Hill', '0341381529', 'cludll3@imdb.com', '2021-12-13 10:21:00', 680),
('c62748603', 'mlatusn1', 'gYTBn8kqWzqb', 'Murdock Latus', '1943-04-14', 'Male', '943 Mayfield Center', '0674558690', 'mlatusn1@google.com.au', '2021-09-11 15:37:00', 770),
('c62772031', 'apessel1u', 'vP6XDpeMHUVZ', 'Anders Pessel', '1954-08-01', 'Male', '63 Texas Terrace', '0303272888', 'apessel1u@amazon.co.jp', '2022-09-12 02:50:00', 920),
('c62806637', 'cmatzeitis75', '1ElBIiHkT', 'Colly Matzeitis', '2007-05-09', 'Female', '2490 Merchant Lane', '0738988768', 'cmatzeitis75@furl.net', '2021-01-30 14:14:00', 560),
('c62894264', 'kjanosp3', 'Xx32PwfIPvsU', 'Keelby Janos', '1995-06-26', 'Male', '33682 Eagle Crest Way', '0235816880', 'kjanosp3@google.com.hk', '2022-03-27 14:46:00', 600),
('c62943462', 'hfrondta8', 'R0XDmTBU', 'Herbert Frondt', '1982-04-10', 'Male', '01 Del Sol Avenue', '0827580486', 'hfrondta8@printfriendly.com', '2021-01-26 05:51:00', 670),
('c63493946', 'bizkovitch6h', 'y3rOuu', 'Blane Izkovitch', '2021-10-25', 'Male', '417 Mandrake Circle', '0836294779', 'bizkovitch6h@indiatimes.com', '2020-11-25 12:29:00', 20),
('c63698420', 'aburrill9q', 'fHXxYZ', 'Allayne Burrill', '1924-09-18', 'Male', '3 Alpine Junction', '0187724045', 'aburrill9q@wufoo.com', '2021-06-10 21:13:00', 630),
('c63895386', 'nplampeynbz', 'WJs65z2GU', 'Nina Plampeyn', '1979-12-01', 'Female', '66039 Basil Crossing', '0266473557', 'nplampeynbz@histats.com', '2022-09-15 23:48:00', 280),
('c63897847', 'fguess6j', 'wTIq0jB', 'Frazier Guess', '2017-05-06', 'Male', '64 Bobwhite Pass', '0143229582', 'fguess6j@hostgator.com', '2022-08-03 10:34:00', 70),
('c64014121', 'hkingsleyeu', 'KJBeZa', 'Hillie Kingsley', '1925-11-10', 'Male', '74 Eagle Crest Parkway', '0905581240', 'hkingsleyeu@domainmarket.com', '2022-02-23 11:27:00', 170),
('c64156103', 'hemtagema', 'am7PtG', 'Heywood Emtage', '1973-08-18', 'Male', '19688 Pine View Trail', '0142641603', 'hemtagema@google.fr', '2022-04-10 03:29:00', 320),
('c64221058', 'edammarell4n', 'bS66uv', 'Ester Dammarell', '1984-08-19', 'Female', '358 Fallview Trail', '0289067795', 'edammarell4n@huffingtonpost.com', '2020-12-23 12:59:00', 870),
('c64385805', 'tkimberleyf9', 'VYrZyG', 'Tracy Kimberley', '1933-12-16', 'Female', '0647 Esker Terrace', '0144313147', 'tkimberleyf9@skyrock.com', '2021-09-28 09:03:00', 580),
('c64438376', 'nallsebrook8x', 'ks5zqm', 'Nickie Allsebrook', '1910-01-16', 'Male', '0163 Petterle Drive', '0846591533', 'nallsebrook8x@wikia.com', '2022-09-08 21:57:00', 430),
('c64523355', 'sthomsonoq', 'JXVXAA', 'Starla Thomson', '2001-12-30', 'Other', '4 Karstens Lane', '0438866001', 'sthomsonoq@umich.edu', '2022-03-14 00:30:00', 870),
('c64910998', 'caleksandreviq', 'VPCQ7cmfOZ', 'Candice Aleksandrev', '1946-01-21', 'Female', '89 Luster Drive', '0984554079', 'caleksandreviq@cyberchimps.com', '2022-06-01 16:24:00', 340),
('c64919100', 'fheinlb4', 'WyS6tkXMHEg', 'Fran Heinl', '1981-08-11', 'Female', '635 Loftsgordon Trail', '0509609684', 'fheinlb4@intel.com', '2022-06-15 15:06:00', 420),
('c65015445', 'abowellk1', 'fOtJ04TU', 'Amity Bowell', '2004-12-10', 'Female', '3656 Declaration Court', '0928187963', 'abowellk1@ucla.edu', '2021-04-12 10:57:00', 160),
('c65044718', 'rog6', 'oL3lNX6m', 'Ragnar O\' Borne', '2004-07-28', 'Male', '742 Blue Bill Park Circle', '0759009885', 'rog6@nih.gov', '2022-07-30 12:15:00', 430),
('c65469940', 'mroofejg', 'J3sA3y', 'Marius Roofe', '1966-09-24', 'Male', '84961 Corscot Avenue', '0705881168', 'mroofejg@apache.org', '2021-10-25 11:03:00', 570),
('c65619142', 'awellesley2c', 'pqSzMPa', 'Anallese Wellesley', '2003-03-05', 'Female', '765 Anderson Pass', '0551710248', 'awellesley2c@cpanel.net', '2022-10-22 03:54:00', 900),
('c65634198', 'ftillerit', 'Xcw27k9', 'Freddy Tiller', '1929-04-13', 'Female', '59 Bonner Road', '0494449914', 'ftillerit@parallels.com', '2021-07-17 21:53:00', 570),
('c65698032', 'hbirwhistlegd', 's0kFab', 'Heidie Birwhistle', '1995-04-05', 'Female', '51270 Farragut Drive', '0268150744', 'hbirwhistlegd@eepurl.com', '2021-09-20 23:25:00', 400),
('c65761282', 'brittelmeyerd4', 'VPmj88ZlaY', 'Beverlie Rittelmeyer', '1917-06-06', 'Female', '93 Green Terrace', '0163049351', 'brittelmeyerd4@flavors.me', '2021-01-15 15:36:00', 660),
('c65832855', 'hsemmenceq4', 'OjWFmQ3UU', 'Hyacintha Semmence', '1997-10-10', 'Female', '2 Lien Pass', '0607548330', 'hsemmenceq4@samsung.com', '2020-12-30 02:44:00', 420),
('c65839746', 'ssalvage6f', 'P9UzFfyEG2X7', 'Sherman Salvage', '1903-04-20', 'Male', '674 Mallory Pass', '0282864149', 'ssalvage6f@marriott.com', '2022-05-17 00:59:00', 230),
('c65859021', 'ngellibrandgv', '8HfxRtP8a2r2', 'Nikki Gellibrand', '2019-11-18', 'Male', '021 Mesta Center', '0846006649', 'ngellibrandgv@huffingtonpost.com', '2022-04-14 00:19:00', 710),
('c65903612', 'orock8b', 'dDBOOSJ1', 'Opalina Rock', '1916-02-29', 'Female', '2093 Hauk Junction', '0614351720', 'orock8b@live.com', '2022-02-23 18:58:00', 760),
('c66008225', 'kmarrisca', 'ze4Dtl1K', 'Kynthia Marris', '1999-06-29', 'Female', '03250 Ohio Alley', '0234307016', 'kmarrisca@huffingtonpost.com', '2021-04-19 22:47:00', 960),
('c66150639', 'tmcgradyqf', 'KSkaJll', 'Tiphanie McGrady', '1919-03-07', 'Female', '91 Shelley Point', '0218791636', 'tmcgradyqf@vk.com', '2021-04-10 08:49:00', 740),
('c66167627', 'bcarlemanbs', '1m3PTbe', 'Brandais Carleman', '1984-02-26', 'Female', '295 Corry Hill', '0445026502', 'bcarlemanbs@w3.org', '2022-07-25 12:05:00', 840),
('c66173307', 'gmedwell8r', 'kuTPmjKM', 'Giles Medwell', '1924-03-29', 'Male', '3 Huxley Place', '0849344212', 'gmedwell8r@illinois.edu', '2021-08-23 15:42:00', 10),
('c66310297', 'odyson26', '7lQlRM0xvp9', 'Oswell Dyson', '1957-01-01', 'Male', '31165 Vidon Trail', '0966534495', 'odyson26@vistaprint.com', '2021-07-21 17:33:00', 720),
('c66454654', 'glallyp7', 'jJ8YrA6BFoXv', 'Gates Lally', '1953-03-04', 'Female', '05583 Kinsman Terrace', '0551764349', 'glallyp7@ted.com', '2020-12-04 01:07:00', 470),
('c66724008', 'beberleeq', 'p9DJTcyD5', 'Bridget Eberle', '1966-02-12', 'Female', '80753 Blue Bill Park Street', '0168299598', 'beberleeq@angelfire.com', '2021-11-01 17:03:00', 90),
('c66849021', 'pboageyf5', '6daaQjgYP', 'Pepi Boagey', '2013-10-09', 'Female', '1369 Mayfield Place', '0876056401', 'pboageyf5@digg.com', '2022-10-22 01:53:00', 830),
('c66887869', 'adeir', '9vRMeLz69C', 'Agosto De Lisle', '1931-09-24', 'Male', '622 Dennis Pass', '0648712911', 'adeir@live.com', '2022-01-18 12:42:00', 600),
('c66903110', 'aminchindondz', 'Jpv4FmKhKk4', 'Andrey Minchindon', '2021-04-26', 'Male', '521 Hoffman Hill', '0716697269', 'aminchindondz@paypal.com', '2021-05-13 14:47:00', 270),
('c66922532', 'kropkingmp', 'HU5vaV', 'Kirsti Ropking', '1920-10-16', 'Female', '38312 Dexter Avenue', '0434634027', 'kropkingmp@goodreads.com', '2021-12-09 11:54:00', 440),
('c66949124', 'asibillek0', '9EMCgzM', 'Aldric Sibille', '1945-09-22', 'Male', '32880 Novick Trail', '0813288154', 'asibillek0@vistaprint.com', '2021-12-27 05:29:00', 940),
('c66977637', 'rgarrad6w', 'hwQYCLJ7', 'Ronny Garrad', '1972-04-19', 'Female', '5 Nobel Alley', '0845733624', 'rgarrad6w@shinystat.com', '2022-02-03 02:41:00', 930),
('c67096055', 'vharrellak', 'HYHENfaTgi', 'Valeria Harrell', '2006-02-22', 'Female', '153 Memorial Court', '0587134302', 'vharrellak@wordpress.com', '2022-07-12 18:35:00', 220),
('c67271143', 'bmcdonaldai', '9Ni9PAqX6HJ', 'Bernette McDonald', '1940-02-21', 'Female', '9 Artisan Parkway', '0654185108', 'bmcdonaldai@last.fm', '2022-02-03 01:54:00', 120),
('c67281472', 'wjoselovitch5o', 'KytHqJRbthvS', 'Wade Joselovitch', '1914-07-19', 'Male', '349 Magdeline Junction', '0861322411', 'wjoselovitch5o@whitehouse.gov', '2022-08-23 23:55:00', 60),
('c67361128', 'rlethemel', 'jFuWvLoAL', 'Rakel Lethem', '1983-05-30', 'Female', '984 Lighthouse Bay Circle', '0842608160', 'rlethemel@netscape.com', '2022-08-31 04:54:00', 790),
('c67535051', 'fmartinelloqz', '27UD75Pst5', 'Forbes Martinello', '1912-04-20', 'Male', '68148 Katie Crossing', '0766922510', 'fmartinelloqz@phoca.cz', '2022-02-13 02:44:00', 200),
('c67663136', 'moxenforddy', 'SYmxvFOivUS5', 'Marielle Oxenford', '1935-05-16', 'Female', '1371 Saint Paul Junction', '0876877417', 'moxenforddy@google.co.jp', '2022-11-10 12:52:00', 130),
('c67729539', 'tpopworthds', 'h2xUqzuYNOc', 'Tabina Popworth', '1932-10-02', 'Female', '76 Melrose Court', '0463648981', 'tpopworthds@domainmarket.com', '2021-04-22 05:02:00', 710),
('c67743639', 'gwellardnp', 'ChfkyX2ZXme', 'Geno Wellard', '1905-04-08', 'Male', '22 Clemons Road', '0482147840', 'gwellardnp@samsung.com', '2022-09-05 15:35:00', 240),
('c67918077', 'adelouchm5', 'bZqIwh1bFIzM', 'Arron Delouch', '2007-02-10', 'Male', '3 Lakeland Circle', '0554785145', 'adelouchm5@technorati.com', '2021-09-08 13:28:00', 300),
('c68009145', 'rplaide9', 'SonglGkfZVg', 'Ross Plaide', '1934-11-19', 'Male', '5646 Blue Bill Park Way', '0728828755', 'rplaide9@irs.gov', '2021-08-11 01:11:00', 890),
('c68627682', 'meskriettol', 'dexFemcadrIw', 'Malinda Eskriett', '1991-09-14', 'Female', '72 Summit Circle', '0726966902', 'meskriettol@sciencedirect.com', '2020-12-21 17:24:00', 180),
('c68683112', 'rstollenhofc1', 'JFtOpw', 'Renaud Stollenhof', '1975-10-12', 'Male', '040 Meadow Ridge Circle', '0373461084', 'rstollenhofc1@nba.com', '2022-05-14 00:24:00', 180),
('c68702110', 'pousley38', 'mIHFmiTyw', 'Peggy Ousley', '1939-05-30', 'Female', '88048 Surrey Way', '0897802387', 'pousley38@europa.eu', '2022-03-05 03:11:00', 690),
('c68714734', 'nwyne3h', 'GgV6dLWnroZ', 'Nester Wyne', '1935-06-04', 'Other', '8388 Colorado Street', '0879944346', 'nwyne3h@trellian.com', '2021-01-31 12:26:00', 20),
('c68741539', 'gvobesm9', 'Gs5WSBDt', 'Ginelle Vobes', '2000-05-23', 'Female', '5 Fuller Point', '0679937511', 'gvobesm9@hhs.gov', '2022-04-17 21:59:00', 190),
('c68855655', 'echander6o', '2NxqTQ', 'Evangeline Chander', '2020-12-08', 'Female', '2 Toban Alley', '0881536155', 'echander6o@loc.gov', '2022-01-16 21:48:00', 40),
('c68887451', 'hbecker5b', 'wojGDA9w8X', 'Hagen Becker', '1974-04-27', 'Male', '0 Ilene Road', '0414253323', 'hbecker5b@nasa.gov', '2022-10-17 18:07:00', 440),
('c68921858', 'rcroucherb5', 'hpATzOwRbR', 'Reinaldo Croucher', '2002-05-01', 'Male', '4 Daystar Trail', '0898723379', 'rcroucherb5@cnbc.com', '2021-12-30 23:56:00', 430),
('c69079992', 'lmcimmier6', 'Sa5m8Qbg2Sak', 'Leora Mcimmie', '2009-07-27', 'Female', '322 Victoria Crossing', '0725202986', 'lmcimmier6@umich.edu', '2022-06-24 18:06:00', 830),
('c69150419', 'bchristofides7f', 'KwywAOs2wFbX', 'Benni Christofides', '2011-09-25', 'Female', '95 Comanche Lane', '0862007148', 'bchristofides7f@miitbeian.gov.cn', '2020-12-14 15:23:00', 910),
('c69174321', 'ede3l', 'JrwFEmoiN3', 'Esmeralda de Grey', '1924-10-08', 'Female', '8 Kennedy Lane', '0312633654', 'ede3l@uiuc.edu', '2021-11-26 15:42:00', 710),
('c69645411', 'gbootherstonep2', 'o1LcJn2TdUN', 'Gerti Bootherstone', '1920-08-25', 'Female', '2180 Kipling Circle', '0772303294', 'gbootherstonep2@businessweek.com', '2021-08-22 13:29:00', 730),
('c69717899', 'kdingleyo8', 'P2McywgjO8', 'Kilian Dingley', '1966-05-25', 'Male', '53119 Eastlawn Crossing', '0559975170', 'kdingleyo8@ocn.ne.jp', '2021-07-28 06:23:00', 120),
('c69740484', 'cpodmorek8', 'pest6d6rOlP', 'Candra Podmore', '2011-12-09', 'Female', '16611 Amoth Pass', '0893897873', 'cpodmorek8@umn.edu', '2022-08-27 08:33:00', 660),
('c69860232', 'sdelleroj', 'V0vdlKdB7i', 'Sergeant Deller', '1914-02-24', 'Male', '75909 Anniversary Trail', '0365008329', 'sdelleroj@hao123.com', '2021-06-22 17:06:00', 150),
('c69950229', 'dbenwell9c', 'L7uakn', 'Drusi Benwell', '2022-09-15', 'Other', '985 Schurz Hill', '0532093381', 'dbenwell9c@tumblr.com', '2022-05-23 05:11:00', 610),
('c70015641', 'klynds9m', 'MLg8QZiw96o', 'Kaela Lynds', '1989-07-17', 'Female', '2 Bobwhite Drive', '0156623188', 'klynds9m@storify.com', '2021-11-09 21:16:00', 10),
('c70046691', 'dellissenla', 'wf2AafybZ', 'Dillie Ellissen', '1986-02-04', 'Male', '58888 Dwight Hill', '0659616420', 'dellissenla@friendfeed.com', '2022-03-05 16:35:00', 650),
('c70074294', 'lnix90', 'KL96o98A3qtU', 'Loralyn Nix', '1920-04-11', 'Female', '9 Fieldstone Drive', '0913227011', 'lnix90@umn.edu', '2021-01-19 23:25:00', 180),
('c70256447', 'fmathouse9u', 'cmNGZSAfgn5m', 'Far Mathouse', '1918-10-16', 'Male', '9662 Lake View Trail', '0316374605', 'fmathouse9u@virginia.edu', '2021-03-09 00:33:00', 800),
('c70292616', 'sscholarqs', '5ozybRM', 'Sara Scholar', '1904-07-30', 'Female', '97 Cody Junction', '0126010852', 'sscholarqs@ebay.com', '2021-09-10 08:20:00', 580),
('c70313643', 'cvaunaz', 'roASI7Vmqga', 'Caresa Vaun', '1906-09-16', 'Female', '91 Redwing Circle', '0850152292', 'cvaunaz@live.com', '2022-08-22 23:27:00', 440),
('c70515331', 'oproudlockf1', 'Uh2W1xWaM', 'Otes Proudlock', '2008-11-12', 'Male', '33501 Graceland Parkway', '0845801997', 'oproudlockf1@bizjournals.com', '2022-04-10 07:02:00', 320),
('c70554889', 'cgadsby7n', 'cVXaQBXrf', 'Celie Gadsby', '1934-11-05', 'Female', '312 Cardinal Crossing', '0796161479', 'cgadsby7n@webmd.com', '2021-05-21 07:40:00', 500),
('c70619494', 'deldrett6l', 'mHUS1r1ZT2W', 'Drucie Eldrett', '2022-05-01', 'Female', '66 Cardinal Way', '0262281256', 'deldrett6l@chron.com', '2021-11-10 02:43:00', 160),
('c70653418', 'pbusst2t', 'J454TQgi', 'Pamelina Busst', '1956-05-23', 'Female', '03 Onsgard Street', '0296073390', 'pbusst2t@webeden.co.uk', '2021-04-06 18:49:00', 610),
('c70872757', 'stomanek7k', 'w2fBWrJVEz', 'Staci Tomanek', '1991-03-18', 'Female', '32325 Bultman Avenue', '0398606407', 'stomanek7k@npr.org', '2021-03-19 11:28:00', 890),
('c70881399', 'bdavidofrc', 'wZ6vh1E', 'Bernadette Davidof', '2005-02-16', 'Female', '7 Elka Pass', '0108800949', 'bdavidofrc@twitpic.com', '2021-11-16 14:02:00', 790),
('c71010779', 'scowlasfa', 'tyv8e9fTra', 'Steffane Cowlas', '1910-09-03', 'Female', '84807 Stuart Crossing', '0832046037', 'scowlasfa@seesaa.net', '2021-06-19 19:52:00', 210),
('c71210868', 'tfruchterrl', 'YCspfOEq0nIG', 'Tara Fruchter', '1916-03-23', 'Other', '3 Canary Junction', '0655056093', 'tfruchterrl@shinystat.com', '2021-07-16 04:34:00', 590),
('c71290367', 'hneeshamnj', '5whtQMPJ9', 'Herb Neesham', '1909-06-05', 'Male', '2575 Lakeland Park', '0460040509', 'hneeshamnj@jiathis.com', '2022-05-01 16:25:00', 980),
('c71712629', 'cwilseebx', 'yUBQcpyL', 'Carmine Wilsee', '1981-02-22', 'Male', '4 Mesta Parkway', '0412844694', 'cwilseebx@google.nl', '2021-06-17 05:04:00', 750),
('c71717666', 'kheadley57', 'rNqhASYF', 'Kimberly Headley', '1973-09-24', 'Female', '0482 Longview Trail', '0345212828', 'kheadley57@washington.edu', '2022-07-21 04:46:00', 380),
('c71774780', 'givanchin85', 'eu3pLj64', 'Germayne Ivanchin', '2010-05-01', 'Male', '0027 American Ash Drive', '0204788172', 'givanchin85@squarespace.com', '2022-11-14 21:43:00', 360),
('c71809176', 'chammond9s', 'TK37NQTX2oIG', 'Colan Hammond', '1937-01-13', 'Male', '386 Sutherland Circle', '0520340642', 'chammond9s@mapy.cz', '2022-11-07 06:06:00', 340),
('c71816493', 'ehankeyg7', '8v0uf6C', 'Ewan Hankey', '1917-12-09', 'Male', '70 Lukken Parkway', '0952665748', 'ehankeyg7@tuttocitta.it', '2021-10-25 00:10:00', 710),
('c71884706', 'fdarleston99', 'cw5pV090W', 'Fianna Darleston', '1947-02-25', 'Female', '5 Meadow Valley Point', '0474622392', 'fdarleston99@wix.com', '2022-07-15 17:34:00', 590),
('c72009468', 'opicott6y', 'KPrSXNat22et', 'Olva Picott', '1961-06-20', 'Female', '01 Derek Court', '0873891282', 'opicott6y@hostgator.com', '2022-01-20 14:58:00', 610),
('c72104169', 'hedis1s', 'FswNoQsUF0hC', 'Hamilton Edis', '1948-09-04', 'Male', '32 Mandrake Crossing', '0635191354', 'hedis1s@liveinternet.ru', '2021-08-08 06:49:00', 230),
('c72158269', 'gwrintmorekm', 'dSZWsr7B', 'Gib Wrintmore', '1970-10-24', 'Male', '232 Lindbergh Point', '0554274312', 'gwrintmorekm@biglobe.ne.jp', '2021-01-30 05:29:00', 890),
('c72264992', 'wsolomonidesgt', '6kjDHlv3OtJY', 'Wit Solomonides', '2009-04-26', 'Male', '15 Sundown Trail', '0713366677', 'wsolomonidesgt@nyu.edu', '2021-01-25 01:28:00', 750),
('c72453727', 'shapkeer', 'eGmxKI2C', 'Selinda Hapke', '1924-02-26', 'Female', '551 Graceland Lane', '0471682533', 'shapkeer@wiley.com', '2022-01-01 16:48:00', 280),
('c72534469', 'ojacks4e', '7LuxxBHprt9B', 'Odilia Jacks', '1998-09-22', 'Female', '251 Kings Lane', '0387514810', 'ojacks4e@baidu.com', '2021-06-29 14:00:00', 400),
('c72695272', 'gswapp5d', 'DU3wTDjz', 'Gretel Swapp', '1969-08-31', 'Female', '531 Marquette Drive', '0866668651', 'gswapp5d@about.com', '2022-02-17 15:31:00', 880),
('c72775530', 'tnesfieldfq', 'g2wa32nqMzE', 'Tobey Nesfield', '1928-09-10', 'Female', '005 Porter Crossing', '0520764137', 'tnesfieldfq@typepad.com', '2022-10-02 12:44:00', 880),
('c73024016', 'vriggulsford5m', '6sWYEqKL', 'Vinita Riggulsford', '1969-03-05', 'Female', '4929 Alpine Trail', '0932711203', 'vriggulsford5m@toplist.cz', '2022-03-16 04:11:00', 370),
('c73110893', 'hlukesch3q', 'ak246xqK', 'Haslett Lukesch', '1935-01-10', 'Male', '29916 Jenna Way', '0685698050', 'hlukesch3q@elpais.com', '2021-07-20 23:03:00', 80),
('c73138222', 'ttizzard58', 'r7f4h6uNCi', 'Tabbie Tizzard', '1938-05-20', 'Female', '42 Kedzie Point', '0876311421', 'ttizzard58@imdb.com', '2022-01-31 21:17:00', 860),
('c73442005', 'pjencken49', 'CoqOZhMx', 'Persis Jencken', '2020-04-21', 'Female', '17178 Kingsford Way', '0231142476', 'pjencken49@reuters.com', '2022-11-08 04:20:00', 430),
('c73470019', 'afrudefs', 'xuoOPugP', 'Artie Frude', '1944-06-29', 'Male', '02251 Northfield Way', '0990213714', 'afrudefs@ycombinator.com', '2021-04-12 03:37:00', 640),
('c73532762', 'amaccart1d', '3rU9t5hQOt9s', 'Annis MacCart', '1904-04-28', 'Female', '395 Mockingbird Road', '0947596152', 'amaccart1d@nhs.uk', '2022-08-14 09:06:00', 890),
('c73645973', 'dvignaux10', 'fM4ThVJyDT', 'Debi Vignaux', '1995-07-22', 'Female', '0 Vera Drive', '0389897965', 'dvignaux10@ted.com', '2021-05-06 02:22:00', 100),
('c73681258', 'bcalkendi', 'KqoER8PbYQPn', 'Bert Calken', '1960-04-27', 'Male', '1001 Elgar Place', '0152642157', 'bcalkendi@boston.com', '2021-01-09 19:44:00', 20),
('c73850266', 'tbramehq', 'wq7L6EG', 'Ted Brame', '1915-08-10', 'Male', '92 Dunning Avenue', '0186896619', 'tbramehq@vkontakte.ru', '2021-02-05 12:26:00', 990),
('c73936361', 'dbrazearjb', 'ZXrBwvK', 'Delia Brazear', '1959-03-30', 'Female', '740 Eggendart Point', '0589128678', 'dbrazearjb@nps.gov', '2022-06-20 23:03:00', 900),
('c73955792', 'lgullivent9g', 'ZIHTWY', 'Locke Gullivent', '1974-06-07', 'Male', '0376 Badeau Lane', '0483686449', 'lgullivent9g@webs.com', '2021-06-13 00:24:00', 780),
('c73982346', 'dforestelfl', 'C0sGcTAApI', 'Dillie Forestel', '1924-07-01', 'Other', '12 Drewry Pass', '0456841254', 'dforestelfl@boston.com', '2022-04-10 05:37:00', 670),
('c74026576', 'jwinspurr47', 'XuFdNv9q', 'Justin Winspurr', '1992-06-20', 'Male', '86917 Bellgrove Crossing', '0591796944', 'jwinspurr47@auda.org.au', '2021-08-28 19:55:00', 960),
('c74027066', 'mhearnden7u', 'yRWHLcr', 'Marvin Hearnden', '1926-11-24', 'Male', '90606 Warrior Pass', '0883558183', 'mhearnden7u@hexun.com', '2022-01-01 10:42:00', 220),
('c74059027', 'slavisr9', 'hNH2NL', 'Sabina Lavis', '1916-12-18', 'Female', '4 Mitchell Avenue', '0713145397', 'slavisr9@topsy.com', '2022-01-22 16:31:00', 820),
('c74083002', 'ccasho', 'sMN0fb8JN', 'Camey Cash', '1960-05-01', 'Male', '04455 Sunfield Plaza', '0124960512', 'ccasho@elegantthemes.com', '2022-04-01 18:25:00', 730),
('c74223005', 'dbernardonck', 'ZQT43r', 'Delcine Bernardon', '1914-03-27', 'Female', '89153 Wayridge Park', '0948437014', 'dbernardonck@ifeng.com', '2022-03-25 10:23:00', 210),
('c74245628', 'abeadell3c', 'o05ubPZDqkuV', 'Ansel Beadell', '1905-10-01', 'Male', '5 Starling Center', '0330566508', 'abeadell3c@google.pl', '2022-09-03 08:30:00', 280),
('c74247797', 'aalexandreaa', 'hKXdZhz', 'Andriana Alexandre', '1992-11-14', 'Female', '2 Gulseth Junction', '0858481745', 'aalexandreaa@salon.com', '2021-08-18 21:06:00', 420),
('c74271513', 'psanderson1r', 'acMxCuW2ySFn', 'Patrizia Sanderson', '1966-08-01', 'Female', '9261 Merrick Way', '0729765581', 'psanderson1r@sohu.com', '2021-05-25 17:54:00', 50),
('c74292160', 'ngollarday', 'XTqoEkFaToy3', 'Nickolas Gollard', '1991-05-11', 'Male', '92 Superior Trail', '0830610967', 'ngollarday@last.fm', '2020-12-25 11:56:00', 740),
('c74292850', 'lhall4g', 'fofxx8tPY3SS', 'Lion Hall', '1976-08-23', 'Male', '584 Golf Circle', '0607348143', 'lhall4g@reuters.com', '2021-01-16 01:24:00', 850),
('c74395938', 'gpaxtonl', 'DRm2ZDNQ', 'Gillian Paxton', '1939-04-10', 'Female', '4971 School Street', '0954821165', 'gpaxtonl@google.ru', '2022-02-22 10:44:00', 670),
('c74559950', 'elazarebe', 'bv1pqlI', 'Elizabet Lazare', '1943-10-02', 'Female', '8256 Del Mar Way', '0627894243', 'elazarebe@artisteer.com', '2021-08-14 09:19:00', 460),
('c74561040', 'tallnuttcd', 'ETyR2B', 'Tracie Allnutt', '1930-03-01', 'Male', '450 Waxwing Way', '0822005160', 'tallnuttcd@google.com', '2020-12-31 05:39:00', 210),
('c74945450', 'xpostians67', 'qysjUJ0Y1rj', 'Xerxes Postians', '1906-10-05', 'Male', '81 Vahlen Avenue', '0661564182', 'xpostians67@flickr.com', '2021-07-02 17:20:00', 750),
('c74978321', 'lrumminap', 'V2hzg4', 'Lisa Rummin', '1918-09-22', 'Female', '13 Dryden Trail', '0857187015', 'lrumminap@cbc.ca', '2021-06-05 17:00:00', 730),
('c75055462', 'rschaben6k', 'CaaDTsxm', 'Rachael Schaben', '2010-03-23', 'Female', '4 Harbort Pass', '0395926584', 'rschaben6k@msn.com', '2021-09-21 19:14:00', 810),
('c75095943', 'ecrowhurstoy', '88dyYdBUDJVW', 'Evan Crowhurst', '1991-06-08', 'Male', '2758 Hauk Drive', '0543186670', 'ecrowhurstoy@rediff.com', '2021-03-03 22:12:00', 750),
('c75212392', 'missettmv', 'kSYHr3zMmkH', 'Mavra Issett', '1973-11-01', 'Other', '0410 Packers Hill', '0492351736', 'missettmv@hatena.ne.jp', '2022-06-28 17:54:00', 340),
('c75510251', 'dbroxholme3u', 'sinWjpZ', 'Dionysus Broxholme', '1983-08-06', 'Male', '467 Fair Oaks Road', '0809558598', 'dbroxholme3u@boston.com', '2021-12-31 17:42:00', 170),
('c75530907', 'dle48', 'yfHu8t4', 'Donia Le Brum', '1925-04-19', 'Female', '333 Shopko Drive', '0816525140', 'dle48@youtu.be', '2022-07-20 09:13:00', 360),
('c75589341', 'mdarycottbm', 'xwHdVb8CP', 'Megan Darycott', '1952-02-22', 'Female', '73746 Blue Bill Park Road', '0788209547', 'mdarycottbm@newyorker.com', '2020-12-01 14:07:00', 740),
('c75749567', 'bstockyqm', '4uBbb6', 'Berni Stocky', '2006-04-19', 'Female', '478 Blaine Alley', '0683398675', 'bstockyqm@sciencedirect.com', '2022-03-24 21:18:00', 470),
('c75871916', 'gwoolgar5t', 'vwcYOdF', 'Glory Woolgar', '1956-06-03', 'Female', '3 Mayer Lane', '0877221965', 'gwoolgar5t@wikispaces.com', '2021-02-25 01:54:00', 70),
('c75950085', 'rwoliter2x', '2925JRu0U8', 'Rosalie Woliter', '1929-09-15', 'Female', '7 Havey Avenue', '0792830696', 'rwoliter2x@intel.com', '2021-01-22 22:15:00', 620),
('c76044357', 'rhousecrafti2', 'zQLYfeXCc', 'Rhiamon Housecraft', '1950-10-30', 'Female', '03 Arapahoe Junction', '0641012242', 'rhousecrafti2@japanpost.jp', '2022-09-04 14:52:00', 200),
('c76177926', 'vsyphask', 'kan2RsLmrWFQ', 'Vin Syphas', '1901-03-25', 'Other', '95690 Glendale Park', '0238196086', 'vsyphask@vistaprint.com', '2021-09-22 03:19:00', 600),
('c76333377', 'agolstonkw', 'Cq3V8O7r', 'Agata Golston', '2006-10-02', 'Female', '34533 Kennedy Trail', '0314032315', 'agolstonkw@state.tx.us', '2022-06-29 13:41:00', 710),
('c76665021', 'tpettendrich7g', 'rD4WZWjXzR7', 'Traci Pettendrich', '2005-02-06', 'Other', '0910 Elka Street', '0322232902', 'tpettendrich7g@plala.or.jp', '2022-05-14 18:13:00', 20),
('c76674908', 'ndobing8n', 'wir1LF', 'Nikolos Dobing', '1925-12-20', 'Male', '43 Orin Circle', '0844878926', 'ndobing8n@discovery.com', '2021-01-18 05:01:00', 670),
('c76790327', 'kstrippelbn', 'wiWqE5AsJ', 'Krysta Strippel', '1976-02-04', 'Other', '1 Trailsway Street', '0919625339', 'kstrippelbn@chronoengine.com', '2021-03-27 12:16:00', 340),
('c76957094', 'ewortman2v', 'kSpIllrpx', 'Esdras Wortman', '2002-07-15', 'Male', '319 Dayton Plaza', '0111831006', 'ewortman2v@sohu.com', '2022-03-21 18:36:00', 500),
('c76996581', 'zjesteff', 'jmmin6510hQA', 'Zena Jeste', '1971-05-27', 'Female', '5113 Lakewood Gardens Hill', '0185535619', 'zjesteff@youtube.com', '2022-02-18 17:11:00', 900),
('c77062875', 'iastlesgq', 'SQoUzTxE', 'Ibbie Astles', '1948-11-17', 'Female', '863 Sunbrook Avenue', '0225460030', 'iastlesgq@ebay.com', '2022-06-03 05:49:00', 890),
('c77074034', 'zrodgers55', 'DIgP5thIxUhs', 'Zolly Rodgers', '1985-10-04', 'Other', '9275 Loomis Terrace', '0901484920', 'zrodgers55@fotki.com', '2022-05-31 14:33:00', 520),
('c77113081', 'ejanca69', 'kMfA8U', 'Emmalee Janca', '1959-08-11', 'Female', '9 Portage Drive', '0527436156', 'ejanca69@gravatar.com', '2021-11-26 22:28:00', 980),
('c77172054', 'cbrussels9n', 'TL0D9BZA', 'Clarey Brussels', '1986-01-24', 'Female', '028 Fieldstone Crossing', '0463932754', 'cbrussels9n@hhs.gov', '2021-07-16 00:18:00', 20),
('c77214884', 'gbehnenkq', 'ax1vM7ZwPr', 'Gerard Behnen', '1988-07-26', 'Male', '01 Chive Road', '0127454058', 'gbehnenkq@scientificamerican.com', '2021-02-15 00:20:00', 650),
('c77398982', 'hchinnockj9', 'JCtow7mfv', 'Hussein Chinnock', '1925-06-11', 'Male', '052 Maywood Parkway', '0578330525', 'hchinnockj9@state.tx.us', '2020-12-26 13:23:00', 320),
('c77501137', 'crottgerfg', 'bjN7JzbAE', 'Conny Rottger', '2007-10-11', 'Female', '9 Calypso Lane', '0255473980', 'crottgerfg@wordpress.org', '2021-11-16 04:38:00', 800),
('c77807616', 'rmccorkindale9e', 'xvc4XtFojji', 'Robbin McCorkindale', '2003-03-10', 'Female', '8 Fieldstone Street', '0308553406', 'rmccorkindale9e@4shared.com', '2022-05-26 06:21:00', 310),
('c77876045', 'parmerko', 'bMhiJXPr', 'Padget Armer', '1919-07-15', 'Male', '31923 Hanover Plaza', '0137741238', 'parmerko@europa.eu', '2020-12-26 04:08:00', 1000),
('c77925008', 'echatainiereb', 'yGuwH24t', 'Eustace Chatainier', '1947-08-10', 'Male', '9 Eagle Crest Street', '0584069611', 'echatainiereb@purevolume.com', '2021-03-23 03:25:00', 980),
('c77940622', 'pbratleyd1', 'wrxkl7pAsHd', 'Piper Bratley', '1993-01-22', 'Female', '163 Hazelcrest Place', '0335982937', 'pbratleyd1@huffingtonpost.com', '2021-10-24 12:16:00', 540),
('c78030065', 'jthroughton1y', 'v4Bsxjqw', 'Joella Throughton', '1961-07-05', 'Female', '2768 Fuller Street', '0598008025', 'jthroughton1y@posterous.com', '2020-12-12 06:37:00', 500),
('c78356364', 'lcatleyqn', 'wrJzmYxkh', 'Liliane Catley', '1974-07-25', 'Female', '99 Artisan Circle', '0969551949', 'lcatleyqn@rediff.com', '2022-10-14 08:32:00', 710),
('c78583541', 'gverdylv', 'aoncw3OtKa2n', 'Gwyn Verdy', '1921-02-13', 'Female', '2 Forest Run Place', '0189917672', 'gverdylv@google.com.au', '2022-08-26 09:25:00', 550),
('c78673959', 'hgiovannacci7h', 'ic1zuoY', 'Hilliard Giovannacc@i', '1998-12-18', 'Male', '372 Scott Way', '0435574431', 'hgiovannacci7h@github.com', '2021-12-16 21:14:00', 710),
('c78774374', 'agiovanettir4', 'bFlbT7', 'Ange Giovanetti', '1941-04-24', 'Male', '8 Homewood Pass', '0829505748', 'agiovanettir4@i2i.jp', '2021-12-16 00:10:00', 400),
('c78891658', 'lzannutolg', 'CVw1Qvqj', 'Lynde Zannuto', '1997-11-25', 'Female', '88018 Ohio Court', '0104692688', 'lzannutolg@pagesperso-orange.fr', '2022-09-10 00:43:00', 190),
('c78973481', 'ncrowley29', 'nM3Je51v', 'Nikolaus Crowley', '2001-08-02', 'Male', '26 Anderson Crossing', '0343617683', 'ncrowley29@github.io', '2021-09-17 16:58:00', 160),
('c79004256', 'gsimenotof', 'eGEAJcjhrL', 'Grantley Simenot', '1986-07-25', 'Male', '4350 Caliangt Crossing', '0823784106', 'gsimenotof@linkedin.com', '2022-09-20 15:30:00', 630),
('c79014783', 'scyplered', 'IlsRCHwjqRUA', 'Scot Cypler', '1937-06-01', 'Male', '48182 Fairfield Court', '0254733181', 'scyplered@chicagotribune.com', '2022-03-30 21:52:00', 10),
('c79195786', 'vhayller18', 'sVUt3O4LQa', 'Vaughn Hayller', '1904-09-12', 'Male', '8 High Crossing Pass', '0151570628', 'vhayller18@prlog.org', '2021-06-16 11:04:00', 320),
('c79575189', 'dorrin1c', 'HbX3i6', 'Davon Orrin', '1906-06-16', 'Male', '10 Talmadge Plaza', '0335986727', 'dorrin1c@ftc.gov', '2022-01-22 00:42:00', 260),
('c79735890', 'ytewkesbury1b', 'oV7fjB', 'Yuri Tewkesbury', '1917-07-23', 'Male', '58547 Kim Park', '0735845970', 'ytewkesbury1b@woothemes.com', '2021-03-28 20:45:00', 940),
('c79764065', 'eeelesjk', '4kQsA2heL', 'Evelyn Eeles', '1961-05-29', 'Male', '1 Fuller Terrace', '0931898523', 'eeelesjk@nps.gov', '2022-02-22 20:58:00', 590),
('c79845068', 'gpittson7r', 'kMgUX30rsiA', 'Gail Pittson', '2002-06-25', 'Female', '54585 Declaration Street', '0166785550', 'gpittson7r@freewebs.com', '2022-07-31 19:34:00', 10),
('c79873981', 'udeenyab', 'Lj3tgiZ', 'Urbanus Deeny', '2020-09-17', 'Other', '16099 Westerfield Drive', '0549763879', 'udeenyab@deliciousdays.com', '2021-04-09 10:42:00', 520),
('c79995988', 'jweddeburne', '2XFHuLMlUCie', 'Jenica Weddeburn - Scrimgeour', '1991-08-20', 'Female', '8465 Cascade Court', '0829822383', 'jweddeburne@nymag.com', '2021-01-17 03:15:00', 170),
('c80056551', 'rraymondpa', 'kVWtrDoe', 'Rand Raymond', '1911-11-11', 'Male', '75 Buhler Trail', '0903049803', 'rraymondpa@sakura.ne.jp', '2021-10-07 14:59:00', 50),
('c80059020', 'eglendzajn', 'knPB7fcXy', 'Edlin Glendza', '1969-12-14', 'Male', '48 High Crossing Hill', '0242093808', 'eglendzajn@fastcompany.com', '2022-11-15 04:12:00', 20),
('c80080781', 'mtellenbrokb9', 'nIj9EU', 'Morissa Tellenbrok', '1910-08-30', 'Female', '4 Arapahoe Place', '0228315123', 'mtellenbrokb9@php.net', '2022-09-05 06:24:00', 300),
('c80145120', 'aopyd', 'zzd9ZvObED', 'Andrus Opy', '1912-10-29', 'Male', '93584 Lien Alley', '0694953889', 'aopyd@kickstarter.com', '2021-10-30 10:48:00', 850),
('c80486311', 'ngarstanmf', 'OJzkmwiENv', 'Nettle Garstan', '1916-06-25', 'Female', '25 Oak Valley Pass', '0871833603', 'ngarstanmf@google.cn', '2021-08-22 22:20:00', 880),
('c80518192', 'nmerlinot', 'ypotMEvj', 'Nettie Merlin', '1984-06-14', 'Female', '73364 Bowman Trail', '0845916819', 'nmerlinot@telegraph.co.uk', '2021-08-22 18:29:00', 860),
('c80848517', 'mklimask3', 'McU5mQxx', 'Marisa Klimas', '1910-07-04', 'Female', '17807 Hermina Alley', '0115587547', 'mklimask3@typepad.com', '2022-03-08 22:57:00', 770),
('c80888111', 'kbrownsaworth0', 'mmQ3Ube2C', 'Katleen Brownsworth', '1963-03-21', 'Female', '2507 Debra Circle', '0904392596', 'kbrownsworth0@sciencedaily.com', '2022-08-06 02:20:00', 580),
('c80988111', 'kbrownsaaworth0', 'mmQ3Ube2C', 'Katleen Brownsworth', '1963-03-21', 'Female', '2507 Debra Circle', '0904392596', 'kbrownsworth0@sciencedaily.com', '2022-08-06 02:20:00', 580),
('c81056986', 'wmorleybc', 'ZE3oUplzog', 'Wyn Morley', '2012-05-28', 'Male', '6424 Cottonwood Drive', '0833350658', 'wmorleybc@nationalgeographic.com', '2021-11-05 18:45:00', 280),
('c81059829', 'kmellishjw', '2M6ePE2Q', 'Korey Mellish', '2010-12-26', 'Male', '66 Bartillon Terrace', '0624966268', 'kmellishjw@mozilla.org', '2020-12-13 12:37:00', 460),
('c81122860', 'schatto12', 'lLW5elhs', 'Shurwood Chatto', '2006-09-19', 'Other', '9930 Manufacturers Drive', '0260766417', 'schatto12@blogspot.com', '2022-07-19 03:13:00', 530),
('c81164381', 'lsteelypg', '5h8dAFBLYE', 'Luis Steely', '2004-07-15', 'Male', '68409 Grover Junction', '0599699030', 'lsteelypg@moonfruit.com', '2021-07-21 14:43:00', 260),
('c81230376', 'pcristofoloaj', 'bhejzdpg', 'Petra Cristofolo', '1970-06-05', 'Female', '0512 Portage Place', '0657947484', 'pcristofoloaj@columbia.edu', '2021-08-02 20:35:00', 530),
('c81272896', 'gchapelledg', 'RU7dNydKzW', 'Godard Chapelle', '1908-08-30', 'Male', '160 Cambridge Plaza', '0642305240', 'gchapelledg@ebay.co.uk', '2021-02-08 22:38:00', 190),
('c81363921', 'jbuxamhh', 'mi7aOY0Y', 'Jareb Buxam', '2019-03-02', 'Male', '7 Cottonwood Street', '0144605749', 'jbuxamhh@nhs.uk', '2021-01-05 10:42:00', 710),
('c81486141', 'amccallionhp', 'F6lr49RvCpT', 'Annora McCallion', '1954-12-31', 'Female', '50 Jenna Center', '0396230805', 'amccallionhp@storify.com', '2021-06-28 01:12:00', 990),
('c81762624', 'rpenbarthyhg', 'Jx1XBBpnYOxc', 'Regina Penbarthy', '1995-07-20', 'Female', '55 Green Ridge Park', '0292965928', 'rpenbarthyhg@4shared.com', '2022-07-05 04:10:00', 880),
('c81944423', 'gfivey6e', 'uJ0OLaDyu8kw', 'Guthrie Fivey', '1974-08-01', 'Other', '7448 Harper Street', '0303380306', 'gfivey6e@spotify.com', '2022-01-25 21:17:00', 250),
('c82024051', 'fbreedef', '9PAAljl82EDU', 'Flory Breed', '2002-06-09', 'Male', '410 Oakridge Court', '0476094088', 'fbreedef@webeden.co.uk', '2022-10-04 02:27:00', 420),
('c82686403', 'eswattenft', '35PqSuFm2', 'Eartha Swatten', '1906-05-20', 'Female', '0 Lukken Junction', '0846481879', 'eswattenft@wikipedia.org', '2022-06-11 05:18:00', 880),
('c82908997', 'fdunniomea', 'k5rHUqb', 'Finn Dunniom', '1991-01-29', 'Male', '278 Vera Lane', '0829256488', 'fdunniomea@lycos.com', '2022-02-28 12:01:00', 130),
('c83062611', 'sivasechkokk', 'W7nGLq9dt', 'Saunder Ivasechko', '1954-11-21', 'Male', '868 Katie Court', '0201899239', 'sivasechkokk@google.es', '2022-07-08 11:24:00', 890),
('c83121847', 'nskoylesgo', 'nd6w4smg4hjt', 'Neysa Skoyles', '1974-11-17', 'Female', '1 Forest Hill', '0737442973', 'nskoylesgo@businessinsider.com', '2022-11-06 13:29:00', 450),
('c83173599', 'dcampa3e', 'bjyM7TUw', 'Dacie Campa', '1985-05-30', 'Female', '17 Sommers Trail', '0417570050', 'dcampa3e@xrea.com', '2021-04-15 00:19:00', 370),
('c83864367', 'eattwoullq2', '9hyojPr', 'Emelen Attwoull', '1949-06-29', 'Male', '068 Iowa Park', '0575213311', 'eattwoullq2@bizjournals.com', '2021-07-22 22:25:00', 900),
('c83878760', 'wpaxefordfo', '6CxsHP', 'Wendie Paxeford', '1942-10-31', 'Female', '7 Eastwood Trail', '0275879499', 'wpaxefordfo@arizona.edu', '2022-02-01 16:32:00', 680),
('c83924667', 'ggaddes53', 'y65nfAt7', 'Grannie Gaddes', '1939-04-05', 'Male', '09 Del Mar Terrace', '0588777500', 'ggaddes53@nyu.edu', '2021-02-21 09:21:00', 950),
('c84104723', 'aabrahim6s', 'bhxeaWydRrrf', 'Abbey Abrahim', '1922-04-28', 'Male', '1330 Prentice Terrace', '0181355901', 'aabrahim6s@ucsd.edu', '2021-09-11 00:01:00', 700),
('c84105823', 'rburgottlm', 'c0FD7aHd', 'Randie Burgott', '2018-09-23', 'Male', '8 Grayhawk Terrace', '0920912719', 'rburgottlm@liveinternet.ru', '2021-06-25 09:04:00', 940),
('c84120110', 'iarundeldr', 'U2Sz9ZUXuJ', 'Ilse Arundel', '1994-02-18', 'Female', '0816 Maple Wood Court', '0724274706', 'iarundeldr@netlog.com', '2022-07-26 07:36:00', 350),
('c84121614', 'lskelton4k', 'v9W4ZJOD', 'Lynnea Skelton', '1995-09-09', 'Female', '41076 Evergreen Court', '0202372453', 'lskelton4k@kickstarter.com', '2022-06-02 13:54:00', 380),
('c84308364', 'bgadiel4', 'Tl1VAXG', 'Bing Gadie', '1958-02-08', 'Male', '97674 Fairfield Way', '0413111075', 'bgadiel4@dagondesign.com', '2021-11-22 01:52:00', 840),
('c84445360', 'stitcomb5f', 'YkxChaL', 'Stefano Titcomb', '1986-04-16', 'Male', '49 Pierstorff Crossing', '0391106214', 'stitcomb5f@cbsnews.com', '2022-10-16 23:01:00', 170),
('c84473441', 'ecaldeyrouxem', '1Jucu6lZs2', 'Ethelin Caldeyroux', '1930-11-22', 'Female', '0 Parkside Park', '0504471733', 'ecaldeyrouxem@home.pl', '2021-01-21 07:02:00', 410),
('c84478921', 'lfullick8t', '5eyRg0dekCg', 'Ludvig Fullick', '1942-12-05', 'Male', '644 Loomis Avenue', '0414233062', 'lfullick8t@slideshare.net', '2022-10-17 12:23:00', 1000),
('c84575336', 'gsidebottomhf', 'Rw7s3a2Fd5', 'Gilligan Sidebottom', '1935-05-03', 'Female', '3750 Shoshone Hill', '0169753797', 'gsidebottomhf@yahoo.com', '2021-05-22 04:05:00', 710),
('c84682071', 'cfronczaknn', '3Dcbzl2', 'Cyndi Fronczak', '1961-03-24', 'Female', '47 Shasta Lane', '0113964469', 'cfronczaknn@devhub.com', '2022-05-23 14:07:00', 200),
('c84910152', 'cfitzgeorgefd', 'myUROzCBCo', 'Caleb FitzGeorge', '1984-06-06', 'Male', '37268 Mallory Road', '0684754959', 'cfitzgeorgefd@ehow.com', '2021-02-01 23:09:00', 480),
('c84937726', 'pgeallmj', 'P1NNy3ttMZw', 'Padget Geall', '1963-07-21', 'Male', '4041 Rigney Point', '0552838740', 'pgeallmj@census.gov', '2022-02-20 09:24:00', 520),
('c85255843', 'kcakebread7s', 'EuLGtabv', 'Kimbra Cakebread', '1963-10-30', 'Female', '030 Talmadge Junction', '0130676157', 'kcakebread7s@squarespace.com', '2021-03-20 00:36:00', 330),
('c85405767', 'ipetheridgepv', 'r8FgIrqe', 'Ignaz Petheridge', '1974-07-26', 'Male', '91 Buell Drive', '0404712839', 'ipetheridgepv@cyberchimps.com', '2021-12-27 02:09:00', 760),
('c85435347', 'ctabbittaf', 'M9wcsjkTPlb', 'Curtis Tabbitt', '1952-02-24', 'Male', '91859 Mayfield Crossing', '0904363832', 'ctabbittaf@ameblo.jp', '2021-06-23 17:30:00', 970),
('c85573945', 'cvenditti28', 'RqEf4Hao0oN', 'Chiarra Venditti', '1960-01-09', 'Female', '98 Thompson Terrace', '0260197188', 'cvenditti28@xinhuanet.com', '2021-11-29 16:03:00', 450),
('c85860898', 'fguirau31', 'T0jRFNt5r3sP', 'Felicio Guirau', '2004-07-22', 'Male', '96459 Summerview Street', '0703238829', 'fguirau31@disqus.com', '2021-12-11 04:00:00', 90),
('c85910122', 'lcastrih9', 'ZZWd26WWjku6', 'Livvy Castri', '1909-11-23', 'Other', '3 Oakridge Junction', '0722946825', 'lcastrih9@theglobeandmail.com', '2022-10-16 01:12:00', 60),
('c85916235', 'mofogerty25', 'mjaQaSan6G', 'Murray O\'Fogerty', '1957-10-23', 'Male', '1126 Porter Terrace', '0369717442', 'mofogerty25@is.gd', '2021-08-31 15:14:00', 250),
('c85976774', 'pgomes2j', '7C3odgYVT', 'Philipa Gomes', '1917-03-04', 'Female', '675 Cascade Court', '0454781554', 'pgomes2j@hud.gov', '2020-12-06 04:29:00', 470),
('c86176844', 'kcudb6', 'rpwDdP', 'Kristi Cud', '1924-01-05', 'Female', '1279 Russell Point', '0135726553', 'kcudb6@so-net.ne.jp', '2022-08-05 07:50:00', 790),
('c86393871', 'acraigheadnf', 'JdiRpwkurc', 'Artair Craighead', '1934-11-10', 'Male', '4615 Spohn Hill', '0139797169', 'acraigheadnf@discovery.com', '2021-04-28 20:19:00', 210),
('c86464786', 'trenolsdv', 'ReIlDR', 'Theo Renols', '1941-11-05', 'Male', '08 Erie Circle', '0476215597', 'trenolsdv@odnoklassniki.ru', '2022-04-22 05:53:00', 90),
('c86508219', 'ployntonhv', '4O3wmoQCFMC', 'Pasquale Loynton', '1954-08-29', 'Male', '3 Algoma Place', '0630634312', 'ployntonhv@answers.com', '2021-04-28 20:22:00', 950),
('c86669327', 'ranthoneyk7', 'WPNAg37SSRo', 'Raquela Anthoney', '1999-07-25', 'Other', '525 Veith Plaza', '0447400951', 'ranthoneyk7@typepad.com', '2022-03-10 20:43:00', 480),
('c86671605', 'wghilardinif', 'A8SE65', 'Winna Ghilardini', '1967-07-17', 'Female', '600 Buell Court', '0325377598', 'wghilardinif@wsj.com', '2022-09-07 08:46:00', 870),
('c86902783', 'babramsoo', 'SHQmorJUzBjE', 'Bourke Abrams', '1992-05-22', 'Male', '12313 Mandrake Center', '0477625630', 'babramsoo@digg.com', '2022-02-27 00:13:00', 280),
('c86946564', 'ymarriageaq', '6sf5b9e', 'Yankee Marriage', '2010-12-16', 'Male', '33269 Summerview Court', '0307182552', 'ymarriageaq@i2i.jp', '2021-09-07 01:37:00', 620),
('c86968390', 'lstallworthypc', 'Hs429kHkyI', 'Leif Stallworthy', '1957-08-06', 'Male', '012 Goodland Trail', '0120612912', 'lstallworthypc@irs.gov', '2021-10-13 21:24:00', 50),
('c87019858', 'randreotti5', 'MxtOKQoso', 'Regine Andreotti', '1914-07-12', 'Other', '040 Tomscot Alley', '0176783392', 'randreotti5@macromedia.com', '2022-06-12 15:24:00', 90),
('c87152072', 'srunnettn4', 'AvXogPT5c6jv', 'Sal Runnett', '1950-01-13', 'Male', '38 Brickson Park Circle', '0865382790', 'srunnettn4@newsvine.com', '2020-12-22 15:06:00', 80),
('c87209126', 'hmeasor9l', '6IcquZ', 'Hadlee Measor', '1964-06-23', 'Male', '584 Merchant Crossing', '0745560716', 'hmeasor9l@jimdo.com', '2021-08-08 12:04:00', 140),
('c87326405', 'lmaplestoned6', 'ankVVxt', 'Laverna Maplestone', '1973-03-06', 'Female', '1900 Almo Park', '0904768258', 'lmaplestoned6@lulu.com', '2022-03-24 02:40:00', 90),
('c87431941', 'svigrass6z', 'zMewx0X4Q', 'Star Vigrass', '1944-03-09', 'Female', '7 Anthes Pass', '0674409567', 'svigrass6z@wordpress.com', '2022-03-01 19:03:00', 610),
('c87481471', 'mspataro7p', 'yLy9V1QCVbOk', 'Mel Spataro', '1947-07-28', 'Male', '0 Aberg Junction', '0766218375', 'mspataro7p@java.com', '2021-11-20 04:58:00', 30),
('c87639875', 'icanet22', 'Fp1XGd', 'Issy Canet', '1948-12-25', 'Female', '22608 Waubesa Junction', '0710428049', 'icanet22@hubpages.com', '2021-08-18 00:21:00', 10),
('c87710608', 'fgreeneex', 'hWcGag2', 'Franchot Greene', '1966-05-05', 'Male', '53 Roxbury Avenue', '0181877749', 'fgreeneex@nhs.uk', '2021-03-02 23:38:00', 890),
('c87997129', 'lwitnallez', 'EH7nAPn', 'Lavina Witnall', '1941-04-14', 'Female', '208 Hintze Lane', '0263511955', 'lwitnallez@time.com', '2021-04-13 16:10:00', 790);
INSERT INTO `customer` (`CustomerID`, `Username`, `Password`, `Name`, `Birthday`, `Gender`, `Address`, `Phone`, `Email`, `Created_time`, `Total_point`) VALUES
('c88030136', 'vfaltskogks', 'lvMh2eDb', 'Vivyan Faltskog', '1922-12-30', 'Other', '47200 Talisman Hill', '0898368629', 'vfaltskogks@gmpg.org', '2022-02-23 07:02:00', 110),
('c88398708', 'jhanbidgebd', '2dkCcTfppSJ4', 'Jodee Hanbidge', '1934-04-22', 'Female', '7392 Havey Avenue', '0619165872', 'jhanbidgebd@yelp.com', '2021-08-08 21:26:00', 510),
('c88525472', 'ebelvin8i', 'hI7v3q79mBzf', 'Ezekiel Belvin', '2006-05-10', 'Male', '843 Arrowood Plaza', '0643344821', 'ebelvin8i@ucoz.com', '2021-08-05 15:44:00', 430),
('c88639595', 'dollivierre5n', 'EoB8HX', 'Deni Ollivierre', '1974-02-18', 'Female', '24919 Lakewood Gardens Drive', '0650025259', 'dollivierre5n@tinypic.com', '2022-07-25 21:36:00', 890),
('c88677505', 'astammlerje', 'ZIIZboe9w', 'Amory Stammler', '1945-05-24', 'Male', '8 Nelson Alley', '0814509195', 'astammlerje@cnbc.com', '2020-11-26 05:48:00', 110),
('c88715811', 'dedmonsonrh', 'ZbnO6V', 'Daile Edmonson', '1964-09-05', 'Female', '6577 Hintze Junction', '0566504003', 'dedmonsonrh@indiegogo.com', '2022-05-01 00:51:00', 110),
('c88929563', 'abluettc', 'oba718', 'Anet Bluett', '1999-09-03', 'Female', '77778 Debs Trail', '0304447611', 'abluettc@wikipedia.org', '2022-09-04 10:58:00', 510),
('c89053274', 'wjanssenmr', '3fzPl6vzJ', 'Willard Janssen', '1945-02-08', 'Male', '10482 Dunning Center', '0840509423', 'wjanssenmr@msn.com', '2020-12-19 03:17:00', 320),
('c89215975', 'akuhle9a', 'cLkPMD3XGo', 'Antoinette Kuhle', '1944-05-21', 'Female', '9192 Crowley Alley', '0685472878', 'akuhle9a@tinypic.com', '2022-06-14 15:21:00', 670),
('c89376802', 'gdavydychevcx', 'v8p4UbMWn', 'Grier Davydychev', '2021-01-21', 'Female', '38391 Jackson Circle', '0873956475', 'gdavydychevcx@ifeng.com', '2022-01-17 03:01:00', 580),
('c89402211', 'kbrownsaadas312aaworth0', 'mmQ3Ube2C', 'Katleen Brownsworth', '1963-03-21', 'Female', '2507 Debra Circle', '0904392596', 'kbrownsworth0@sciencedaily.com', '2022-08-06 02:20:00', 580),
('c89412211', 'kbrownsaadasdaa12312aaworth0', 'mmQ3Ube2C', 'Katleen Brownsworth', '1963-03-21', 'Female', '2507 Debra Circle', '0904392596', 'kbrownsworth0@sciencedaily.com', '2022-08-06 02:20:00', 580),
('c89442211', 'kbrownsaada2aaworth0', 'mmQ3Ube2C', 'Katleen Brownsworth', '1963-03-21', 'Female', '2507 Debra Circle', '0904392596', 'kbrownsworth0@sciencedaily.com', '2022-08-06 02:20:00', 580),
('c89633126', 'uscaddon2e', 'PhvKEzFdr2Hr', 'Ugo Scaddon', '1975-01-23', 'Other', '52455 Logan Place', '0615674839', 'uscaddon2e@clickbank.net', '2021-10-23 22:19:00', 800),
('c89643011', 'rdollar1x', 'HX0fjh', 'Roy Dollar', '1968-06-24', 'Other', '13 Bluejay Road', '0657536102', 'rdollar1x@reddit.com', '2022-01-08 13:35:00', 730),
('c89716585', 'npitkaithlyj7', 'HeSj1dFHFlk', 'Nessy Pitkaithly', '1907-08-06', 'Female', '958 Myrtle Place', '0828610597', 'npitkaithlyj7@usatoday.com', '2021-09-18 04:07:00', 470),
('c89837717', 'pghidinij6', 'X1BqQhbMxbe', 'Paxon Ghidini', '1961-09-24', 'Male', '35 Algoma Pass', '0890956521', 'pghidinij6@nature.com', '2022-06-15 05:14:00', 250),
('c89875146', 'hconybeargu', 'o3LPMVmz6oN', 'Hayley Conybear', '1912-04-19', 'Female', '42 Wayridge Trail', '0842636776', 'hconybeargu@globo.com', '2022-04-26 07:47:00', 10),
('c89910262', 'bcaretteim', 'SjGHut', 'Brendis Carette', '2019-08-25', 'Male', '757 Annamark Circle', '0792355619', 'bcaretteim@xrea.com', '2022-03-23 13:41:00', 280),
('c89911211', 'kbrownsaaa12312aaworth0', 'mmQ3Ube2C', 'Katleen Brownsworth', '1963-03-21', 'Female', '2507 Debra Circle', '0904392596', 'kbrownsworth0@sciencedaily.com', '2022-08-06 02:20:00', 580),
('c89912211', 'kbrownsaaaa12312aaworth0', 'mmQ3Ube2C', 'Katleen Brownsworth', '1963-03-21', 'Female', '2507 Debra Circle', '0904392596', 'kbrownsworth0@sciencedaily.com', '2022-08-06 02:20:00', 580),
('c89935641', 'gbrass2o', 'OTvmHsBYG', 'Garrot Brass', '1985-01-06', 'Male', '99 Bunker Hill Place', '0899200990', 'gbrass2o@phpbb.com', '2021-10-07 22:37:00', 900),
('c89988111', 'kbrownsaaaaaworth0', 'mmQ3Ube2C', 'Katleen Brownsworth', '1963-03-21', 'Female', '2507 Debra Circle', '0904392596', 'kbrownsworth0@sciencedaily.com', '2022-08-06 02:20:00', 580),
('c90018998', 'cblakeboroughoe', 'lflZ8EIY', 'Court Blakeborough', '1920-01-09', 'Male', '199 Roxbury Plaza', '0151718139', 'cblakeboroughoe@arstechnica.com', '2022-10-16 14:08:00', 650),
('c90039481', 'ugierathshm', 'KSDO2P', 'Uriah Gieraths', '2022-06-16', 'Male', '8 Mandrake Way', '0483559810', 'ugierathshm@squarespace.com', '2022-07-31 14:48:00', 970),
('c90114979', 'sseiddb', 'BcAkSjdz8', 'Stillman Seid', '1976-02-10', 'Male', '07 Boyd Place', '0788753841', 'sseiddb@phpbb.com', '2021-03-05 10:51:00', 300),
('c90317818', 'hmonks4z', 'kLz0FX5BxGh', 'Henrik Monks', '1906-03-20', 'Male', '79529 Cody Point', '0855679414', 'hmonks4z@skype.com', '2021-07-13 15:33:00', 500),
('c90422491', 'jhaccleton8m', 'uq5lpr6NiFx', 'Jsandye Haccleton', '2004-11-13', 'Female', '06 Helena Way', '0427600264', 'jhaccleton8m@economist.com', '2022-02-18 15:43:00', 410),
('c90556015', 'hbrunettile', 'bOqlcuSLSU', 'Hashim Brunetti', '1906-02-16', 'Male', '253 Sommers Center', '0829203294', 'hbrunettile@vkontakte.ru', '2022-10-19 14:18:00', 490),
('c90706382', 'jsummergill89', 'hdhrG1Vl', 'Jesse Summergill', '1917-12-26', 'Male', '84 Pepper Wood Parkway', '0979372359', 'jsummergill89@microsoft.com', '2021-01-29 03:23:00', 210),
('c90708915', 'swhiterod5r', 'iSGs7uqAZu', 'Sallee Whiterod', '1904-08-02', 'Female', '88 Golf View Crossing', '0994292050', 'swhiterod5r@histats.com', '2021-08-07 19:21:00', 650),
('c90789439', 'abourdonky', 'DcCEwlxi', 'Antin Bourdon', '1984-11-24', 'Male', '5 Dunning Place', '0867401146', 'abourdonky@imgur.com', '2021-01-17 07:18:00', 260),
('c90974823', 'ltunnicliffeln', '4RmnPP', 'Lydon Tunnicliffe', '1961-02-03', 'Male', '3673 Barby Road', '0370099282', 'ltunnicliffeln@hatena.ne.jp', '2022-03-27 06:11:00', 300),
('c91136575', 'jflanne4c', 'SWaf4r', 'Justus Flanne', '1978-08-11', 'Male', '6 Northwestern Street', '0326908692', 'jflanne4c@bbc.co.uk', '2022-07-03 10:18:00', 500),
('c91156786', 'vhulsei7', 'GnzWQVq', 'Vassili Hulse', '1961-02-27', 'Male', '45 Acker Hill', '0213683811', 'vhulsei7@google.com.au', '2022-01-14 05:04:00', 600),
('c91289652', 'cpophamci', '7Jh2Mvv4P77s', 'Cassaundra Popham', '2003-09-28', 'Female', '12 Basil Drive', '0600791965', 'cpophamci@hostgator.com', '2021-02-22 16:33:00', 110),
('c91359703', 'ekalaher5a', 'aAxsTfK', 'Emanuel Kalaher', '2008-01-30', 'Male', '6 Doe Crossing Place', '0604429445', 'ekalaher5a@about.me', '2021-03-26 20:20:00', 180),
('c91359946', 'krouke2p', 'ZvFS1ij3x', 'Kikelia Rouke', '1962-01-29', 'Female', '63 Bowman Street', '0466990157', 'krouke2p@domainmarket.com', '2021-07-14 01:46:00', 10),
('c91410891', 'nsparrowecq', '5Y7MvEI9', 'Nissie Sparrowe', '1905-04-15', 'Female', '2 La Follette Pass', '0566135438', 'nsparrowecq@over-blog.com', '2022-09-01 05:28:00', 390),
('c91555942', 'cjurgesoi', 'D9x3RZ', 'Chrysler Jurges', '1963-01-20', 'Female', '432 Blackbird Center', '0301327436', 'cjurgesoi@dagondesign.com', '2022-01-28 01:40:00', 90),
('c91644338', 'hyakutin1g', 'iI7gONzfNRJn', 'Hamid Yakutin', '2011-04-12', 'Male', '953 Knutson Point', '0239896717', 'hyakutin1g@vinaora.com', '2021-12-23 06:10:00', 640),
('c91664092', 'agreenly45', 'Mkof7UALtw0', 'Armand Greenly', '1960-02-16', 'Male', '8 Cherokee Drive', '0846835570', 'agreenly45@jiathis.com', '2021-04-13 10:24:00', 980),
('c91679160', 'jgilliatco', 'Ud7MPr', 'Jerald Gilliat', '1907-02-07', 'Male', '9 Holmberg Crossing', '0887165527', 'jgilliatco@cdc.gov', '2022-10-28 21:37:00', 990),
('c91692753', 'rlyptratt5i', '3G5ANHTz', 'Rozamond Lyptratt', '1921-03-21', 'Female', '0950 Di Loreto Lane', '0459784927', 'rlyptratt5i@epa.gov', '2021-03-04 21:27:00', 650),
('c91810623', 'lharmstonepk', 'nHAk7rX9OPql', 'Lu Harmstone', '1934-07-09', 'Other', '42252 Hanover Avenue', '0356495302', 'lharmstonepk@hhs.gov', '2022-04-26 12:41:00', 350),
('c92125673', 'swestond3', 'WHzMI05SMG', 'Shawn Weston', '2007-07-30', 'Female', '4092 New Castle Lane', '0927858170', 'swestond3@squarespace.com', '2022-03-30 19:30:00', 230),
('c92181518', 'adankt', 'EVgA9niDJ9V4', 'Abe Dank', '1924-01-25', 'Male', '5632 Bashford Pass', '0337148077', 'adankt@gov.uk', '2022-02-24 05:18:00', 30),
('c92194925', 'kswabey7x', '3yNHsmdiqd', 'Kane Swabey', '1945-12-26', 'Male', '43006 Fairfield Pass', '0926023208', 'kswabey7x@opera.com', '2021-01-27 14:42:00', 810),
('c92249506', 'csimmig6c', 'L2BkHpA5fSva', 'Conrado Simmig', '1967-04-29', 'Male', '9824 Ridgeview Court', '0899730799', 'csimmig6c@imgur.com', '2022-11-19 05:03:00', 200),
('c92302872', 'rewbach5j', 'WWjOo9NNo', 'Roda Ewbach', '2018-02-28', 'Female', '2562 Waubesa Point', '0831164753', 'rewbach5j@cdbaby.com', '2021-07-26 20:48:00', 750),
('c92417939', 'rimlachkc', 'JHgAKfd', 'Rochester Imlach', '1976-11-07', 'Male', '5 Fordem Terrace', '0151990529', 'rimlachkc@dailymotion.com', '2021-06-24 00:19:00', 120),
('c92425840', 'ktydeman2m', 'sNOiqtYfp', 'Kort Tydeman', '1956-07-03', 'Other', '6885 Vera Pass', '0363058770', 'ktydeman2m@twitter.com', '2022-09-22 22:30:00', 610),
('c92542553', 'bbruyetml', 'NWZYUSa', 'Bancroft Bruyet', '1983-12-08', 'Male', '177 Carey Pass', '0800772534', 'bbruyetml@soup.io', '2021-03-17 18:16:00', 600),
('c92551394', 'jvigus4j', 'Nvpqyyccd', 'Jacquie Vigus', '1995-06-04', 'Other', '907 Mayer Trail', '0939105193', 'jvigus4j@storify.com', '2020-12-17 20:05:00', 880),
('c92586166', 'cwilseenq', 'GycY0TnJ', 'Christos Wilsee', '1941-03-24', 'Male', '4 Donald Junction', '0907488256', 'cwilseenq@freewebs.com', '2021-06-26 22:53:00', 400),
('c92825492', 'gavrashinj1', '8SN0wtgcq', 'Gasparo Avrashin', '1906-12-09', 'Other', '0560 Dixon Plaza', '0664551993', 'gavrashinj1@dailymail.co.uk', '2022-06-10 16:45:00', 920),
('c92964775', 'elehriano7', 'T0T1SngpUwKW', 'Edyth Lehrian', '1968-09-25', 'Female', '59919 Killdeer Junction', '0576867208', 'elehriano7@ucla.edu', '2021-07-15 07:44:00', 870),
('c93236206', 'lleaknerdq', 'cz1z8VswkV', 'Lionel Leakner', '1939-11-10', 'Male', '3 Mariners Cove Crossing', '0881999652', 'lleaknerdq@uiuc.edu', '2022-09-05 19:08:00', 870),
('c93324447', 'fcaterac', 'DoCphV', 'Fallon Cater', '1911-08-08', 'Female', '6 Norway Maple Lane', '0498223192', 'fcaterac@typepad.com', '2021-02-03 10:31:00', 770),
('c93400797', 'othursfield84', 'MP8J3i', 'Olive Thursfield', '1972-02-14', 'Female', '6519 Forster Place', '0202535472', 'othursfield84@bing.com', '2022-03-28 18:55:00', 900),
('c93431288', 'bkunatf0', 'uQM0DH', 'Bendix Kunat', '1929-12-29', 'Male', '269 Tennyson Alley', '0354533767', 'bkunatf0@xing.com', '2021-05-28 03:02:00', 420),
('c93579053', 'hpitblado6n', 'lmxLXusOv', 'Harcourt Pitblado', '2014-08-24', 'Male', '5544 Basil Point', '0641606594', 'hpitblado6n@miitbeian.gov.cn', '2022-01-13 23:13:00', 730),
('c93812049', 'fgooderhamgx', 'xAS9wj859', 'Feodor Gooderham', '1909-11-10', 'Male', '422 Ramsey Terrace', '0198146273', 'fgooderhamgx@tiny.cc', '2022-08-22 18:56:00', 890),
('c93813492', 'snailgz', 'TJxirUVlHA', 'Sarene Nail', '1939-12-13', 'Female', '6 Shoshone Point', '0726383805', 'snailgz@purevolume.com', '2022-08-28 23:15:00', 820),
('c93865239', 'sgiacobinim2', 'LQY1Tl', 'Skipton Giacobini', '1939-12-02', 'Male', '65 Old Shore Alley', '0744393226', 'sgiacobinim2@huffingtonpost.com', '2022-03-06 18:26:00', 150),
('c93980164', 'lkennedynb', '276Onw', 'Lew Kennedy', '1947-09-12', 'Male', '7482 Summit Lane', '0914450911', 'lkennedynb@nature.com', '2021-07-29 13:19:00', 690),
('c94207991', 'ldurrell7q', 'ThLPmmZayv', 'Lorilyn Durrell', '1983-02-12', 'Female', '1 Melvin Avenue', '0968393852', 'ldurrell7q@lulu.com', '2022-08-22 00:46:00', 440),
('c94328478', 'mbettridge9z', 'gzDGUoN', 'Michael Bettridge', '1925-02-03', 'Male', '4 Myrtle Hill', '0541907636', 'mbettridge9z@wunderground.com', '2022-06-07 13:11:00', 250),
('c94366036', 'nbridlemw', 'kTTA2TTRs', 'Norean Bridle', '1949-02-11', 'Female', '48 Katie Place', '0533678585', 'nbridlemw@about.me', '2021-11-18 10:50:00', 110),
('c94642522', 'tbennellick3i', '4Rh4bvT', 'Trudy Bennellick', '2003-01-27', 'Female', '18632 Cordelia Street', '0645491773', 'tbennellick3i@icq.com', '2022-09-14 23:13:00', 580),
('c94860961', 'wmacritchiedo', 'U57HEme', 'Walden MacRitchie', '1909-05-03', 'Male', '2592 Manufacturers Circle', '0861821057', 'wmacritchiedo@google.co.uk', '2021-06-20 19:10:00', 310),
('c94922184', 'ewithefordq', 'RuCRBbjHy', 'Eimile Witheford', '1911-01-25', 'Other', '80 Calypso Court', '0794717923', 'ewithefordq@abc.net.au', '2021-06-07 07:54:00', 160),
('c95061867', 'abrettellei5', 'XVZAogDSro', 'Arlee Brettelle', '2000-08-17', 'Female', '86023 Straubel Crossing', '0638109524', 'abrettellei5@senate.gov', '2021-11-24 20:10:00', 820),
('c95139560', 'sfarrawayg', 'IAprnbmNpFaL', 'Sampson Farraway', '2019-08-19', 'Male', '3 Goodland Place', '0173871967', 'sfarrawayg@boston.com', '2020-12-30 11:37:00', 650),
('c95180683', 'room', 'LNCsNoY0SDa', 'Rodrigo O\' Concannon', '1902-02-07', 'Male', '3 Duke Crossing', '0115079125', 'room@creativecommons.org', '2021-11-25 20:02:00', 260),
('c95182375', 'hspink5z', 'WmYm79tZQ', 'Hamel Spink', '2017-02-16', 'Male', '34 Scott Hill', '0437959914', 'hspink5z@howstuffworks.com', '2022-04-20 18:51:00', 770),
('c95191212', 'lsheardsri', 'D5SybGRQV', 'Lucy Sheards', '1922-08-05', 'Female', '95676 Village Green Place', '0391530007', 'lsheardsri@indiatimes.com', '2020-12-01 01:03:00', 730),
('c95462410', 'tshipmannh', 'ez0v8wa', 'Tris Shipman', '1967-10-10', 'Male', '9672 Transport Crossing', '0239528401', 'tshipmannh@tamu.edu', '2021-02-28 17:36:00', 610),
('c95500775', 'thurdedgeou', 'KSFawVhV', 'Tami Hurdedge', '1992-07-05', 'Other', '3238 Gateway Pass', '0849808363', 'thurdedgeou@biblegateway.com', '2022-05-31 04:19:00', 620),
('c95540216', 'cottosenr7', 'DiZrRK0tUy8G', 'Chantalle Ottosen', '1983-12-12', 'Female', '04093 Dexter Point', '0477111589', 'cottosenr7@ebay.com', '2022-02-21 17:01:00', 560),
('c95634951', 'wtyeram', 'IMvj6cTk', 'Willey Tyer', '2006-09-22', 'Male', '343 Melby Crossing', '0572403287', 'wtyeram@51.la', '2022-06-27 12:52:00', 50),
('c95664303', 'emurieia', 'D5s1urws', 'Etti Murie', '1912-06-06', 'Female', '7 Bowman Plaza', '0795962120', 'emurieia@independent.co.uk', '2022-08-20 16:56:00', 90),
('c95935736', 'jhallorcv', 'dV1fBVvNL', 'Jessamyn Hallor', '1987-04-07', 'Female', '394 Gina Alley', '0851461456', 'jhallorcv@google.fr', '2021-01-04 14:30:00', 370),
('c95996405', 'jpreuvostfj', 'WTMV6gCmS5o', 'Jolie Preuvost', '1976-07-17', 'Other', '7 Kedzie Pass', '0738625912', 'jpreuvostfj@chron.com', '2020-12-29 10:12:00', 20),
('c96298758', 'fchazelas19', 'yR0QXd', 'Faulkner Chazelas', '1912-10-28', 'Male', '00 Prairieview Trail', '0244751759', 'fchazelas19@php.net', '2021-03-16 19:12:00', 610),
('c96344034', 'nhuzzay4y', 'QtxKQqo9D', 'Nathan Huzzay', '2001-04-20', 'Male', '2 Ridge Oak Junction', '0799616089', 'nhuzzay4y@last.fm', '2021-04-25 22:20:00', 820),
('c96350338', 'rfrodsamop', 'EgHjj3cucG', 'Rosemary Frodsam', '1935-08-10', 'Female', '3444 Meadow Valley Point', '0146198614', 'rfrodsamop@apache.org', '2022-06-25 08:30:00', 500),
('c96383199', 'ciiannone6g', 'AmmS3kl', 'Coreen Iiannone', '1941-07-07', 'Female', '930 Milwaukee Street', '0459382152', 'ciiannone6g@hhs.gov', '2021-06-18 14:18:00', 790),
('c96475736', 'rsemrad42', 'SezVIVYJaR', 'Ruthy Semrad', '1977-09-21', 'Female', '90 Stephen Plaza', '0838973836', 'rsemrad42@reuters.com', '2022-07-08 16:38:00', 810),
('c96676404', 'mboness65', 'Af3uFi', 'Melody Boness', '1994-02-13', 'Female', '2484 Vera Way', '0104206040', 'mboness65@zimbio.com', '2021-07-03 23:49:00', 970),
('c96690940', 'tandrysra', 'G39al4C8reO', 'Tresa Andrys', '1929-04-01', 'Female', '872 Waywood Center', '0932413189', 'tandrysra@google.de', '2021-10-29 03:28:00', 840),
('c96868478', 'hglowackina', 'eGmEPW', 'Hunfredo Glowacki', '1943-01-27', 'Male', '837 Harbort Avenue', '0512720051', 'hglowackina@nba.com', '2022-09-18 06:18:00', 620),
('c96890139', 'wsealio', 'wyfCWUHgMl', 'Way Seal', '1923-02-05', 'Other', '73 Jackson Avenue', '0970785740', 'wsealio@fotki.com', '2021-09-22 22:20:00', 50),
('c97061129', 'cspriginqo', '1nfT0npx6', 'Casey Sprigin', '1968-10-15', 'Male', '1354 Hintze Point', '0825047355', 'cspriginqo@jimdo.com', '2022-03-12 01:00:00', 30),
('c97219733', 'cglasscockpm', 'ftuFDxlXDA6', 'Cornela Glasscock', '1948-10-26', 'Female', '066 Nancy Park', '0467881890', 'cglasscockpm@ucsd.edu', '2021-03-25 00:03:00', 700),
('c97460686', 'jletham59', 'nIxusQcC', 'Jerald Letham', '1908-03-27', 'Male', '96882 Loftsgordon Point', '0569284258', 'jletham59@webnode.com', '2022-10-10 11:35:00', 40),
('c97538723', 'gchasemooredp', 'EDNZhx2xQ', 'Giselle Chasemoore', '1929-11-25', 'Female', '1544 Victoria Point', '0590332876', 'gchasemooredp@berkeley.edu', '2022-09-25 13:15:00', 990),
('c97584150', 'iizchaki56', '3cmXXOA0mM', 'Ira Izchaki', '1982-12-12', 'Other', '4 Almo Circle', '0701954489', 'iizchaki56@etsy.com', '2022-01-09 12:16:00', 720),
('c97655023', 'lharcourtnv', 'qqs0i63E3Y', 'Lyndy Harcourt', '1909-01-26', 'Other', '8892 Knutson Place', '0102315121', 'lharcourtnv@yahoo.com', '2021-11-11 15:05:00', 310),
('c97946899', 'dkendlecs', 'LKLZSHd8', 'Doti Kendle', '2013-09-13', 'Female', '25505 Maryland Pass', '0967644620', 'dkendlecs@twitter.com', '2022-06-21 03:22:00', 740),
('c97972679', 'gconeybearejz', 'Ax2sZau7', 'Goddart Coneybeare', '1929-11-25', 'Male', '434 Mifflin Street', '0716812520', 'gconeybearejz@timesonline.co.uk', '2022-06-22 01:29:00', 640),
('c97989978', 'gdutchburn2r', 'cMd4u8iO', 'Ganny Dutchburn', '1981-03-15', 'Male', '8760 Sauthoff Trail', '0531690500', 'gdutchburn2r@studiopress.com', '2021-02-28 23:14:00', 750),
('c98002758', 'pmeharryjs', '7hcaCIlTdPS', 'Perren Meharry', '1923-06-16', 'Male', '17714 Northridge Junction', '0891593486', 'pmeharryjs@github.com', '2021-03-15 21:12:00', 180),
('c98129706', 'cmcian4d', 'WANOjZ', 'Cord McIan', '1999-07-24', 'Male', '2 Cardinal Place', '0608245723', 'cmcian4d@fc2.com', '2022-08-04 23:51:00', 90),
('c98142993', 'nklain36', 'qcXjusLYZ3', 'Noah Klain', '1992-09-25', 'Male', '1 Roxbury Lane', '0299858838', 'nklain36@state.gov', '2021-08-01 23:16:00', 70),
('c98147816', 'kskirvingfv', 'VUJodC', 'Kelvin Skirving', '1974-07-28', 'Male', '455 Lunder Terrace', '0285733282', 'kskirvingfv@nih.gov', '2021-06-03 08:19:00', 770),
('c98172890', 'gmichurina9', 'zC65c9pvRTj', 'Guillemette Michurin', '2008-08-15', 'Female', '673 Moulton Court', '0668838885', 'gmichurina9@businessweek.com', '2021-12-04 07:22:00', 830),
('c98208244', 'ahavickas', 'XKmqhjsHG', 'Auroora Havick', '1916-12-25', 'Female', '777 Golf Pass', '0816492554', 'ahavickas@tuttocitta.it', '2022-03-05 20:43:00', 790),
('c98211665', 'mbichardjh', 'qyVxRwM', 'Mariana Bichard', '1901-08-16', 'Female', '60 Nelson Alley', '0486990976', 'mbichardjh@blogs.com', '2021-11-01 00:47:00', 560),
('c98280322', 'selener5w', 'T1DUlLs', 'Stanford Elener', '1913-08-06', 'Male', '949 Carey Way', '0473675114', 'selener5w@constantcontact.com', '2022-11-17 12:56:00', 190),
('c98469729', 'tsebert9o', '1bffbyjPy', 'Tiphani Sebert', '1916-09-13', 'Other', '6 Roth Pass', '0841386259', 'tsebert9o@skyrock.com', '2021-08-19 00:08:00', 650),
('c98765432', 'kbalma1', '5qvteta', 'Kellby Balma', '2015-12-11', 'Male', '34145 Schurz Avenue', '0873864186', 'kbalma1@photobucket.com', '2022-04-16 23:40:00', 210),
('c98857202', 'tbenhamip', 'yYT7qJ5JxVC', 'Travers Benham', '2008-11-24', 'Male', '8 Dapin Alley', '0379097722', 'tbenhamip@sina.com.cn', '2022-02-12 20:50:00', 320),
('c99022210', 'mducarnepw', 'vLVXq6AM', 'Mag Ducarne', '1967-03-24', 'Female', '34630 Johnson Trail', '0846544633', 'mducarnepw@ning.com', '2022-01-11 05:22:00', 780),
('c99278572', 'vdobrowlskim0', 'AaB5boB8', 'Vivianna Dobrowlski', '1954-05-30', 'Female', '3 Bultman Alley', '0533810731', 'vdobrowlskim0@technorati.com', '2022-02-02 23:17:00', 460),
('c99283285', 'rskewesdu', '2tNlD1', 'Rosene Skewes', '1909-10-20', 'Other', '2516 Arkansas Road', '0664629800', 'rskewesdu@dagondesign.com', '2021-05-22 06:00:00', 340),
('c99289625', 'jellowayqy', 'n2Xko7ps', 'Johnnie Elloway', '1903-08-12', 'Male', '1471 Mcguire Point', '0251029761', 'jellowayqy@homestead.com', '2021-07-25 10:50:00', 190),
('c99367837', 'cmcgarel1n', 'eCv5r1Zx', 'Clayson McGarel', '2019-06-27', 'Male', '5 Melrose Way', '0735366230', 'cmcgarel1n@tinyurl.com', '2021-03-15 08:15:00', 360),
('c99392181', 'lclemens96', 'nWzELGu1', 'Lucais Clemens', '1994-11-07', 'Male', '9 Farmco Terrace', '0844797104', 'lclemens96@cbc.ca', '2022-01-23 04:29:00', 820),
('c99435740', 'ndraper71', '0oUB4orOGnO', 'Natala Draper', '1901-09-28', 'Female', '558 Kropf Drive', '0430662867', 'ndraper71@discuz.net', '2022-02-10 19:25:00', 10),
('c99477565', 'wbarthodpq', 'Sw01VCL', 'Wallie Barthod', '1915-08-29', 'Male', '2763 Pond Pass', '0158269262', 'wbarthodpq@jalbum.net', '2022-05-20 21:06:00', 340),
('c99479669', 'kdukesburyiv', '7AY3HO', 'Karoly Dukesbury', '1919-03-26', 'Female', '61 Rigney Court', '0492949247', 'kdukesburyiv@dion.ne.jp', '2022-05-30 23:27:00', 1000),
('c99480041', 'tlandes2a', 'k8dulmJpBF', 'Terrie Landes', '1909-02-08', 'Female', '3600 Cambridge Road', '0936441061', 'tlandes2a@skype.com', '2022-02-17 04:14:00', 650),
('c99829547', 'ccordeletkz', 'N0WTp0YK49', 'Clem Cordelet', '1937-11-28', 'Female', '9994 Shasta Court', '0578304016', 'ccordeletkz@ezinearticles.com', '2021-08-13 03:58:00', 830),
('c99983375', 'rgreenmanqv', '5iWd4F4CBGVD', 'Ronda Greenman', '1919-12-09', 'Female', '36765 Crownhardt Junction', '0785591028', 'rgreenmanqv@topsy.com', '2021-11-27 20:00:00', 530),
('c99983376', 'phong.bui132', '123123', 'Phong', '2022-12-06', 'Male', 'Long Xuyn, An Giang', '0123456789', 'giaphong132@gmail.com', '2022-12-08 04:33:00', 100),
('c99983377', 'phong.bui13211', '123123', 'Phong', '2022-12-06', 'Male', 'Long Xuyn, An Giang', '0123456789', 'giaphong132@gmail.com', '2022-12-08 04:35:00', 100),
('c99983378', 'phong.bui13211sss', '123123', 'dfsd', '2022-12-06', 'Male', 'Long Xuyn, An Giang', '0123456789', 'giaphong132@gmail.com', '2022-12-08 04:44:00', 100),
('c99983379', 'phong.bui13211sss11', '123123', 'asdas', '2022-12-06', 'Male', 'Long Xuyn, An Giang', '0123456789', 'giaphong132@gmail.com', '2022-12-08 04:46:00', 100),
('c99983380', 'dhvS2S7Z3asd', '123123', 'asdfas', '2022-12-06', 'Other', 'asdfasdf', '0123456789', 'giaphong132@gmail.com', '2022-12-08 04:53:00', 100),
('c99983381', 'phong.bui13212312', '12312qq', 'BKeL asdas', '2022-12-07', 'Male', 'asdfasdf', '0123456789', 'giaphong132@gmail.com', '2022-12-08 06:02:00', 100),
('c99983382', 'phong.bui132123121', '12312qq', 'BKeL asdas', '2022-12-07', 'Male', 'asdfasdf', '0123456789', 'giaphong132@gmail.com', '2022-12-08 06:03:00', 100),
('c99983383', 'phong.bui132dasczx', '12312111', 'asfasd', '2022-12-02', 'Male', 'asdfasdf', '0123456789', 'giaphong132@gmail.com', '2022-12-08 07:40:00', 100),
('c99983384', 'dhvS2S7Z3', '123123', 'asfasd', '2022-12-08', 'Male', 'asdfasdf', '0123456789', 'giaphong132@gmail.com', '2022-12-08 08:06:00', 100),
('c99983385', 'dhvS2S7Z312312', '12312312', 'BKeL asdas', '2022-12-08', 'Male', 'asdfasdf', '0123456789', 'giaphong132@gmail.com', '2022-12-09 06:21:00', 100),
('c99983386', 'phong.bui132312', '3123123', 'asfasd', '2022-12-06', 'Male', 'asdfasdf', '0123456789', 'giaphong132@gmail.com', '2022-12-09 06:46:00', 100),
('c99983387', 'phong.bui132hfgd', '12341234', 'Mason Skeelaaaa', '2022-12-01', 'Male', 'asdfasdf', '0123456789', 'giaphong132@gmail.com', '2022-12-09 09:26:00', 100),
('c99983388', 'phong.bui132hfgd123', '12341234', 'Mason Skeelaaaa', '2022-12-01', 'Male', 'asdfasdf', '0123456789', 'giaphong132@gmail.com', '2022-12-09 09:27:00', 100),
('c99983389', 'phong.bui132dasf', '12312312dasd##D', 'Mason Skeelaaaa', '2022-12-02', 'Male', 'asdfasdf', '0123456789', 'giaphong132@gmail.co', '2022-12-12 05:15:00', 100),
('c99983390', 'phong.bui132asdas', '1231233342ASDFdf', 'Mason Skeelaaaa', '2022-11-30', 'Female', 'asdfasdf', '0123456789', 'giaphong132@gmail.co', '2022-12-12 06:30:00', 100);

-- --------------------------------------------------------

--
-- Table structure for table `food`
--

CREATE TABLE `food` (
  `FoodID` varchar(2) NOT NULL,
  `Name` varchar(7) NOT NULL,
  `Size` varchar(1) NOT NULL
) ENGINE=InnoDB DEFAULT CHARSET=utf8mb4;

--
-- Dumping data for table `food`
--

INSERT INTO `food` (`FoodID`, `Name`, `Size`) VALUES
('f0', 'Popcorn', 'S'),
('f1', 'Popcorn', 'M'),
('f2', 'Popcorn', 'L'),
('f3', 'Pepsi', 'S'),
('f4', 'Pepsi', 'M'),
('f5', 'Pepsi', 'L'),
('f6', 'Coca', 'S'),
('f7', 'Coca', 'M'),
('f8', 'Coca', 'L');

-- --------------------------------------------------------

--
-- Table structure for table `food_order`
--

CREATE TABLE `food_order` (
  `FoodID` varchar(2) NOT NULL,
  `Invoice_num` varchar(50) NOT NULL,
  `Amount` int(11) NOT NULL
) ENGINE=InnoDB DEFAULT CHARSET=utf8mb4;

--
-- Dumping data for table `food_order`
--

INSERT INTO `food_order` (`FoodID`, `Invoice_num`, `Amount`) VALUES
('f0', 'o02702603', 4),
('f0', 'o03440577', 3),
('f0', 'o05397613', 1),
('f0', 'o07537295', 1),
('f0', 'o08746968', 5),
('f0', 'o08932955', 1),
('f0', 'o09128927', 1),
('f0', 'o09496873', 4),
('f0', 'o09873212', 5),
('f0', 'o10961404', 4),
('f1', 'o01820337', 2),
('f1', 'o02430183', 2),
('f1', 'o03536163', 4),
('f1', 'o04180549', 5),
('f1', 'o06457466', 2),
('f1', 'o07997588', 3),
('f1', 'o08376267', 3),
('f1', 'o09055476', 1),
('f1', 'o09314127', 4),
('f2', 'o01189037', 1),
('f2', 'o01278137', 5),
('f2', 'o01660076', 5),
('f2', 'o02049312', 3),
('f2', 'o05351804', 5),
('f2', 'o05979450', 4),
('f2', 'o06093258', 3),
('f2', 'o06098818', 5),
('f2', 'o06390482', 5),
('f2', 'o06983536', 5),
('f2', 'o08137915', 2),
('f2', 'o08913569', 3),
('f2', 'o09766851', 3),
('f2', 'o10068925', 1),
('f2', 'o10916816', 3),
('f3', 'o00594733', 1),
('f3', 'o00868179', 2),
('f3', 'o01364763', 5),
('f3', 'o01450797', 2),
('f3', 'o01651238', 4),
('f3', 'o03039841', 1),
('f3', 'o04265677', 3),
('f3', 'o05560140', 4),
('f3', 'o08012374', 2),
('f3', 'o08206400', 2),
('f3', 'o08505774', 2),
('f3', 'o08508166', 5),
('f3', 'o08720210', 4),
('f3', 'o08876087', 4),
('f3', 'o10505521', 1),
('f4', 'o01329218', 4),
('f4', 'o01609189', 2),
('f4', 'o01732380', 1),
('f4', 'o02614437', 5),
('f4', 'o02632171', 4),
('f4', 'o02950966', 4),
('f4', 'o05902263', 3),
('f4', 'o07125099', 1),
('f4', 'o09730605', 2),
('f4', 'o10439224', 2),
('f5', 'o02764427', 2),
('f5', 'o03065520', 3),
('f5', 'o03929649', 1),
('f5', 'o04823140', 3),
('f5', 'o05692709', 5),
('f6', 'o01118371', 1),
('f6', 'o02355010', 3),
('f6', 'o02829687', 2),
('f6', 'o03960063', 1),
('f6', 'o04592694', 3),
('f6', 'o04753289', 2),
('f6', 'o06045794', 1),
('f6', 'o08584663', 1),
('f6', 'o09185985', 1),
('f6', 'o10082169', 1),
('f7', 'o00325858', 4),
('f7', 'o03411867', 2),
('f7', 'o05324897', 2),
('f7', 'o05834441', 4),
('f7', 'o07177430', 2),
('f7', 'o07289718', 4),
('f7', 'o07524641', 5),
('f7', 'o08289783', 3),
('f7', 'o08360701', 1),
('f8', 'o00128357', 4),
('f8', 'o00266088', 2),
('f8', 'o01037881', 4),
('f8', 'o01757980', 1),
('f8', 'o02078082', 4),
('f8', 'o02773810', 2),
('f8', 'o02865501', 2),
('f8', 'o02935464', 5),
('f8', 'o04482467', 5),
('f8', 'o04793205', 2),
('f8', 'o04887098', 1),
('f8', 'o05993285', 1),
('f8', 'o06793937', 3),
('f8', 'o07171479', 2),
('f8', 'o07940521', 3),
('f8', 'o09764999', 3),
('f8', 'o10662920', 3);

-- --------------------------------------------------------

--
-- Table structure for table `isapplied`
--

CREATE TABLE `isapplied` (
  `VoucherID` varchar(9) NOT NULL,
  `Invoice_num` varchar(9) NOT NULL
) ENGINE=InnoDB DEFAULT CHARSET=utf8mb4;

--
-- Dumping data for table `isapplied`
--

INSERT INTO `isapplied` (`VoucherID`, `Invoice_num`) VALUES
('v00116318', 'o08913569'),
('v00906575', 'o06983536'),
('v00939305', 'o02829687'),
('v02106705', 'o03065520'),
('v05249117', 'o04793205'),
('v05456624', 'o02632171'),
('v05574781', 'o10961404'),
('v06275396', 'o02355010'),
('v07228385', 'o05324897'),
('v07282948', 'o01820337'),
('v07284724', 'o08137915'),
('v08121133', 'o08360701'),
('v08660037', 'o04887098'),
('v11176701', 'o00594733'),
('v12692229', 'o10439224'),
('v12739241', 'o06457466'),
('v15924040', 'o03411867'),
('v16402923', 'o07171479'),
('v18303210', 'o09766851'),
('v18432397', 'o09185985'),
('v18491661', 'o09496873'),
('v19454802', 'o02950966'),
('v20286648', 'o08876087'),
('v20544592', 'o10662920'),
('v20562648', 'o02764427'),
('v22212121', 'o03039841'),
('v22725006', 'o01118371'),
('v22936155', 'o09730605'),
('v23826916', 'o09055476'),
('v24044546', 'o05979450'),
('v26342508', 'o01329218'),
('v29214952', 'o01651238'),
('v30753049', 'o10916816'),
('v30810434', 'o05692709'),
('v30837199', 'o01660076'),
('v31534255', 'o04753289'),
('v34248916', 'o01037881'),
('v34617681', 'o06390482'),
('v35110683', 'o02865501'),
('v39007763', 'o09128927'),
('v40904503', 'o06093258'),
('v41451862', 'o08746968'),
('v42824026', 'o10068925'),
('v42876003', 'o08584663'),
('v45095227', 'o01732380'),
('v47527039', 'o00868179'),
('v49224931', 'o07537295'),
('v51985032', 'o01189037'),
('v52326334', 'o01609189'),
('v52910230', 'o02614437'),
('v53192089', 'o03536163'),
('v54740459', 'o07289718'),
('v55009817', 'o00128357'),
('v56150798', 'o05397613'),
('v58153989', 'o03440577'),
('v59610911', 'o06793937'),
('v60116222', 'o05560140'),
('v60286024', 'o03929649'),
('v61860082', 'o02078082'),
('v62115697', 'o08508166'),
('v63137872', 'o07524641'),
('v64971023', 'o07997588'),
('v64972482', 'o01450797'),
('v65456414', 'o04265677'),
('v66175397', 'o08012374'),
('v66199029', 'o00266088'),
('v66866248', 'o06098818'),
('v67040937', 'o05834441'),
('v67427244', 'o08206400'),
('v70102855', 'o08505774'),
('v72274175', 'o09764999'),
('v72918463', 'o07125099'),
('v73544877', 'o08720210'),
('v73762728', 'o07177430'),
('v75541334', 'o03960063'),
('v76411498', 'o05902263'),
('v78118650', 'o09873212'),
('v78267920', 'o02702603'),
('v79172274', 'o05993285'),
('v79353122', 'o08376267'),
('v81729636', 'o08289783'),
('v83260835', 'o04592694'),
('v83708465', 'o04823140'),
('v83774716', 'o02049312'),
('v84271795', 'o08932955'),
('v87183312', 'o06045794'),
('v88655350', 'o04180549'),
('v88932261', 'o04482467'),
('v89544589', 'o01278137'),
('v89932194', 'o05351804'),
('v90199682', 'o02430183'),
('v90752992', 'o02935464'),
('v92187932', 'o02773810'),
('v92726482', 'o01757980'),
('v96864375', 'o10082169'),
('v97192010', 'o01364763'),
('v98346309', 'o00325858'),
('v98488602', 'o10505521'),
('v99457680', 'o07940521'),
('v99873309', 'o09314127');

--
-- Triggers `isapplied`
--
DELIMITER $$
CREATE TRIGGER `useTotalPoint` AFTER INSERT ON `isapplied` FOR EACH ROW BEGIN
		SET @point = (
			SELECT Total_point
        	FROM Voucher
        	WHERE VoucherID = NEW.VoucherID
		);
		IF @point IS NOT NULL THEN
			SET @cID = (
				SELECT CustomerID
                FROM cOrder
                WHERE Invoice_num = NEW.Invoice_num
            );
            UPDATE Customer
        	SET Total_point = Total_point - @point
    		WHERE CustomerID = @cID;
		END IF;
    END
$$
DELIMITER ;

-- --------------------------------------------------------

--
-- Table structure for table `movie`
--

CREATE TABLE `movie` (
  `Movie_code` varchar(9) NOT NULL,
  `Director` varchar(50) DEFAULT NULL,
  `Release_date` date NOT NULL,
  `Age_limit` varchar(3) DEFAULT NULL,
  `Rating` decimal(2,1) DEFAULT NULL CHECK (`Rating` > 0),
  `Time_limit` decimal(2,1) DEFAULT NULL CHECK (`Time_limit` > 0),
  `Name` varchar(100) NOT NULL
) ENGINE=InnoDB DEFAULT CHARSET=utf8mb4;

--
-- Dumping data for table `movie`
--

INSERT INTO `movie` (`Movie_code`, `Director`, `Release_date`, `Age_limit`, `Rating`, `Time_limit`, `Name`) VALUES
('m00036050', 'Florance Guilloud', '2020-07-18', 'All', '2.0', '1.4', 'Oldboy '),
('m01089002', 'Sandro Quilter', '2022-01-05', 'All', '4.8', '1.6', 'Chinatown '),
('m01811816', 'Vic Stain', '2021-03-05', '18', '4.6', '1.3', 'City Lights '),
('m02068345', 'Henrie Bambrugh', '2020-07-31', 'All', '3.5', '1.9', 'The Silence of the Lambs '),
('m03397093', 'Kelcie Hardison', '2020-10-23', '16', '1.1', '1.3', 'Alien '),
('m03789410', 'Domenico Jubert', '2020-04-25', 'All', '3.9', '1.2', 'A Clockwork Orange '),
('m04560481', 'Phelia McDuffie', '2022-11-05', 'All', '4.3', '1.6', 'Life Is Beautiful '),
('m04905601', 'Delano Thorsen', '2021-11-11', 'All', '2.1', '1.3', 'The Good, the Bad and the Ugly '),
('m06140924', 'Debby Leggen', '2021-02-12', 'All', '3.4', '1.8', 'Once Upon a Time in America '),
('m06189028', 'Virgina Wreiford', '2021-02-20', 'All', '1.4', '1.7', 'The Dark Knight Rises '),
('m07894255', 'Shelli Stammer', '2021-12-04', 'All', '1.0', '1.7', 'Amlie '),
('m08256994', 'Nat Overil', '2020-09-14', 'All', '1.3', '1.5', 'Eternal Sunshine of the Spotless Mind '),
('m08269068', 'Garvey Kobpal', '2022-06-20', 'All', '2.2', '1.1', 'Spirited Away '),
('m10030333', 'Amara Matejka', '2022-06-13', 'All', '2.9', '1.1', 'The Prestige '),
('m12968902', 'Ailsun Craske', '2022-11-12', 'All', '1.6', '1.6', 'Pulp Fiction '),
('m13604066', 'Lombard Burdus', '2020-03-20', 'All', '3.9', '1.5', 'Gladiator '),
('m14311756', 'Kory Archley', '2022-01-10', '18', '4.6', '1.3', 'Once Upon a Time in the West '),
('m15387336', 'Viviene Blakesley', '2022-04-01', 'All', '3.1', '1.5', 'City of God '),
('m15576089', 'Monti Headey', '2020-01-04', 'All', '3.2', '1.9', 'Taxi Driver '),
('m19096654', 'Sandra Shelly', '2020-03-23', 'All', '4.5', '1.2', 'Star Wars: Episode V - The Empire Strikes Back '),
('m19307593', 'Jacqueline Coxall', '2022-05-06', 'All', '4.6', '1.7', 'Django Unchained '),
('m19932012', 'Twila Earthfield', '2021-07-17', 'All', '2.6', '1.7', 'Gravity '),
('m21628403', 'Cherida Cartmer', '2020-10-08', 'All', '4.5', '1.1', 'Braveheart '),
('m22167169', 'Herb Labdon', '2022-04-25', 'All', '4.9', '1.0', 'The Lord of the Rings: The Two Towers '),
('m23274579', 'Waneta Pedroni', '2022-08-04', 'All', '3.1', '1.6', 'Sunset Blvd. '),
('m23588678', 'Walden Cowdry', '2020-09-09', 'All', '4.1', '1.0', 'M '),
('m23947634', 'Gayleen Spaughton', '2020-05-31', 'All', '3.4', '1.8', 'Casablanca '),
('m25178503', 'Brynne Danbye', '2021-09-21', 'All', '1.7', '1.7', 'Back to the Future '),
('m26722206', 'Rochester Geely', '2021-06-15', '18', '4.8', '1.2', 'Monty Python and the Holy Grail '),
('m26865850', 'Cad Patifield', '2020-02-13', 'All', '3.7', '1.9', 'Star Wars '),
('m29716524', 'Lula Caughte', '2020-08-03', 'All', '4.3', '1.1', 'American Beauty '),
('m31281014', 'Cthrine Shinn', '2020-03-21', 'All', '1.1', '1.1', 'It\'s a Wonderful Life '),
('m31709442', 'Staford Cressey', '2021-07-22', '16', '2.9', '1.6', 'Seven Samurai '),
('m31930108', 'Stephana Sphinxe', '2020-10-21', '16', '2.8', '1.7', 'One Flew Over the Cuckoo\'s Nest '),
('m33633469', 'Elbertine O\'Corren', '2021-09-07', '16', '4.8', '1.4', 'Forrest Gump '),
('m34307611', 'Suzi Denge', '2021-07-28', 'All', '3.0', '1.8', 'Raiders of the Lost Ark '),
('m34651114', 'Ellswerth Dunkerly', '2020-07-21', 'All', '3.2', '1.7', 'Rear Window '),
('m36098720', 'Rosie Mitrovic', '2022-03-17', 'All', '1.2', '1.2', 'Memento '),
('m37268580', 'Sissy Bogaert', '2020-10-02', 'All', '4.2', '1.5', 'Bicycle Thieves '),
('m39289033', 'Angel Piffe', '2020-06-27', 'All', '4.2', '1.9', 'Das Boot '),
('m41003528', 'Sasha Behn', '2022-03-20', 'All', '3.6', '1.5', 'Lon: The Professional '),
('m41160635', 'Teodorico Amberson', '2019-12-08', '16', '1.6', '1.5', 'To Kill a Mockingbird '),
('m42705030', 'Fayre Maier', '2021-12-21', 'All', '1.1', '1.4', 'Citizen Kane '),
('m44725767', 'Louise Limeburner', '2021-11-10', '18', '2.3', '1.4', 'The Departed '),
('m45203618', 'Elden Ewbanke', '2021-09-12', '16', '3.8', '1.2', 'Lawrence of Arabia '),
('m45391689', 'Dari Mougenel', '2022-08-02', 'All', '3.3', '1.2', 'Singin\' in the Rain '),
('m45836752', 'Putnam Harbard', '2020-05-25', 'All', '3.8', '1.3', 'Saving Private Ryan '),
('m46573100', 'Tandy Staveley', '2021-02-15', 'All', '4.5', '1.5', 'The Lives of Others '),
('m47354433', 'Marcelia Stronghill', '2022-09-07', 'All', '3.1', '1.0', 'Vertigo '),
('m48116842', 'Maddy Tredgold', '2020-06-19', 'All', '2.6', '1.4', 'Unforgiven '),
('m50671370', 'Wain Meni', '2021-01-15', 'All', '1.1', '1.0', 'All About Eve '),
('m51517121', 'Bryn Kubacek', '2021-05-17', 'All', '4.6', '1.2', 'The Treasure of the Sierra Madre '),
('m51574341', 'Kevon Manske', '2021-03-27', 'All', '1.3', '1.1', 'L.A. Confidential '),
('m53903586', 'Henrik Wix', '2020-04-02', 'All', '4.1', '1.6', 'Rashomon '),
('m54969635', 'Lionello Haggis', '2021-06-17', 'All', '2.9', '1.2', 'Cinema Paradiso '),
('m55300646', 'Whit Maly', '2022-01-22', 'All', '4.0', '1.6', 'Star Wars: Episode VI - Return of the Jedi '),
('m55319663', 'Simmonds Sallings', '2019-12-31', 'All', '1.4', '1.6', 'The Shawshank Redemption '),
('m57301478', 'Rodolph Tales', '2022-06-27', 'All', '4.1', '1.8', 'Fight Club '),
('m58371615', 'Atalanta Gammett', '2020-07-04', 'All', '3.8', '1.0', 'WALLE '),
('m58629216', 'Legra Altoft', '2022-03-02', 'All', '3.8', '1.6', 'Terminator 2: Judgment Day '),
('m59243291', 'Frederik Gogan', '2020-04-01', '18', '1.7', '1.6', 'Full Metal Jacket '),
('m59455748', 'Cally Duxfield', '2022-08-03', 'All', '4.7', '1.1', 'Psycho '),
('m59551317', 'Antonietta Boom', '2022-06-02', 'All', '3.5', '1.7', 'Amadeus '),
('m60193694', 'Korry Pleass', '2021-01-01', 'All', '4.0', '1.6', 'The Shining '),
('m61271264', 'Anne-marie Maxfield', '2022-08-21', 'All', '3.5', '1.8', 'The Apartment '),
('m61954213', 'Charissa Jansema', '2022-05-31', 'All', '1.9', '1.4', 'Aliens '),
('m62022016', 'Tudor De la Feld', '2020-10-26', 'All', '3.9', '1.7', 'Princess Mononoke '),
('m62056443', 'Lancelot Sphinxe', '2022-10-07', 'All', '1.4', '1.9', 'Modern Times '),
('m63305834', 'Britta Angrock', '2022-10-18', 'All', '3.8', '1.5', 'The Lord of the Rings: The Fellowship of the Ring '),
('m64263012', 'Teddy Sebborn', '2020-01-09', 'All', '1.5', '1.9', 'The Intouchables '),
('m64267580', 'Robin Negri', '2021-04-25', 'All', '1.1', '1.4', 'The Godfather: Part II '),
('m65686242', 'Gussy Waterland', '2022-01-05', 'All', '2.4', '1.7', 'The Green Mile '),
('m66791420', 'Hallie Cutchey', '2021-02-14', 'All', '3.5', '1.1', 'Schindler\'s List '),
('m67771403', 'Federica Ingleston', '2020-03-10', 'All', '4.4', '1.2', 'The Lord of the Rings: The Return of the King '),
('m69670508', 'Ferdinanda Parsisson', '2020-11-27', '18', '2.0', '1.2', 'The Third Man '),
('m69707972', 'Carly Strover', '2020-11-28', 'All', '1.2', '1.4', 'The Dark Knight '),
('m71568090', 'Otes Exell', '2022-10-02', '18', '3.8', '1.4', 'Goodfellas '),
('m72390554', 'Kelly Petricek', '2019-12-12', 'All', '1.6', '1.4', 'Witness for the Prosecution '),
('m72640766', 'Norris McCaughey', '2020-12-10', 'All', '3.0', '1.9', 'Toy Story 3 '),
('m73006990', 'Adelice Grimwad', '2020-02-11', 'All', '4.7', '1.5', 'The Great Dictator '),
('m78126847', 'Aindrea Le Barr', '2021-04-26', '16', '3.8', '1.9', 'The Sting '),
('m79541185', 'Dale Legan', '2021-07-02', 'All', '3.9', '1.2', 'Dr. Strangelove or: How I Learned to Stop Worrying and Love the Bomb '),
('m80106369', 'Vito Leteurtre', '2021-08-25', 'All', '3.5', '1.8', 'Metropolis '),
('m80552946', 'Bessy Bangiard', '2021-09-15', 'All', '4.9', '1.4', 'Se7en '),
('m80906605', 'Damiano Haton', '2022-03-10', 'All', '2.4', '1.2', 'Paths of Glory '),
('m81482803', 'Keelia Waples', '2021-07-04', 'All', '2.8', '1.7', 'The Matrix '),
('m83761873', 'Jerrie Sizzey', '2021-01-13', 'All', '1.2', '1.9', 'The Usual Suspects '),
('m83816154', 'Sosanna Chillingsworth', '2021-11-06', 'All', '4.6', '1.7', 'Apocalypse Now '),
('m84499891', 'Henderson Wandtke', '2022-01-13', 'All', '2.4', '1.8', 'The Godfather '),
('m88277889', 'Gussy Duffus', '2020-03-23', 'All', '4.5', '1.9', 'Double Indemnity '),
('m89779930', 'Colver Igo', '2021-11-25', 'All', '1.9', '1.6', 'Requiem for a Dream '),
('m90427384', 'Tony Feige', '2022-05-15', 'All', '4.6', '2.0', 'American History X '),
('m91258168', 'Emalia Kibbe', '2020-10-22', 'All', '4.0', '1.1', '12 Angry Men '),
('m91645119', 'Arnaldo Tuhy', '2020-02-25', 'All', '1.4', '1.6', 'Reservoir Dogs '),
('m92047561', 'Staci Seivwright', '2020-05-15', 'All', '5.0', '1.7', 'North by Northwest '),
('m92432288', 'Carina Yacobsohn', '2021-12-22', '18', '2.3', '1.7', 'The Lion King '),
('m93278499', 'Agneta Cape', '2021-10-25', 'All', '1.5', '1.6', 'Some Like It Hot '),
('m93457413', 'Roxane Lorden', '2022-04-15', '18', '2.5', '1.8', 'The Pianist '),
('m93653336', 'Evangelia Riply', '2022-10-01', 'All', '1.9', '1.3', 'Inception '),
('m94589713', 'Fabe Leuchars', '2021-02-17', 'All', '1.2', '1.1', '2001: A Space Odyssey ');

-- --------------------------------------------------------

--
-- Table structure for table `movie_cast`
--

CREATE TABLE `movie_cast` (
  `Movie_code` varchar(50) NOT NULL,
  `Cast` varchar(50) NOT NULL
) ENGINE=InnoDB DEFAULT CHARSET=utf8mb4;

--
-- Dumping data for table `movie_cast`
--

INSERT INTO `movie_cast` (`Movie_code`, `Cast`) VALUES
('m00036050', 'Koralle Lohmeyer'),
('m00036050', 'Trey Kopfen'),
('m01089002', 'Cesare Lavalle'),
('m01089002', 'Drucill Brunini'),
('m01811816', 'Elberta Kilcoyne'),
('m01811816', 'Freddy Tremlett'),
('m02068345', 'Camile Treneer'),
('m02068345', 'Estele Stellman'),
('m03397093', 'De witt Curuclis'),
('m03397093', 'Reggie Jeffree'),
('m03789410', 'Katee Jullian'),
('m03789410', 'Madelene Matyja'),
('m04560481', 'Jere De Cleen'),
('m04560481', 'Marsh Hastelow'),
('m04905601', 'Cara Barthod'),
('m04905601', 'Ursula De Morena'),
('m06140924', 'Sabrina Haythorn'),
('m06140924', 'Sukey Chessor'),
('m06189028', 'Gabriele Rawcliff'),
('m06189028', 'Johanna Twitchings'),
('m07894255', 'Gallard Jantet'),
('m07894255', 'Vinny Armell'),
('m08256994', 'Lucy Kemble'),
('m08256994', 'Margarethe Pedroni'),
('m08269068', 'Drucill Durbin'),
('m08269068', 'Tammara Blinkhorn'),
('m10030333', 'Leanora McKim'),
('m10030333', 'Marji Penhale'),
('m12968902', 'Beverie Brandreth'),
('m12968902', 'Cirillo Ridde'),
('m13604066', 'Earlie Kettlewell'),
('m13604066', 'Ellery Standley'),
('m14311756', 'Adolphe Georgel'),
('m14311756', 'Barret Schenkel'),
('m15387336', 'Kirsteni Winders'),
('m15387336', 'Torin Seamarke'),
('m15576089', 'Bette Kobpa'),
('m15576089', 'Claire Deeks'),
('m19096654', 'Gradey Taverner'),
('m19096654', 'Loreen Mulbry'),
('m19307593', 'Lynelle Middleton'),
('m19307593', 'Murry Marciek'),
('m19932012', 'Alfred Fahy'),
('m19932012', 'Bonnee Creswell'),
('m21628403', 'Megen Lundberg'),
('m21628403', 'Vergil Romanelli'),
('m22167169', 'Kris Fairnie'),
('m22167169', 'Theadora Mackett'),
('m23274579', 'Brock Kopfer'),
('m23274579', 'Shaine Pesek'),
('m23588678', 'Graham Camamill'),
('m23588678', 'Patrice Wolseley'),
('m23947634', 'Allin Mirralls'),
('m23947634', 'Baxter Lezemore'),
('m25178503', 'Liza Annandale'),
('m25178503', 'Mattie Casiroli'),
('m26722206', 'Ban Curmi'),
('m26722206', 'Kizzee Buckett'),
('m26865850', 'Benedicta Tommasetti'),
('m26865850', 'Rachael Perel'),
('m29716524', 'Krisha Cathel'),
('m29716524', 'Teodorico Binion'),
('m31281014', 'Kylie Harberer'),
('m31281014', 'Mendie Kender'),
('m31709442', 'Aurthur Mawditt'),
('m31709442', 'Nappy Burris'),
('m31930108', 'Brinn Luther'),
('m31930108', 'Chic Dominelli'),
('m33633469', 'Beatrice Camber'),
('m33633469', 'Peadar Worthing'),
('m34307611', 'Olivero Doorey'),
('m34307611', 'Sibley Shillington'),
('m34651114', 'Torre Shafe'),
('m34651114', 'Waylen Mayzes'),
('m36098720', 'Coretta Ungerer'),
('m36098720', 'Phillie Beddoes'),
('m37268580', 'Lilias Hembery'),
('m37268580', 'Meghann Dray'),
('m39289033', 'Bengt Mandrey'),
('m39289033', 'Patsy Dalla'),
('m41003528', 'Lucila Hartopp'),
('m41003528', 'Whitman Benzi'),
('m41160635', 'Gabbie Loverock'),
('m41160635', 'Ludovico Colebourn'),
('m42705030', 'Arliene Livesay'),
('m42705030', 'Freddy Bocking'),
('m44725767', 'Noemi Pietersen'),
('m44725767', 'Ulric Pettett'),
('m45203618', 'Guglielma McBoyle'),
('m45203618', 'Rubi Rous'),
('m45391689', 'Diandra Pharo'),
('m45391689', 'Robin Ferrer'),
('m45836752', 'Ciel Walhedd'),
('m45836752', 'Fonsie Ucceli'),
('m46573100', 'Bjorn Pollitt'),
('m46573100', 'Bobbe Langmead'),
('m47354433', 'Anneliese Dreghorn'),
('m47354433', 'Arlen Leil'),
('m48116842', 'Peyter Jales'),
('m48116842', 'Shaun McKibbin'),
('m50671370', 'Annmaria Carnegy'),
('m50671370', 'Standford Bollini'),
('m51517121', 'Alexandre Mundall'),
('m51517121', 'Benoit Dymick'),
('m51574341', 'Redd Alexandersen'),
('m51574341', 'Timoteo O\'Deoran'),
('m53903586', 'Carlyle Iiannone'),
('m53903586', 'Claudina Custed'),
('m54969635', 'Glenine Bigrigg'),
('m54969635', 'Trish Nairne'),
('m55300646', 'Karee MacCostigan'),
('m55300646', 'Moises Manger'),
('m55319663', 'Edita Castiblanco'),
('m55319663', 'Theo Kobieriecki'),
('m57301478', 'Geordie Handy'),
('m57301478', 'Jock Senecaut'),
('m58371615', 'Dare Hessay'),
('m58371615', 'Euell Grosier'),
('m58629216', 'Joshia Seelbach'),
('m58629216', 'Matty Jerke'),
('m59243291', 'Lauretta Stening'),
('m59243291', 'Roma Driffe'),
('m59455748', 'Ted Truswell'),
('m59455748', 'Tillie Spieck'),
('m59551317', 'Eamon MacCourt'),
('m59551317', 'Torrie Feldman'),
('m60193694', 'Bale Scourgie'),
('m60193694', 'Neala Touzey'),
('m61271264', 'Dino MacSharry'),
('m61271264', 'Latia O\'Cahey'),
('m61954213', 'Bibi Goldie'),
('m61954213', 'Valene Ropars'),
('m62022016', 'Julee Vuitte'),
('m62022016', 'Lonee Vyse'),
('m62056443', 'Phyllida Boone'),
('m62056443', 'Rebecca De Mattia'),
('m63305834', 'Christoffer Merrywether'),
('m63305834', 'Desdemona Hazleton'),
('m64263012', 'Georgy Wilsher'),
('m64263012', 'Townie Vidler'),
('m64267580', 'Amos Jore'),
('m64267580', 'Derron Semarke'),
('m65686242', 'Lianne Jaouen'),
('m65686242', 'Patricio Bavidge'),
('m66791420', 'Dennie Paolino'),
('m66791420', 'Laetitia Blinder'),
('m67771403', 'Dani MacPeake'),
('m67771403', 'Morna Bartoleyn'),
('m69670508', 'Chase Hovington'),
('m69670508', 'Kelwin Mence'),
('m69707972', 'Marcelline Eggins'),
('m69707972', 'Twila Franssen'),
('m71568090', 'Ann-marie Tweede'),
('m71568090', 'Dore Boddymead'),
('m72390554', 'Garfield Rebillard'),
('m72390554', 'Madelena Bartleet'),
('m72640766', 'Betta Treswell'),
('m72640766', 'Jilly Simmgen'),
('m73006990', 'Evvie Brothers'),
('m73006990', 'Jilleen Arden'),
('m78126847', 'Didi Dietzler'),
('m78126847', 'Sarita Spours'),
('m79541185', 'Dunstan Kemsley'),
('m79541185', 'Wilbur Zorener'),
('m80106369', 'Basilius Bohlens'),
('m80106369', 'Hamlen Brownscombe'),
('m80552946', 'Kittie Lavens'),
('m80552946', 'Peggi Walls'),
('m80906605', 'Kipper Smellie'),
('m80906605', 'Pandora Silvermann'),
('m81482803', 'Kerwin Longworthy'),
('m81482803', 'Modesty Cragg'),
('m83761873', 'Guenna Demougeot'),
('m83761873', 'Sandi Conlaund'),
('m83816154', 'Durant Oxshott'),
('m83816154', 'Tamarra Strangwood'),
('m84499891', 'Dame End'),
('m84499891', 'Derk Colbeck'),
('m88277889', 'Lira Wickey'),
('m88277889', 'Tomasina Breache'),
('m89779930', 'Conrad Carnaman'),
('m89779930', 'Maighdiln Cromar'),
('m90427384', 'Jorrie Gravet'),
('m90427384', 'Peri Parkes'),
('m91258168', 'Chrissy Gutherson'),
('m91258168', 'Dewain Hemmingway'),
('m91645119', 'Agneta Lopez'),
('m91645119', 'Mirna Squirrel'),
('m92047561', 'Arlette Molder'),
('m92047561', 'Elliot Pasterfield'),
('m92432288', 'Lazarus Stimpson'),
('m92432288', 'Rosalinde Harsum'),
('m93278499', 'Kettie Lamport'),
('m93278499', 'Kirk Petrescu'),
('m93457413', 'Dante Boeter'),
('m93457413', 'Maitilde Kaines'),
('m93653336', 'Cele Menguy'),
('m93653336', 'Clarke Weagener'),
('m94589713', 'Morey Klimentov'),
('m94589713', 'Patricia Mansour');

-- --------------------------------------------------------

--
-- Table structure for table `movie_format`
--

CREATE TABLE `movie_format` (
  `Movie_code` varchar(9) NOT NULL,
  `Format` varchar(4) NOT NULL
) ENGINE=InnoDB DEFAULT CHARSET=utf8mb4;

--
-- Dumping data for table `movie_format`
--

INSERT INTO `movie_format` (`Movie_code`, `Format`) VALUES
('m00036050', '2D'),
('m00036050', '3D'),
('m00036050', '4DX'),
('m00036050', 'IMAX'),
('m01089002', '2D'),
('m01089002', '3D'),
('m01089002', '4DX'),
('m01089002', 'IMAX'),
('m01811816', '2D'),
('m01811816', '3D'),
('m01811816', '4DX'),
('m01811816', 'IMAX'),
('m02068345', '2D'),
('m02068345', '3D'),
('m02068345', '4DX'),
('m02068345', 'IMAX'),
('m03397093', '2D'),
('m03397093', '3D'),
('m03397093', '4DX'),
('m03397093', 'IMAX'),
('m03789410', '2D'),
('m03789410', '3D'),
('m03789410', '4DX'),
('m03789410', 'IMAX'),
('m04560481', '2D'),
('m04560481', '3D'),
('m04560481', '4DX'),
('m04560481', 'IMAX'),
('m04905601', '2D'),
('m04905601', '3D'),
('m04905601', '4DX'),
('m04905601', 'IMAX'),
('m06140924', '2D'),
('m06140924', '3D'),
('m06140924', '4DX'),
('m06140924', 'IMAX'),
('m06189028', '2D'),
('m06189028', '3D'),
('m06189028', '4DX'),
('m06189028', 'IMAX'),
('m07894255', '2D'),
('m07894255', '3D'),
('m07894255', '4DX'),
('m07894255', 'IMAX'),
('m08256994', '2D'),
('m08256994', '3D'),
('m08256994', '4DX'),
('m08256994', 'IMAX'),
('m08269068', '2D'),
('m08269068', '3D'),
('m08269068', '4DX'),
('m08269068', 'IMAX'),
('m10030333', '2D'),
('m10030333', '3D'),
('m10030333', '4DX'),
('m10030333', 'IMAX'),
('m12968902', '2D'),
('m12968902', '3D'),
('m12968902', '4DX'),
('m12968902', 'IMAX'),
('m13604066', '2D'),
('m13604066', '3D'),
('m13604066', '4DX'),
('m13604066', 'IMAX'),
('m14311756', '2D'),
('m14311756', '3D'),
('m14311756', '4DX'),
('m14311756', 'IMAX'),
('m15387336', '2D'),
('m15387336', '3D'),
('m15387336', '4DX'),
('m15387336', 'IMAX'),
('m15576089', '2D'),
('m15576089', '3D'),
('m15576089', '4DX'),
('m15576089', 'IMAX'),
('m19096654', '2D'),
('m19096654', '3D'),
('m19096654', '4DX'),
('m19096654', 'IMAX'),
('m19307593', '2D'),
('m19307593', '3D'),
('m19307593', '4DX'),
('m19307593', 'IMAX'),
('m19932012', '2D'),
('m19932012', '3D'),
('m19932012', '4DX'),
('m19932012', 'IMAX'),
('m21628403', '2D'),
('m21628403', '3D'),
('m21628403', '4DX'),
('m21628403', 'IMAX'),
('m22167169', '2D'),
('m22167169', '3D'),
('m22167169', '4DX'),
('m22167169', 'IMAX'),
('m23274579', '2D'),
('m23274579', '3D'),
('m23274579', '4DX'),
('m23274579', 'IMAX'),
('m23588678', '2D'),
('m23588678', '3D'),
('m23588678', '4DX'),
('m23588678', 'IMAX'),
('m23947634', '2D'),
('m23947634', '3D'),
('m23947634', '4DX'),
('m23947634', 'IMAX'),
('m25178503', '2D'),
('m25178503', '3D'),
('m25178503', '4DX'),
('m25178503', 'IMAX'),
('m26722206', '2D'),
('m26722206', '3D'),
('m26722206', '4DX'),
('m26722206', 'IMAX'),
('m26865850', '2D'),
('m26865850', '3D'),
('m26865850', '4DX'),
('m26865850', 'IMAX'),
('m29716524', '2D'),
('m29716524', '3D'),
('m29716524', '4DX'),
('m29716524', 'IMAX'),
('m31281014', '2D'),
('m31281014', '3D'),
('m31281014', '4DX'),
('m31281014', 'IMAX'),
('m31709442', '2D'),
('m31709442', '3D'),
('m31709442', '4DX'),
('m31709442', 'IMAX'),
('m31930108', '2D'),
('m31930108', '3D'),
('m31930108', '4DX'),
('m31930108', 'IMAX'),
('m33633469', '2D'),
('m33633469', '3D'),
('m33633469', '4DX'),
('m33633469', 'IMAX'),
('m34307611', '2D'),
('m34307611', '3D'),
('m34307611', '4DX'),
('m34307611', 'IMAX'),
('m34651114', '2D'),
('m34651114', '3D'),
('m34651114', '4DX'),
('m34651114', 'IMAX'),
('m36098720', '2D'),
('m36098720', '3D'),
('m36098720', '4DX'),
('m36098720', 'IMAX'),
('m37268580', '2D'),
('m37268580', '3D'),
('m37268580', '4DX'),
('m37268580', 'IMAX'),
('m39289033', '2D'),
('m39289033', '3D'),
('m39289033', '4DX'),
('m39289033', 'IMAX'),
('m41003528', '2D'),
('m41003528', '3D'),
('m41003528', '4DX'),
('m41003528', 'IMAX'),
('m41160635', '2D'),
('m41160635', '3D'),
('m41160635', '4DX'),
('m41160635', 'IMAX'),
('m42705030', '2D'),
('m42705030', '3D'),
('m42705030', '4DX'),
('m42705030', 'IMAX'),
('m44725767', '2D'),
('m44725767', '3D'),
('m44725767', '4DX'),
('m44725767', 'IMAX'),
('m45203618', '2D'),
('m45203618', '3D'),
('m45203618', '4DX'),
('m45203618', 'IMAX'),
('m45391689', '2D'),
('m45391689', '3D'),
('m45391689', '4DX'),
('m45391689', 'IMAX'),
('m45836752', '2D'),
('m45836752', '3D'),
('m45836752', '4DX'),
('m45836752', 'IMAX'),
('m46573100', '2D'),
('m46573100', '3D'),
('m46573100', '4DX'),
('m46573100', 'IMAX'),
('m47354433', '2D'),
('m47354433', '3D'),
('m47354433', '4DX'),
('m47354433', 'IMAX'),
('m48116842', '2D'),
('m48116842', '3D'),
('m48116842', '4DX'),
('m48116842', 'IMAX'),
('m50671370', '2D'),
('m50671370', '3D'),
('m50671370', '4DX'),
('m50671370', 'IMAX'),
('m51517121', '2D'),
('m51517121', '3D'),
('m51517121', '4DX'),
('m51517121', 'IMAX'),
('m51574341', '2D'),
('m51574341', '3D'),
('m51574341', '4DX'),
('m51574341', 'IMAX'),
('m53903586', '2D'),
('m53903586', '3D'),
('m53903586', '4DX'),
('m53903586', 'IMAX'),
('m54969635', '2D'),
('m54969635', '3D'),
('m54969635', '4DX'),
('m54969635', 'IMAX'),
('m55300646', '2D'),
('m55300646', '3D'),
('m55300646', '4DX'),
('m55300646', 'IMAX'),
('m55319663', '2D'),
('m55319663', '3D'),
('m55319663', '4DX'),
('m55319663', 'IMAX'),
('m57301478', '2D'),
('m57301478', '3D'),
('m57301478', '4DX'),
('m57301478', 'IMAX'),
('m58371615', '2D'),
('m58371615', '3D'),
('m58371615', '4DX'),
('m58371615', 'IMAX'),
('m58629216', '2D'),
('m58629216', '3D'),
('m58629216', '4DX'),
('m58629216', 'IMAX'),
('m59243291', '2D'),
('m59243291', '3D'),
('m59243291', '4DX'),
('m59243291', 'IMAX'),
('m59455748', '2D'),
('m59455748', '3D'),
('m59455748', '4DX'),
('m59455748', 'IMAX'),
('m59551317', '2D'),
('m59551317', '3D'),
('m59551317', '4DX'),
('m59551317', 'IMAX'),
('m60193694', '2D'),
('m60193694', '3D'),
('m60193694', '4DX'),
('m60193694', 'IMAX'),
('m61271264', '2D'),
('m61271264', '3D'),
('m61271264', '4DX'),
('m61271264', 'IMAX'),
('m61954213', '2D'),
('m61954213', '3D'),
('m61954213', '4DX'),
('m61954213', 'IMAX'),
('m62022016', '2D'),
('m62022016', '3D'),
('m62022016', '4DX'),
('m62022016', 'IMAX'),
('m62056443', '2D'),
('m62056443', '3D'),
('m62056443', '4DX'),
('m62056443', 'IMAX'),
('m63305834', '2D'),
('m63305834', '3D'),
('m63305834', '4DX'),
('m63305834', 'IMAX'),
('m64263012', '2D'),
('m64263012', '3D'),
('m64263012', '4DX'),
('m64263012', 'IMAX'),
('m64267580', '2D'),
('m64267580', '3D'),
('m64267580', '4DX'),
('m64267580', 'IMAX'),
('m65686242', '2D'),
('m65686242', '3D'),
('m65686242', '4DX'),
('m65686242', 'IMAX'),
('m66791420', '2D'),
('m66791420', '3D'),
('m66791420', '4DX'),
('m66791420', 'IMAX'),
('m67771403', '2D'),
('m67771403', '3D'),
('m67771403', '4DX'),
('m67771403', 'IMAX'),
('m69670508', '2D'),
('m69670508', '3D'),
('m69670508', '4DX'),
('m69670508', 'IMAX'),
('m69707972', '2D'),
('m69707972', '3D'),
('m69707972', '4DX'),
('m69707972', 'IMAX'),
('m71568090', '2D'),
('m71568090', '3D'),
('m71568090', '4DX'),
('m71568090', 'IMAX'),
('m72390554', '2D'),
('m72390554', '3D'),
('m72390554', '4DX'),
('m72390554', 'IMAX'),
('m72640766', '2D'),
('m72640766', '3D'),
('m72640766', '4DX'),
('m72640766', 'IMAX'),
('m73006990', '2D'),
('m73006990', '3D'),
('m73006990', '4DX'),
('m73006990', 'IMAX'),
('m78126847', '2D'),
('m78126847', '3D'),
('m78126847', '4DX'),
('m78126847', 'IMAX'),
('m79541185', '2D'),
('m79541185', '3D'),
('m79541185', '4DX'),
('m79541185', 'IMAX'),
('m80106369', '2D'),
('m80106369', '3D'),
('m80106369', '4DX'),
('m80106369', 'IMAX'),
('m80552946', '2D'),
('m80552946', '3D'),
('m80552946', '4DX'),
('m80552946', 'IMAX'),
('m80906605', '2D'),
('m80906605', '3D'),
('m80906605', '4DX'),
('m80906605', 'IMAX'),
('m81482803', '2D'),
('m81482803', '3D'),
('m81482803', '4DX'),
('m81482803', 'IMAX'),
('m83761873', '2D'),
('m83761873', '3D'),
('m83761873', '4DX'),
('m83761873', 'IMAX'),
('m83816154', '2D'),
('m83816154', '3D'),
('m83816154', '4DX'),
('m83816154', 'IMAX'),
('m84499891', '2D'),
('m84499891', '3D'),
('m84499891', '4DX'),
('m84499891', 'IMAX'),
('m88277889', '2D'),
('m88277889', '3D'),
('m88277889', '4DX'),
('m88277889', 'IMAX'),
('m89779930', '2D'),
('m89779930', '3D'),
('m89779930', '4DX'),
('m89779930', 'IMAX'),
('m90427384', '2D'),
('m90427384', '3D'),
('m90427384', '4DX'),
('m90427384', 'IMAX'),
('m91258168', '2D'),
('m91258168', '3D'),
('m91258168', '4DX'),
('m91258168', 'IMAX'),
('m91645119', '2D'),
('m91645119', '3D'),
('m91645119', '4DX'),
('m91645119', 'IMAX'),
('m92047561', '2D'),
('m92047561', '3D'),
('m92047561', '4DX'),
('m92047561', 'IMAX'),
('m92432288', '2D'),
('m92432288', '3D'),
('m92432288', '4DX'),
('m92432288', 'IMAX'),
('m93278499', '2D'),
('m93278499', '3D'),
('m93278499', '4DX'),
('m93278499', 'IMAX'),
('m93457413', '2D'),
('m93457413', '3D'),
('m93457413', '4DX'),
('m93457413', 'IMAX'),
('m93653336', '2D'),
('m93653336', '3D'),
('m93653336', '4DX'),
('m93653336', 'IMAX'),
('m94589713', '2D'),
('m94589713', '3D'),
('m94589713', '4DX'),
('m94589713', 'IMAX');

-- --------------------------------------------------------

--
-- Table structure for table `movie_genres`
--

CREATE TABLE `movie_genres` (
  `Movie_code` varchar(9) NOT NULL,
  `Genres` varchar(50) NOT NULL
) ENGINE=InnoDB DEFAULT CHARSET=utf8mb4;

--
-- Dumping data for table `movie_genres`
--

INSERT INTO `movie_genres` (`Movie_code`, `Genres`) VALUES
('m00036050', 'Crime'),
('m00036050', 'Musical'),
('m01089002', 'Action'),
('m01089002', 'Western'),
('m01811816', 'Crime'),
('m01811816', 'Drama'),
('m02068345', 'Children'),
('m02068345', 'Mystery'),
('m03397093', 'Animated'),
('m03397093', 'Sci-Fi'),
('m03789410', 'Animated'),
('m03789410', 'Children'),
('m04560481', 'Fantasy'),
('m04560481', 'Thriller'),
('m04905601', 'Action'),
('m04905601', 'Thriller'),
('m06140924', 'Romance'),
('m06140924', 'Thriller'),
('m06189028', 'Animation'),
('m06189028', 'Film-Noir'),
('m07894255', 'Animation'),
('m07894255', 'Documentary'),
('m08256994', 'Action'),
('m08256994', 'Comedy'),
('m08269068', 'Children'),
('m08269068', 'Romance'),
('m10030333', 'Documentary'),
('m10030333', 'Western'),
('m12968902', 'Action'),
('m12968902', 'Horror'),
('m13604066', 'Drama'),
('m13604066', 'Film-Noir'),
('m14311756', 'Fantasy'),
('m14311756', 'Thriller'),
('m15387336', 'Fantasy'),
('m15387336', 'Western'),
('m15576089', 'Fantasy'),
('m15576089', 'Romance'),
('m19096654', 'Fantasy'),
('m19096654', 'Romance'),
('m19307593', 'Romance'),
('m19307593', 'Sci-Fi'),
('m19932012', 'Action film'),
('m19932012', 'Fantasy'),
('m21628403', 'Animated'),
('m21628403', 'Comedy'),
('m22167169', 'Sci-Fi'),
('m22167169', 'Thriller'),
('m23274579', 'Animation'),
('m23274579', 'Romance'),
('m23588678', 'Musical'),
('m23588678', 'War'),
('m23947634', 'Historical'),
('m23947634', 'Western'),
('m25178503', 'Animation'),
('m25178503', 'Horror'),
('m26722206', 'Drama'),
('m26722206', 'Fantasy'),
('m26865850', 'Adventure'),
('m26865850', 'Animated'),
('m29716524', 'Crime'),
('m29716524', 'Horror'),
('m31281014', 'Comedy'),
('m31281014', 'Romance'),
('m31709442', 'Fantasy'),
('m31709442', 'Sci-Fi'),
('m31930108', 'Documentary'),
('m31930108', 'Western'),
('m33633469', 'Comedy'),
('m33633469', 'Drama'),
('m34307611', 'Comedy'),
('m34307611', 'Film-Noir'),
('m34651114', 'Animated'),
('m34651114', 'Animation'),
('m36098720', 'Drama'),
('m36098720', 'Fantasy'),
('m37268580', 'Fantasy'),
('m37268580', 'Western'),
('m39289033', 'Fantasy'),
('m39289033', 'Thriller'),
('m41003528', 'Action'),
('m41003528', 'Drama'),
('m41160635', 'Action film'),
('m41160635', 'Adventure'),
('m42705030', 'Historical'),
('m42705030', 'Western'),
('m44725767', 'Mystery'),
('m44725767', 'Romance'),
('m45203618', 'Action film'),
('m45203618', 'Animation'),
('m45391689', 'Crime'),
('m45391689', 'War'),
('m45836752', 'Mystery'),
('m45836752', 'Sci-Fi'),
('m46573100', 'Action film'),
('m46573100', 'Crime'),
('m47354433', 'Comedy'),
('m47354433', 'Horror'),
('m48116842', 'Fantasy'),
('m48116842', 'War'),
('m50671370', 'Action film'),
('m50671370', 'Fantasy'),
('m51517121', 'Children'),
('m51517121', 'Mystery'),
('m51574341', 'Historical'),
('m51574341', 'Horror'),
('m53903586', 'Crime'),
('m53903586', 'Mystery'),
('m54969635', 'Children'),
('m54969635', 'Documentary'),
('m55300646', 'Action film'),
('m55300646', 'Children'),
('m55319663', 'Comedy'),
('m55319663', 'Mystery'),
('m57301478', 'Fantasy'),
('m57301478', 'Thriller'),
('m58371615', 'Action'),
('m58371615', 'Comedy'),
('m58629216', 'Romance'),
('m58629216', 'Sci-Fi'),
('m59243291', 'Action film'),
('m59243291', 'Romance'),
('m59455748', 'Fantasy'),
('m59455748', 'Horror'),
('m59551317', 'Action'),
('m59551317', 'Western'),
('m60193694', 'Thriller'),
('m60193694', 'Western'),
('m61271264', 'Action'),
('m61271264', 'Romance'),
('m61954213', 'Comedy'),
('m61954213', 'Thriller'),
('m62022016', 'Crime'),
('m62022016', 'Fantasy'),
('m62056443', 'Historical'),
('m62056443', 'Thriller'),
('m63305834', 'Science fiction'),
('m63305834', 'War'),
('m64263012', 'Romance'),
('m64263012', 'Science fiction'),
('m64267580', 'Comedy'),
('m64267580', 'Sci-Fi'),
('m65686242', 'Drama'),
('m65686242', 'War'),
('m66791420', 'Animated'),
('m66791420', 'War'),
('m67771403', 'Children'),
('m67771403', 'Comedy'),
('m69670508', 'Action film'),
('m69670508', 'Fantasy'),
('m69707972', 'Documentary'),
('m69707972', 'Film-Noir'),
('m71568090', 'Mystery'),
('m71568090', 'Romance'),
('m72390554', 'Animation'),
('m72390554', 'Fantasy'),
('m72640766', 'Children'),
('m72640766', 'Romance'),
('m73006990', 'Film-Noir'),
('m73006990', 'Horror'),
('m78126847', 'Drama'),
('m78126847', 'Fantasy'),
('m79541185', 'Fantasy'),
('m79541185', 'Film-Noir'),
('m80106369', 'Fantasy'),
('m80106369', 'Thriller'),
('m80552946', 'Horror'),
('m80552946', 'Romance'),
('m80906605', 'Animation'),
('m80906605', 'Historical'),
('m81482803', 'Science fiction'),
('m81482803', 'Western'),
('m83761873', 'Action'),
('m83761873', 'Animation'),
('m83816154', 'Action film'),
('m83816154', 'Animated'),
('m84499891', 'Musical'),
('m84499891', 'Romance'),
('m88277889', 'Film-Noir'),
('m88277889', 'Historical'),
('m89779930', 'Animated'),
('m89779930', 'Documentary'),
('m90427384', 'Sci-Fi'),
('m90427384', 'Western'),
('m91258168', 'Documentary'),
('m91258168', 'Thriller'),
('m91645119', 'Action film'),
('m91645119', 'Western'),
('m92047561', 'Adventure'),
('m92047561', 'Thriller'),
('m92432288', 'Animated'),
('m92432288', 'Romance'),
('m93278499', 'Comedy'),
('m93278499', 'Sci-Fi'),
('m93457413', 'Adventure'),
('m93457413', 'Historical'),
('m93653336', 'Documentary'),
('m93653336', 'Sci-Fi'),
('m94589713', 'Children'),
('m94589713', 'Drama');

-- --------------------------------------------------------

--
-- Table structure for table `movie_language`
--

CREATE TABLE `movie_language` (
  `Movie_code` char(9) NOT NULL,
  `Language` varchar(50) NOT NULL
) ENGINE=InnoDB DEFAULT CHARSET=utf8mb4;

--
-- Dumping data for table `movie_language`
--

INSERT INTO `movie_language` (`Movie_code`, `Language`) VALUES
('m00036050', 'Finnish'),
('m00036050', 'Kurdish'),
('m01089002', 'Hungarian'),
('m01089002', 'Tetum'),
('m01811816', 'Gujarati'),
('m01811816', 'Malagasy'),
('m02068345', 'Georgian'),
('m02068345', 'Yiddish'),
('m03397093', 'Hiri Motu'),
('m03397093', 'Papiamento'),
('m03789410', 'Dari'),
('m03789410', 'Nepali'),
('m04560481', 'Arabic'),
('m04560481', 'Polish'),
('m04905601', 'Armenian'),
('m04905601', 'Kazakh'),
('m06140924', 'Kyrgyz'),
('m06140924', 'Ndebele'),
('m06189028', 'Lao'),
('m06189028', 'Thai'),
('m07894255', 'Montenegrin'),
('m07894255', 'Portuguese'),
('m08256994', 'Arabic'),
('m08256994', 'Tetum'),
('m08269068', 'Burmese'),
('m08269068', 'Latvian'),
('m10030333', 'Somali'),
('m10030333', 'Tsonga'),
('m12968902', 'Burmese'),
('m12968902', 'New Zealand Sign Language'),
('m13604066', 'Azeri'),
('m13604066', 'Burmese'),
('m14311756', 'Hindi'),
('m14311756', 'Luxembourgish'),
('m15387336', 'Dutch'),
('m15387336', 'Northern Sotho'),
('m15576089', 'Lithuanian'),
('m15576089', 'Portuguese'),
('m19096654', 'Haitian Creole'),
('m19096654', 'Ndebele'),
('m19307593', 'Afrikaans'),
('m19307593', 'Estonian'),
('m19932012', 'Hindi'),
('m19932012', 'Sotho'),
('m21628403', 'Hiri Motu'),
('m21628403', 'Romanian'),
('m22167169', 'Dari'),
('m22167169', 'Gujarati'),
('m23274579', 'Bulgarian'),
('m23274579', 'Dhivehi'),
('m23588678', 'Dhivehi'),
('m23588678', 'Tswana'),
('m23947634', 'Latvian'),
('m23947634', 'Tamil'),
('m25178503', 'Catalan'),
('m25178503', 'Guaran'),
('m26722206', 'English'),
('m26722206', 'Hebrew'),
('m26865850', 'Korean'),
('m26865850', 'Pashto'),
('m29716524', 'Azeri'),
('m29716524', 'Guaran'),
('m31281014', 'Haitian Creole'),
('m31281014', 'Tsonga'),
('m31709442', 'Armenian'),
('m31709442', 'Swahili'),
('m31930108', 'Greek'),
('m31930108', 'Hindi'),
('m33633469', 'Kannada'),
('m33633469', 'Swahili'),
('m34307611', 'Croatian'),
('m34307611', 'Yiddish'),
('m34651114', 'Assamese'),
('m34651114', 'German'),
('m36098720', 'Georgian'),
('m36098720', 'Kashmiri'),
('m37268580', 'Bosnian'),
('m37268580', 'Khmer'),
('m39289033', 'Finnish'),
('m39289033', 'Malayalam'),
('m41003528', 'Haitian Creole'),
('m41003528', 'Marathi'),
('m41160635', 'Croatian'),
('m41160635', 'Guaran'),
('m42705030', 'Mori'),
('m42705030', 'Thai'),
('m44725767', 'Amharic'),
('m44725767', 'Assamese'),
('m45203618', 'Romanian'),
('m45203618', 'Tswana'),
('m45391689', 'Czech'),
('m45391689', 'German'),
('m45836752', 'Kashmiri'),
('m45836752', 'Romanian'),
('m46573100', 'Guaran'),
('m46573100', 'Hebrew'),
('m47354433', 'Burmese'),
('m47354433', 'Telugu'),
('m48116842', 'Bosnian'),
('m48116842', 'Hungarian'),
('m50671370', 'Croatian'),
('m50671370', 'Dzongkha'),
('m51517121', 'Albanian'),
('m51517121', 'Greek'),
('m51574341', 'Lao'),
('m51574341', 'Telugu'),
('m53903586', 'Romanian'),
('m53903586', 'Yiddish'),
('m54969635', 'Gujarati'),
('m54969635', 'Mongolian'),
('m55300646', 'Moldovan'),
('m55300646', 'Ndebele'),
('m55319663', 'Croatian'),
('m55319663', 'Danish'),
('m57301478', 'Korean'),
('m57301478', 'Papiamento'),
('m58371615', 'Hungarian'),
('m58371615', 'Moldovan'),
('m58629216', 'Indonesian'),
('m58629216', 'Tajik'),
('m59243291', 'Northern Sotho'),
('m59243291', 'Tamil'),
('m59455748', 'Croatian'),
('m59455748', 'Polish'),
('m59551317', 'Catalan'),
('m59551317', 'Pashto'),
('m60193694', 'Bengali'),
('m60193694', 'Zulu'),
('m61271264', 'Bengali'),
('m61271264', 'Ndebele'),
('m61954213', 'Quechua'),
('m61954213', 'Swahili'),
('m62022016', 'Georgian'),
('m62022016', 'Maltese'),
('m62056443', 'Chinese'),
('m62056443', 'Dzongkha'),
('m63305834', 'Dzongkha'),
('m63305834', 'Mori'),
('m64263012', 'Amharic'),
('m64263012', 'Mori'),
('m64267580', 'Bengali'),
('m64267580', 'Malayalam'),
('m65686242', 'Guaran'),
('m65686242', 'Italian'),
('m66791420', 'Marathi'),
('m66791420', 'Swati'),
('m67771403', 'Georgian'),
('m67771403', 'Oriya'),
('m69670508', 'Indonesian'),
('m69670508', 'Korean'),
('m69707972', 'Mongolian'),
('m69707972', 'Somali'),
('m71568090', 'French'),
('m71568090', 'Sotho'),
('m72390554', 'Bengali'),
('m72390554', 'Hindi'),
('m72640766', 'Dutch'),
('m72640766', 'Kashmiri'),
('m73006990', 'Fijian'),
('m73006990', 'Ndebele'),
('m78126847', 'Bislama'),
('m78126847', 'Kazakh'),
('m79541185', 'Quechua'),
('m79541185', 'Tswana'),
('m80106369', 'German'),
('m80106369', 'Latvian'),
('m80552946', 'Filipino'),
('m80552946', 'Tok Pisin'),
('m80906605', 'Croatian'),
('m80906605', 'Somali'),
('m81482803', 'Estonian'),
('m81482803', 'Quechua'),
('m83761873', 'Burmese'),
('m83761873', 'Estonian'),
('m83816154', 'Portuguese'),
('m83816154', 'Yiddish'),
('m84499891', 'Finnish'),
('m84499891', 'Hebrew'),
('m88277889', 'Haitian Creole'),
('m88277889', 'Sotho'),
('m89779930', 'Japanese'),
('m89779930', 'Moldovan'),
('m90427384', 'Dari'),
('m90427384', 'Filipino'),
('m91258168', 'Croatian'),
('m91258168', 'Kashmiri'),
('m91645119', 'Gujarati'),
('m91645119', 'Thai'),
('m92047561', 'French'),
('m92047561', 'Swedish'),
('m92432288', 'Pashto'),
('m92432288', 'Quechua'),
('m93278499', 'Malay'),
('m93278499', 'Montenegrin'),
('m93457413', 'Telugu'),
('m93457413', 'Tsonga'),
('m93653336', 'Gujarati'),
('m93653336', 'Hindi'),
('m94589713', 'Kurdish'),
('m94589713', 'Portuguese');

-- --------------------------------------------------------

--
-- Table structure for table `movie_show`
--

CREATE TABLE `movie_show` (
  `ShowID` varchar(9) NOT NULL,
  `Date` date DEFAULT NULL,
  `Time` float DEFAULT NULL,
  `AdminID` char(9) NOT NULL
) ENGINE=InnoDB DEFAULT CHARSET=utf8mb4;

--
-- Dumping data for table `movie_show`
--

INSERT INTO `movie_show` (`ShowID`, `Date`, `Time`, `AdminID`) VALUES
('s00039813', '2022-07-31', 22, 'a79320457'),
('s00095235', '2022-07-08', 11, 'a01202673'),
('s00173787', '2022-08-15', 10, 'a95936777'),
('s00235426', '2022-02-01', 4, 'a87164612'),
('s00255352', '2022-07-09', 9, 'a29746909'),
('s00259042', '2022-07-05', 2, 'a84742281'),
('s00319076', '2022-08-10', 23, 'a21381243'),
('s00428844', '2022-04-24', 16, 'a39133162'),
('s00530033', '2022-09-11', 6, 'a45329285'),
('s00535971', '2022-11-01', 18, 'a61939938'),
('s00701771', '2022-03-07', 18, 'a33741997'),
('s00899233', '2022-01-24', 19, 'a95936777'),
('s01026315', '2022-04-22', 12, 'a11437165'),
('s01060376', '2022-01-26', 16, 'a31828989'),
('s01208749', '2022-03-30', 3, 'a99116821'),
('s01217483', '2022-05-06', 14, 'a33349078'),
('s01288296', '2022-10-12', 6, 'a93682547'),
('s01389199', '2022-10-06', 2, 'a05662085'),
('s01582401', '2022-08-31', 14, 'a64161042'),
('s01765136', '2022-01-12', 12, 'a93482932'),
('s01765529', '2022-04-17', 6, 'a25011803'),
('s01944221', '2022-08-03', 13, 'a81960922'),
('s02012125', '2022-10-10', 12, 'a50760190'),
('s02573187', '2021-12-01', 3, 'a39133162'),
('s02728805', '2022-06-08', 4, 'a38510714'),
('s02960766', '2022-09-20', 20, 'a74839612'),
('s02995223', '2022-03-13', 14, 'a47896743'),
('s03135470', '2022-05-21', 18, 'a11437165'),
('s03140477', '2022-04-23', 19, 'a90902858'),
('s03194918', '2022-05-27', 18, 'a68109095'),
('s03266597', '2022-07-05', 14, 'a26490313'),
('s03303911', '2022-08-22', 14, 'a70661002'),
('s03333085', '2022-07-23', 7, 'a93682547'),
('s03424939', '2022-02-03', 5, 'a17034555'),
('s03429296', '2022-03-04', 16, 'a64161042'),
('s03430933', '2022-02-22', 4, 'a86350734'),
('s03436097', '2022-07-15', 9, 'a47896743'),
('s03570843', '2022-10-06', 22, 'a67805987'),
('s03765809', '2022-11-17', 14, 'a00670234'),
('s03783576', '2022-02-19', 22, 'a34687830'),
('s03826966', '2022-05-16', 16, 'a29746909'),
('s03832247', '2022-01-30', 4, 'a58172825'),
('s03892161', '2022-05-23', 22, 'a56381948'),
('s03947907', '2022-05-15', 2, 'a74839612'),
('s03973535', '2022-09-01', 22, 'a50760190'),
('s03991538', '2021-12-06', 10, 'a06387338'),
('s04167168', '2022-05-08', 4, 'a69813015'),
('s04225059', '2022-07-23', 0, 'a62469404'),
('s04558233', '2022-01-17', 10, 'a64161042'),
('s04570993', '2022-05-30', 8, 'a33741997'),
('s04581565', '2022-03-16', 24, 'a01202673'),
('s04706459', '2022-04-18', 2, 'a90902858'),
('s04816180', '2022-03-18', 20, 'a13779459'),
('s04964721', '2022-05-09', 20, 'a17717321'),
('s04984551', '2022-01-01', 4, 'a22182816'),
('s05000790', '2021-12-30', 14, 'a14840864'),
('s05113177', '2021-12-28', 12, 'a26490313'),
('s05395906', '2022-06-26', 2, 'a68960617'),
('s05471767', '2022-11-07', 16, 'a28503811'),
('s05754670', '2022-10-26', 3, 'a34687830'),
('s06003841', '2022-04-02', 8, 'a68109095'),
('s06214137', '2022-09-12', 18, 'a17034555'),
('s06331314', '2022-08-03', 9, 'a54280828'),
('s06370816', '2022-10-29', 3, 'a72143824'),
('s06416174', '2022-10-24', 14, 'a11437165'),
('s06545996', '2022-06-14', 2, 'a00670234'),
('s06757226', '2022-08-10', 8, 'a99116821'),
('s06761963', '2022-09-10', 4, 'a17717321'),
('s06786701', '2022-03-29', 9, 'a73681374'),
('s06969205', '2021-12-04', 14, 'a41560022'),
('s06993988', '2022-06-04', 10, 'a26490313'),
('s07070283', '2022-10-31', 2, 'a90902858'),
('s07137240', '2022-08-29', 1, 'a17717321'),
('s07253751', '2022-04-28', 6, 'a05662085'),
('s07436379', '2022-03-22', 17, 'a21381243'),
('s07451362', '2022-04-01', 12, 'a68960617'),
('s07613179', '2022-05-24', 2, 'a15253500'),
('s07720018', '2022-06-12', 20, 'a62469404'),
('s07817149', '2022-04-09', 0, 'a68634290'),
('s07956230', '2022-06-08', 4, 'a29746909'),
('s08052283', '2022-05-23', 5, 'a83831138'),
('s08377440', '2022-01-04', 14, 'a48281313'),
('s08407389', '2022-01-17', 23, 'a52342736'),
('s08417133', '2022-05-03', 7, 'a17717321'),
('s08463437', '2022-11-18', 24, 'a50120400'),
('s08522148', '2022-06-07', 16, 'a31828989'),
('s08600353', '2021-11-26', 10, 'a22033677'),
('s08659926', '2022-08-23', 6, 'a91116736'),
('s08878048', '2022-11-19', 3, 'a61704119'),
('s08923509', '2022-08-03', 14, 'a37576905'),
('s09020282', '2022-04-28', 5, 'a55952202'),
('s09163717', '2022-03-16', 2, 'a99981022'),
('s09174463', '2021-12-20', 23, 'a25011803'),
('s09279196', '2022-06-23', 23, 'a99116821'),
('s09312140', '2022-03-12', 2, 'a90902858'),
('s09445599', '2022-11-11', 8, 'a15253500'),
('s09500267', '2022-08-12', 5, 'a11693853'),
('s09548603', '2022-11-06', 2, 'a74839612'),
('s09645962', '2022-10-16', 14, 'a76614777'),
('s09990411', '2022-04-12', 4, 'a86350734'),
('s10121353', '2022-10-22', 20, 'a74881793'),
('s10235124', '2022-06-29', 18, 'a63560948'),
('s10582345', '2022-03-03', 15, 'a55983440'),
('s10603686', '2022-06-30', 4, 'a01202673'),
('s10612119', '2022-01-25', 14, 'a59564288'),
('s10669986', '2022-10-22', 16, 'a91116736'),
('s10782645', '2022-09-22', 14, 'a85604932'),
('s10910807', '2022-06-05', 12, 'a46383365'),
('s11045055', '2022-01-27', 16, 'a67805987'),
('s11115023', '2022-02-28', 18, 'a61704119'),
('s11222692', '2022-05-18', 20, 'a10890153'),
('s11232047', '2022-01-06', 22, 'a13219001'),
('s11240590', '2022-01-01', 10, 'a37576905'),
('s11299311', '2022-05-03', 2, 'a06387338'),
('s11311299', '2022-08-17', 9, 'a21381243'),
('s11579973', '2022-01-30', 14, 'a74073505'),
('s11677621', '2022-06-02', 18, 'a56381948'),
('s11784380', '2022-08-29', 3, 'a68960617'),
('s11810237', '2022-04-04', 6, 'a97018170'),
('s11840346', '2022-07-04', 2, 'a17034555'),
('s12002613', '2022-01-08', 20, 'a47896743'),
('s12003862', '2022-02-18', 14, 'a69813015'),
('s12188816', '2021-11-25', 1, 'a50120400'),
('s12192869', '2022-04-11', 12, 'a91116736'),
('s12237827', '2022-09-05', 17, 'a60427522'),
('s12301609', '2021-12-15', 2, 'a31828989'),
('s12594598', '2022-08-06', 16, 'a47896743'),
('s12665328', '2021-12-19', 22, 'a55983440'),
('s13334652', '2022-08-30', 10, 'a34687830'),
('s13437975', '2022-10-22', 16, 'a37576905'),
('s13550009', '2022-05-04', 12, 'a54280828'),
('s13601457', '2022-03-27', 2, 'a73681374'),
('s13709175', '2022-10-12', 16, 'a97018170'),
('s13736581', '2021-12-08', 1, 'a46383365'),
('s13866849', '2022-01-31', 22, 'a84742281'),
('s14065534', '2022-07-04', 7, 'a99116821'),
('s14102094', '2021-12-16', 0, 'a22182816'),
('s14123655', '2022-06-17', 4, 'a61939938'),
('s14293090', '2022-08-30', 0, 'a03387033'),
('s14311285', '2022-11-08', 4, 'a34651018'),
('s14545926', '2022-06-12', 4, 'a86350734'),
('s14561115', '2022-09-21', 8, 'a85604932'),
('s14689199', '2021-12-04', 22, 'a06116032'),
('s14792720', '2021-12-03', 6, 'a47896743'),
('s14827722', '2021-12-11', 24, 'a39133162'),
('s14849593', '2022-09-08', 19, 'a83831138'),
('s15039431', '2022-11-14', 3, 'a59564288'),
('s15187289', '2022-06-25', 20, 'a14840864'),
('s15192691', '2022-11-04', 4, 'a50120400'),
('s15257583', '2022-08-17', 10, 'a11437165'),
('s15281228', '2022-01-30', 23, 'a10890153'),
('s15338259', '2022-09-21', 11, 'a72143824'),
('s15354369', '2022-08-21', 20, 'a93682547'),
('s15467117', '2022-04-18', 10, 'a84742281'),
('s15483651', '2022-08-12', 16, 'a36076357'),
('s15791271', '2022-07-18', 3, 'a61704119'),
('s15804917', '2022-10-24', 12, 'a85604932'),
('s15858762', '2022-03-01', 18, 'a37576905'),
('s15966757', '2022-04-27', 4, 'a15253500'),
('s15994822', '2022-02-02', 22, 'a07829506'),
('s16222678', '2022-08-24', 16, 'a17717321'),
('s16445246', '2022-04-28', 14, 'a86350734'),
('s16580018', '2022-05-08', 0, 'a76502847'),
('s16592106', '2022-01-07', 2, 'a76614777'),
('s16598812', '2022-02-10', 12, 'a29746909'),
('s16609760', '2022-09-08', 12, 'a28879095'),
('s16664765', '2022-01-26', 16, 'a48281313'),
('s16718493', '2022-08-16', 17, 'a45329285'),
('s16867228', '2022-10-26', 24, 'a93682547'),
('s16897384', '2022-02-12', 14, 'a03387033'),
('s16898831', '2022-02-18', 18, 'a58172825'),
('s17085963', '2022-07-16', 6, 'a33349078'),
('s17122611', '2021-11-26', 2, 'a14840864'),
('s17236705', '2021-12-15', 4, 'a68634290'),
('s17249026', '2022-05-09', 16, 'a36076357'),
('s17355321', '2022-04-06', 14, 'a97018170'),
('s17417658', '2022-06-30', 22, 'a45329285'),
('s17632942', '2022-08-06', 22, 'a87164612'),
('s17695037', '2022-02-16', 22, 'a65366296'),
('s17786736', '2022-07-20', 4, 'a37576905'),
('s17805268', '2022-03-06', 15, 'a00670234'),
('s17857792', '2022-10-02', 6, 'a60427522'),
('s17871960', '2022-06-17', 16, 'a70661002'),
('s17908610', '2022-10-05', 2, 'a13407048'),
('s17931356', '2022-04-20', 9, 'a81960922'),
('s18014520', '2022-02-26', 10, 'a62469404'),
('s18045480', '2022-10-29', 22, 'a52342736'),
('s18083940', '2022-10-03', 4, 'a50120400'),
('s18236662', '2022-01-05', 12, 'a22182816'),
('s18345405', '2022-09-05', 4, 'a65366296'),
('s18436287', '2022-09-21', 3, 'a56381948'),
('s18456218', '2022-02-04', 10, 'a37576905'),
('s18513929', '2022-01-25', 16, 'a99116821'),
('s18578943', '2022-03-16', 21, 'a76614777'),
('s18589806', '2022-08-06', 10, 'a74881793'),
('s18676231', '2022-03-09', 8, 'a42694616'),
('s18764119', '2022-11-12', 16, 'a06387338'),
('s18900579', '2022-10-05', 18, 'a99153532'),
('s19095363', '2022-01-13', 18, 'a07829506'),
('s19202491', '2022-08-24', 18, 'a63560948'),
('s19365223', '2022-06-14', 12, 'a97955651'),
('s19389528', '2022-04-03', 22, 'a97018170'),
('s19456916', '2022-03-09', 15, 'a61939938'),
('s19588325', '2022-04-07', 0, 'a55952202'),
('s19589415', '2022-03-01', 0, 'a36076357'),
('s19831384', '2022-01-02', 18, 'a10890153'),
('s19881803', '2022-01-12', 18, 'a00670234'),
('s19911180', '2022-02-11', 5, 'a70661002'),
('s19950144', '2022-04-02', 10, 'a00009760'),
('s20110202', '2021-12-14', 0, 'a69813015'),
('s20119756', '2022-07-28', 7, 'a28503811'),
('s20163838', '2022-03-20', 24, 'a05662085'),
('s20281262', '2022-09-10', 17, 'a52432565'),
('s20318276', '2022-09-14', 4, 'a13407048'),
('s20400616', '2022-06-01', 8, 'a38510714'),
('s20429186', '2021-11-20', 19, 'a13779459'),
('s20441776', '2022-02-04', 12, 'a68109095'),
('s20718566', '2022-05-01', 10, 'a99153532'),
('s20892822', '2021-12-03', 20, 'a14453310'),
('s20907964', '2021-11-27', 18, 'a93682547'),
('s20993249', '2022-04-16', 21, 'a13219001'),
('s21060467', '2021-12-19', 8, 'a47896743'),
('s21142973', '2022-05-29', 6, 'a13407048'),
('s21185837', '2022-10-22', 3, 'a42694616'),
('s21376154', '2022-04-23', 14, 'a83149457'),
('s21569409', '2022-03-14', 10, 'a68960617'),
('s21608559', '2021-12-22', 8, 'a67805987'),
('s21657849', '2021-12-26', 14, 'a28503811'),
('s21742923', '2022-10-09', 5, 'a59564288'),
('s21843968', '2022-03-19', 2, 'a34687830'),
('s21987741', '2022-08-28', 2, 'a45329285'),
('s22028031', '2022-10-29', 8, 'a55983440'),
('s22253107', '2021-11-22', 4, 'a06116032'),
('s22358659', '2022-01-31', 3, 'a76614777'),
('s22433705', '2022-04-18', 8, 'a65366296'),
('s22460469', '2021-11-28', 9, 'a85604932'),
('s22489650', '2022-06-13', 2, 'a63560948'),
('s22492858', '2022-02-11', 20, 'a41560022'),
('s22598065', '2022-06-16', 8, 'a62469404'),
('s22695774', '2022-01-28', 21, 'a75951884'),
('s22728921', '2022-07-10', 14, 'a87164612'),
('s22868894', '2022-05-15', 5, 'a83831138'),
('s23070138', '2021-12-09', 18, 'a68109095'),
('s23106197', '2022-08-15', 10, 'a51764607'),
('s23157226', '2022-06-23', 16, 'a55952202'),
('s23599190', '2022-02-04', 24, 'a63560948'),
('s23712893', '2022-10-06', 3, 'a21381243'),
('s23745963', '2022-06-12', 0, 'a37576905'),
('s23751509', '2022-07-01', 0, 'a55983440'),
('s23875202', '2022-01-13', 12, 'a00009760'),
('s24042492', '2022-01-02', 4, 'a68634290'),
('s24073462', '2022-10-30', 22, 'a06606826'),
('s24222495', '2022-08-09', 20, 'a86350734'),
('s24264407', '2022-03-06', 12, 'a90902858'),
('s24291037', '2022-06-20', 12, 'a52432565'),
('s24296520', '2022-03-14', 18, 'a97955651'),
('s24665844', '2022-04-22', 16, 'a00009760'),
('s24689149', '2022-09-09', 22, 'a38510714'),
('s24835719', '2022-09-19', 2, 'a91116736'),
('s24865723', '2022-02-03', 16, 'a60427522'),
('s25076632', '2022-03-26', 19, 'a54280828'),
('s25084095', '2022-06-21', 9, 'a45329285'),
('s25179604', '2022-09-15', 11, 'a84742281'),
('s25287617', '2022-04-08', 6, 'a45329285'),
('s25338910', '2022-09-22', 19, 'a20697782'),
('s25346355', '2022-02-20', 22, 'a85604932'),
('s25351198', '2022-05-18', 14, 'a13219001'),
('s25497243', '2022-10-20', 2, 'a39133162'),
('s25611917', '2022-07-06', 17, 'a58172825'),
('s25643579', '2022-09-22', 12, 'a65366296'),
('s25679212', '2022-07-27', 7, 'a73681374'),
('s25693305', '2022-07-11', 19, 'a73144081'),
('s25785337', '2022-11-14', 2, 'a62469404'),
('s26303140', '2022-01-19', 22, 'a54280828'),
('s26494804', '2022-06-15', 1, 'a48281313'),
('s26530992', '2022-06-29', 0, 'a99153532'),
('s26556852', '2022-09-13', 14, 'a03387033'),
('s26653664', '2022-04-28', 8, 'a48281313'),
('s26867180', '2022-04-29', 22, 'a95936777'),
('s26891791', '2022-09-09', 18, 'a11149578'),
('s27016196', '2022-01-10', 22, 'a28879095'),
('s27022606', '2022-09-12', 14, 'a73144081'),
('s27028358', '2022-10-02', 1, 'a73144081'),
('s27100162', '2021-11-23', 6, 'a33741997'),
('s27100770', '2022-05-18', 12, 'a60427522'),
('s27172715', '2022-01-16', 5, 'a41560022'),
('s27207892', '2022-05-17', 13, 'a11693853'),
('s27264556', '2022-07-12', 10, 'a22033677'),
('s27302016', '2021-12-26', 18, 'a73681374'),
('s27376396', '2022-03-05', 10, 'a51764607'),
('s27461969', '2022-08-23', 15, 'a68634290'),
('s27551178', '2022-07-13', 6, 'a14840864'),
('s27790344', '2022-01-21', 22, 'a68109095'),
('s27951360', '2022-01-22', 3, 'a10890153'),
('s28056282', '2022-10-26', 4, 'a68960617'),
('s28088136', '2022-03-08', 5, 'a72143824'),
('s28166463', '2022-08-18', 18, 'a55983440'),
('s28293833', '2022-02-28', 8, 'a17034555'),
('s28925296', '2021-11-25', 10, 'a50120400'),
('s28931200', '2022-06-04', 14, 'a99981022'),
('s28955597', '2022-09-17', 8, 'a63560948'),
('s29039384', '2022-11-07', 6, 'a99981022'),
('s29269539', '2022-07-05', 22, 'a67805987'),
('s29464231', '2022-04-23', 20, 'a75951884'),
('s29504073', '2022-10-01', 0, 'a93482932'),
('s29527707', '2022-02-05', 8, 'a76614777'),
('s29590089', '2022-09-14', 16, 'a68109095'),
('s29680203', '2022-06-27', 14, 'a20697782'),
('s29755940', '2022-02-27', 10, 'a15253500'),
('s29763774', '2022-06-30', 14, 'a07829506'),
('s29977283', '2022-04-05', 18, 'a13407048'),
('s30003052', '2022-04-27', 9, 'a72143824'),
('s30009546', '2022-07-14', 18, 'a06387338'),
('s30025755', '2022-10-01', 2, 'a13779459'),
('s30112111', '2022-03-22', 16, 'a46383365'),
('s30121521', '2021-11-20', 10, 'a50120400'),
('s30144355', '2022-05-21', 23, 'a11149578'),
('s30266029', '2022-10-02', 7, 'a31828989'),
('s30290994', '2021-12-27', 8, 'a15253500'),
('s30490948', '2022-10-02', 0, 'a11149578'),
('s30611487', '2022-09-11', 15, 'a06606826'),
('s30740866', '2022-02-01', 2, 'a50760190'),
('s30980511', '2021-12-27', 21, 'a69813015'),
('s31069050', '2022-03-06', 20, 'a93482932'),
('s31122964', '2022-07-08', 22, 'a68109095'),
('s31375274', '2022-06-12', 20, 'a34687830'),
('s31947051', '2021-12-26', 8, 'a76502847'),
('s32037060', '2021-12-02', 20, 'a03387033'),
('s32169123', '2022-01-26', 1, 'a59564288'),
('s32202169', '2022-11-03', 18, 'a95936777'),
('s32303383', '2021-12-21', 24, 'a46383365'),
('s32317985', '2022-10-24', 6, 'a47896743'),
('s32404816', '2021-12-29', 4, 'a79320457'),
('s32418115', '2022-07-07', 18, 'a11693853'),
('s32484178', '2022-06-18', 10, 'a31828989'),
('s32688445', '2022-11-04', 0, 'a68634290'),
('s32733257', '2021-12-04', 22, 'a52342736'),
('s32850453', '2022-05-05', 16, 'a81960922'),
('s32909423', '2022-02-28', 17, 'a76614777'),
('s32983169', '2022-02-26', 16, 'a67805987'),
('s33083507', '2022-09-05', 4, 'a15253500'),
('s33241575', '2022-11-01', 2, 'a22033677'),
('s33255298', '2021-11-25', 22, 'a37576905'),
('s33351826', '2022-03-30', 24, 'a55952202'),
('s33395462', '2022-02-27', 21, 'a70661002'),
('s33477834', '2022-06-16', 14, 'a55952202'),
('s33484100', '2022-05-24', 4, 'a75951884'),
('s33578012', '2022-07-25', 2, 'a22033677'),
('s33619629', '2022-11-16', 12, 'a26490313'),
('s33700259', '2022-09-25', 2, 'a11437165'),
('s33738196', '2022-07-04', 18, 'a33741997'),
('s34105289', '2022-03-16', 23, 'a68109095'),
('s34167583', '2022-07-24', 12, 'a11149578'),
('s34199255', '2022-03-09', 22, 'a48281313'),
('s34214193', '2022-03-26', 22, 'a62469404'),
('s34305459', '2022-02-02', 6, 'a10890153'),
('s34407494', '2022-10-04', 8, 'a39133162'),
('s34430820', '2022-01-12', 2, 'a00009760'),
('s34474271', '2022-01-04', 20, 'a58172825'),
('s34711985', '2022-09-15', 0, 'a50120400'),
('s34737230', '2022-08-12', 8, 'a74073505'),
('s34835850', '2022-10-27', 22, 'a11149578'),
('s34882113', '2022-07-31', 16, 'a33349078'),
('s34902707', '2022-01-26', 16, 'a36076357'),
('s34925757', '2022-01-05', 15, 'a61939938'),
('s34999091', '2022-10-29', 16, 'a13407048'),
('s35036769', '2022-08-07', 12, 'a17034555'),
('s35049901', '2021-11-30', 13, 'a00670234'),
('s35052059', '2022-03-13', 14, 'a73681374'),
('s35148106', '2022-05-04', 16, 'a99153532'),
('s35170294', '2022-09-14', 22, 'a67805987'),
('s35186803', '2022-02-09', 0, 'a42694616'),
('s35212140', '2022-01-03', 4, 'a91829177'),
('s35323696', '2022-04-06', 0, 'a28879095'),
('s35387578', '2022-06-04', 1, 'a03387033'),
('s35665319', '2022-11-08', 6, 'a91829177'),
('s35743948', '2022-05-08', 4, 'a00009760'),
('s35877279', '2022-09-27', 20, 'a22182816'),
('s35922112', '2022-06-28', 20, 'a06606826'),
('s36177560', '2021-12-25', 18, 'a74881793'),
('s36319574', '2022-08-22', 16, 'a99153532'),
('s36635283', '2022-10-29', 15, 'a55983440'),
('s36643822', '2022-11-19', 8, 'a48281313'),
('s36728633', '2022-01-16', 19, 'a46383365'),
('s36741208', '2021-12-06', 16, 'a85604932'),
('s36890634', '2022-04-18', 22, 'a58172825'),
('s36936318', '2022-05-21', 18, 'a56381948'),
('s37011843', '2022-04-05', 6, 'a83831138'),
('s37123470', '2022-09-12', 10, 'a26490313'),
('s37148656', '2021-11-27', 22, 'a00670234'),
('s37370359', '2022-01-21', 24, 'a41560022'),
('s37619402', '2021-12-23', 2, 'a28879095'),
('s37699679', '2022-08-12', 18, 'a91116736'),
('s37827195', '2022-08-09', 4, 'a20697782'),
('s38039432', '2021-11-28', 15, 'a63560948'),
('s38106786', '2022-05-14', 8, 'a52342736'),
('s38257648', '2022-04-25', 16, 'a13219001'),
('s38273419', '2022-04-28', 22, 'a70661002'),
('s38311194', '2022-10-25', 5, 'a97018170'),
('s38484961', '2022-06-05', 9, 'a73681374'),
('s38493798', '2021-12-22', 5, 'a86350734'),
('s38517484', '2022-09-20', 11, 'a95936777'),
('s38927334', '2022-06-04', 20, 'a13407048'),
('s38962091', '2022-10-27', 12, 'a42694616'),
('s38968347', '2021-12-12', 17, 'a55952202'),
('s39009789', '2022-05-29', 2, 'a61939938'),
('s39044910', '2022-03-02', 9, 'a81960922'),
('s39233101', '2022-02-04', 6, 'a68960617'),
('s39450236', '2022-09-25', 5, 'a59564288'),
('s39608964', '2022-07-28', 22, 'a74839612'),
('s39609928', '2022-04-15', 11, 'a06387338'),
('s39706711', '2022-07-21', 6, 'a38510714'),
('s39735031', '2021-12-17', 2, 'a07407475'),
('s39895730', '2022-03-16', 8, 'a51764607'),
('s40234365', '2022-01-28', 21, 'a83149457'),
('s40290084', '2022-09-09', 17, 'a06606826'),
('s40444689', '2022-06-10', 24, 'a73144081'),
('s40744569', '2022-10-27', 20, 'a58172825'),
('s40751457', '2022-07-23', 4, 'a28503811'),
('s40813623', '2022-02-05', 5, 'a28503811'),
('s40923535', '2022-06-11', 20, 'a07407475'),
('s40991246', '2022-01-28', 19, 'a63560948'),
('s41002772', '2021-12-02', 23, 'a99153532'),
('s41236710', '2022-09-15', 0, 'a11437165'),
('s41605891', '2022-10-13', 21, 'a54280828'),
('s41610715', '2021-12-05', 3, 'a99981022'),
('s41662881', '2022-08-29', 20, 'a68634290'),
('s41764121', '2021-12-28', 12, 'a83831138'),
('s42032747', '2022-04-28', 11, 'a11437165'),
('s42083273', '2022-07-24', 22, 'a52432565'),
('s42269045', '2022-02-06', 5, 'a20697782'),
('s42317943', '2022-07-23', 2, 'a76614777'),
('s42511230', '2022-04-29', 10, 'a17034555'),
('s42590887', '2022-07-22', 23, 'a07407475'),
('s42615170', '2022-01-10', 20, 'a33741997'),
('s42881652', '2022-07-05', 4, 'a34651018'),
('s42896333', '2022-04-01', 8, 'a20697782'),
('s43031528', '2022-04-21', 16, 'a55952202'),
('s43251212', '2022-11-09', 7, 'a20697782'),
('s43286704', '2022-07-01', 14, 'a28503811'),
('s43381577', '2022-03-07', 10, 'a52342736'),
('s43420361', '2022-11-08', 10, 'a76502847'),
('s43578430', '2021-12-20', 16, 'a97018170'),
('s43587296', '2022-04-16', 17, 'a91116736'),
('s43650003', '2022-08-17', 9, 'a14453310'),
('s43840842', '2022-08-20', 8, 'a46383365'),
('s43866236', '2022-09-18', 8, 'a55983440'),
('s43971286', '2021-12-10', 8, 'a95936777'),
('s44184090', '2022-03-31', 10, 'a22033677'),
('s44305472', '2022-02-18', 18, 'a72143824'),
('s44318149', '2021-12-26', 18, 'a73144081'),
('s44521344', '2022-03-07', 22, 'a14840864'),
('s44625512', '2022-01-12', 20, 'a11437165'),
('s44627477', '2022-04-12', 3, 'a83149457'),
('s44721712', '2022-05-27', 4, 'a84742281'),
('s44773607', '2022-04-29', 20, 'a81960922'),
('s45070574', '2021-11-27', 0, 'a76502847'),
('s45087208', '2022-03-23', 10, 'a69813015'),
('s45257822', '2022-09-10', 18, 'a13779459'),
('s45420400', '2022-04-13', 10, 'a74839612'),
('s45432442', '2022-05-16', 4, 'a65366296'),
('s45471052', '2022-06-28', 18, 'a07407475'),
('s45490303', '2022-04-24', 20, 'a91116736'),
('s45585613', '2022-05-20', 12, 'a83149457'),
('s45665459', '2022-04-27', 14, 'a87164612'),
('s45797652', '2022-02-06', 16, 'a07407475'),
('s45808660', '2022-08-13', 10, 'a51764607'),
('s45847946', '2022-06-11', 11, 'a79320457'),
('s45854691', '2022-09-04', 23, 'a41560022'),
('s45890740', '2022-08-01', 0, 'a83831138'),
('s45966168', '2022-02-08', 22, 'a07407475'),
('s46111285', '2022-01-27', 4, 'a34687830'),
('s46215578', '2022-08-23', 14, 'a14840864'),
('s46269551', '2022-04-26', 2, 'a93682547'),
('s46286230', '2022-01-19', 14, 'a36076357'),
('s46522311', '2022-03-13', 20, 'a00670234'),
('s46546247', '2021-12-23', 18, 'a91116736'),
('s46600866', '2022-10-14', 7, 'a68960617'),
('s46656483', '2022-08-04', 22, 'a73144081'),
('s46702105', '2022-07-15', 14, 'a74073505'),
('s46753460', '2021-11-23', 4, 'a95936777'),
('s46820560', '2022-05-11', 21, 'a11693853'),
('s46827885', '2022-08-13', 6, 'a17034555'),
('s46913583', '2022-10-12', 2, 'a51764607'),
('s46918452', '2022-07-10', 21, 'a31828989'),
('s47540749', '2022-04-11', 17, 'a33349078'),
('s47557482', '2022-08-12', 21, 'a31828989'),
('s47679145', '2022-11-14', 6, 'a28879095'),
('s47746477', '2022-09-17', 20, 'a59564288'),
('s47817398', '2022-05-27', 12, 'a29746909'),
('s48041117', '2022-04-19', 1, 'a07829506'),
('s48112877', '2022-05-31', 22, 'a91829177'),
('s48139565', '2022-07-12', 21, 'a70661002'),
('s48240657', '2022-01-04', 13, 'a21381243'),
('s48417011', '2022-05-13', 20, 'a93682547'),
('s48493966', '2022-01-05', 11, 'a13219001'),
('s48642729', '2022-02-17', 4, 'a61939938'),
('s48673665', '2022-10-08', 6, 'a75951884'),
('s48736837', '2022-08-01', 8, 'a54280828'),
('s48771785', '2022-03-03', 19, 'a38510714'),
('s48783589', '2022-02-12', 13, 'a99116821'),
('s48811939', '2022-07-19', 4, 'a29746909'),
('s48962998', '2021-12-10', 20, 'a20697782'),
('s49062131', '2022-04-17', 10, 'a10890153'),
('s49103187', '2022-04-09', 2, 'a20697782'),
('s49251891', '2022-10-27', 24, 'a83831138'),
('s49340614', '2022-09-26', 9, 'a63560948'),
('s49628962', '2022-02-28', 0, 'a28879095'),
('s49657369', '2022-02-22', 7, 'a11693853'),
('s49809590', '2022-09-06', 5, 'a99981022'),
('s49815300', '2022-06-12', 8, 'a28879095'),
('s50249055', '2022-06-05', 14, 'a76614777'),
('s50309132', '2022-10-29', 10, 'a34651018'),
('s50415921', '2022-09-29', 13, 'a07829506'),
('s50602756', '2021-12-21', 0, 'a86350734'),
('s50683902', '2022-04-27', 4, 'a25011803'),
('s50848197', '2022-03-12', 16, 'a79320457'),
('s50924681', '2022-07-12', 23, 'a85604932'),
('s51095713', '2022-02-23', 8, 'a33349078'),
('s51307202', '2022-03-12', 12, 'a36076357'),
('s51349383', '2022-04-27', 16, 'a59564288'),
('s51350193', '2021-12-27', 0, 'a33741997'),
('s51392013', '2022-11-08', 4, 'a11693853'),
('s51462171', '2021-12-02', 6, 'a32008907'),
('s51755736', '2022-08-08', 8, 'a85604932'),
('s51793175', '2022-05-29', 8, 'a22033677'),
('s51889979', '2022-09-03', 21, 'a22182816'),
('s52076935', '2022-05-25', 18, 'a51764607'),
('s52133032', '2022-04-04', 4, 'a61704119'),
('s52146256', '2022-04-03', 23, 'a25338757'),
('s52170910', '2022-02-07', 6, 'a61939938'),
('s52177439', '2022-03-01', 10, 'a32008907'),
('s52268740', '2022-02-27', 9, 'a54280828'),
('s52524856', '2021-11-22', 20, 'a84742281'),
('s52579351', '2022-11-14', 12, 'a99116821'),
('s52725534', '2022-07-14', 1, 'a03387033'),
('s52728300', '2022-11-10', 20, 'a52432565'),
('s52750891', '2022-05-08', 10, 'a65366296'),
('s52908405', '2022-10-22', 1, 'a50760190'),
('s53248345', '2022-04-23', 24, 'a06606826'),
('s53250005', '2022-05-13', 22, 'a48281313'),
('s53302186', '2022-01-25', 7, 'a29746909'),
('s53382768', '2022-11-15', 18, 'a83149457'),
('s53463937', '2022-08-20', 10, 'a14453310'),
('s53523534', '2022-03-16', 18, 'a34651018'),
('s53526369', '2022-07-02', 8, 'a54280828'),
('s53549317', '2022-03-04', 3, 'a52432565'),
('s53587967', '2022-07-27', 14, 'a97955651'),
('s53634551', '2021-12-15', 16, 'a99116821'),
('s53644207', '2022-04-02', 6, 'a73681374'),
('s53662894', '2022-03-03', 3, 'a03387033'),
('s53737067', '2022-10-15', 4, 'a95936777'),
('s53781956', '2022-04-07', 20, 'a34651018'),
('s53787622', '2022-06-06', 23, 'a74881793'),
('s54160239', '2022-05-05', 18, 'a33349078'),
('s54251782', '2022-09-26', 0, 'a93482932'),
('s54300455', '2022-09-16', 4, 'a33349078'),
('s54579114', '2022-10-14', 3, 'a28503811'),
('s54863689', '2022-07-06', 18, 'a38510714'),
('s55349295', '2022-06-27', 16, 'a42694616'),
('s55371590', '2022-05-30', 12, 'a07407475'),
('s55400188', '2022-07-26', 20, 'a17717321'),
('s55408773', '2022-01-23', 0, 'a05662085'),
('s55415377', '2022-07-09', 12, 'a99153532'),
('s55440136', '2021-12-06', 16, 'a25011803'),
('s55644990', '2022-10-27', 17, 'a01202673'),
('s55702794', '2022-07-06', 22, 'a06116032'),
('s55715802', '2022-08-29', 10, 'a73144081'),
('s55812881', '2022-09-07', 10, 'a46383365'),
('s55833305', '2022-09-10', 4, 'a76502847'),
('s55883038', '2022-02-27', 15, 'a65366296'),
('s56031508', '2022-10-11', 5, 'a11437165'),
('s56080832', '2022-04-10', 17, 'a15253500'),
('s56125257', '2021-12-29', 22, 'a34651018'),
('s56221999', '2022-09-08', 20, 'a32008907'),
('s56366426', '2022-06-05', 1, 'a93482932'),
('s56407358', '2022-03-16', 22, 'a25338757'),
('s56606411', '2022-09-18', 22, 'a91829177'),
('s56758181', '2021-12-08', 24, 'a68634290'),
('s56845690', '2022-01-24', 11, 'a32008907'),
('s56866090', '2022-05-27', 3, 'a68634290'),
('s56906236', '2022-01-31', 20, 'a22033677'),
('s57075210', '2022-01-02', 9, 'a50120400'),
('s57122814', '2022-08-29', 2, 'a99153532'),
('s57201020', '2022-01-01', 22, 'a68109095'),
('s57231730', '2022-01-20', 7, 'a74881793'),
('s57454612', '2022-06-29', 17, 'a36076357'),
('s57541139', '2022-04-07', 22, 'a93482932'),
('s57662163', '2022-03-13', 6, 'a31828989'),
('s57775495', '2021-12-23', 2, 'a33349078'),
('s57811190', '2022-10-13', 13, 'a25011803'),
('s58104003', '2021-12-03', 10, 'a62469404'),
('s58123450', '2021-11-20', 4, 'a52432565'),
('s58345947', '2022-09-28', 12, 'a61939938'),
('s58377875', '2022-09-05', 16, 'a93482932'),
('s58442827', '2022-08-27', 6, 'a56381948'),
('s58671605', '2022-07-16', 2, 'a59564288'),
('s58782842', '2022-09-24', 12, 'a58172825'),
('s58921141', '2021-11-22', 0, 'a07407475'),
('s58941398', '2022-11-14', 21, 'a25338757'),
('s59086589', '2022-01-28', 12, 'a60427522'),
('s59114842', '2022-08-14', 2, 'a00009760'),
('s59146304', '2022-10-08', 1, 'a48281313'),
('s59219749', '2022-11-04', 22, 'a06116032'),
('s59235776', '2022-06-24', 10, 'a97955651'),
('s59241093', '2022-05-15', 2, 'a03387033'),
('s59290735', '2022-08-08', 15, 'a25011803'),
('s59330723', '2022-04-30', 16, 'a36076357'),
('s59356447', '2022-04-13', 23, 'a87164612'),
('s59513367', '2022-07-30', 17, 'a74073505'),
('s59546996', '2022-10-31', 17, 'a22033677'),
('s59773131', '2022-07-04', 2, 'a63560948'),
('s59812866', '2022-11-16', 16, 'a76502847'),
('s59835432', '2022-06-20', 4, 'a93682547'),
('s60015056', '2022-01-07', 20, 'a90902858'),
('s60040244', '2021-11-28', 24, 'a61704119'),
('s60208090', '2022-01-05', 14, 'a10890153'),
('s60234775', '2022-10-11', 18, 'a99153532'),
('s60687830', '2022-10-29', 8, 'a87164612'),
('s60722127', '2022-09-26', 6, 'a56381948'),
('s60781376', '2022-03-07', 20, 'a62469404'),
('s60829546', '2022-02-12', 4, 'a26490313'),
('s61041787', '2022-03-17', 16, 'a03387033'),
('s61049129', '2022-11-03', 7, 'a69813015'),
('s61142109', '2022-10-10', 14, 'a14840864'),
('s61249090', '2022-04-22', 4, 'a85604932'),
('s61323888', '2022-10-30', 17, 'a11693853'),
('s61377030', '2022-01-27', 22, 'a06116032'),
('s61387962', '2022-07-27', 6, 'a52342736'),
('s61400755', '2022-05-30', 4, 'a61939938'),
('s61612657', '2022-06-18', 11, 'a60427522'),
('s61632087', '2022-05-09', 10, 'a87164612'),
('s61735123', '2022-08-05', 12, 'a00670234'),
('s61759890', '2022-03-26', 15, 'a91829177'),
('s61808402', '2021-12-02', 5, 'a97955651'),
('s62026856', '2022-07-08', 20, 'a26490313'),
('s62174551', '2022-05-25', 4, 'a74881793'),
('s62664853', '2022-05-24', 18, 'a99116821'),
('s62741241', '2022-08-13', 2, 'a87164612'),
('s62800301', '2021-12-02', 6, 'a46383365'),
('s62980687', '2022-06-09', 12, 'a55952202'),
('s63167474', '2022-05-30', 16, 'a73681374'),
('s63226703', '2022-04-16', 6, 'a13219001'),
('s63289504', '2022-02-24', 7, 'a17034555'),
('s63395921', '2022-04-27', 22, 'a87164612'),
('s63416176', '2022-11-13', 5, 'a13779459'),
('s63418851', '2022-09-01', 2, 'a83149457'),
('s63490951', '2022-01-20', 20, 'a76502847'),
('s63569646', '2022-03-22', 21, 'a10890153'),
('s63581016', '2022-02-26', 2, 'a17034555'),
('s63667190', '2022-07-16', 16, 'a50760190'),
('s63705125', '2021-12-14', 18, 'a79320457'),
('s63853883', '2022-08-19', 22, 'a06606826'),
('s64214651', '2022-06-08', 16, 'a34651018'),
('s64293064', '2021-12-14', 6, 'a61704119'),
('s64311267', '2022-11-03', 20, 'a64161042'),
('s64354771', '2022-01-19', 2, 'a34651018'),
('s64404166', '2022-09-25', 10, 'a21381243'),
('s64414419', '2022-03-08', 0, 'a34651018'),
('s64543260', '2021-12-22', 3, 'a36076357'),
('s64573382', '2022-01-02', 18, 'a60427522'),
('s64590096', '2022-05-17', 12, 'a01202673'),
('s64729745', '2022-01-26', 20, 'a21381243'),
('s64742082', '2022-11-12', 21, 'a93482932'),
('s64777760', '2022-04-22', 4, 'a61704119'),
('s64891075', '2022-06-21', 4, 'a99981022'),
('s65313910', '2022-06-18', 16, 'a81960922'),
('s65329847', '2022-11-07', 3, 'a86350734'),
('s65362427', '2022-04-02', 16, 'a26490313'),
('s65589396', '2022-09-12', 10, 'a20697782'),
('s65599022', '2022-07-22', 3, 'a01202673'),
('s65710055', '2022-06-13', 20, 'a37576905'),
('s65733101', '2022-07-13', 22, 'a36076357'),
('s65743530', '2022-05-08', 17, 'a00670234'),
('s65948978', '2022-01-13', 4, 'a05662085'),
('s66077240', '2022-11-17', 23, 'a75951884'),
('s66331863', '2021-12-19', 16, 'a32008907'),
('s66409211', '2022-07-18', 8, 'a55952202'),
('s66531984', '2022-06-11', 20, 'a06606826'),
('s66573053', '2022-06-05', 0, 'a48281313'),
('s66633892', '2022-07-12', 4, 'a37576905'),
('s66678338', '2022-02-21', 16, 'a25338757'),
('s66685667', '2022-01-29', 8, 'a50760190'),
('s66767170', '2022-04-30', 0, 'a91116736'),
('s66774768', '2022-08-07', 13, 'a33349078'),
('s66800125', '2022-03-30', 3, 'a25338757'),
('s66953157', '2021-12-15', 10, 'a50760190'),
('s67146401', '2022-03-04', 15, 'a76502847'),
('s67178041', '2022-01-28', 8, 'a25011803'),
('s67281231', '2022-10-20', 22, 'a91829177'),
('s67325932', '2021-12-14', 6, 'a47896743'),
('s67523867', '2021-12-27', 6, 'a06606826'),
('s67712547', '2022-09-26', 12, 'a68960617'),
('s67813667', '2022-02-05', 16, 'a13219001'),
('s67857679', '2022-11-11', 1, 'a81960922'),
('s67905681', '2021-11-28', 20, 'a05662085'),
('s68012347', '2022-09-17', 6, 'a14453310'),
('s68179919', '2022-02-28', 24, 'a42694616'),
('s68438417', '2022-05-13', 17, 'a11149578'),
('s68574874', '2022-08-10', 7, 'a07829506'),
('s68743207', '2022-07-18', 6, 'a81960922'),
('s68836934', '2022-05-30', 15, 'a14453310'),
('s68851209', '2022-08-10', 2, 'a42694616'),
('s68875226', '2022-02-26', 20, 'a64161042'),
('s68966392', '2022-09-02', 16, 'a84742281'),
('s69111606', '2022-08-25', 2, 'a73681374'),
('s69403260', '2022-10-13', 18, 'a06606826'),
('s69633826', '2022-08-09', 22, 'a07829506'),
('s70030828', '2022-03-11', 10, 'a56381948'),
('s70111520', '2022-05-31', 6, 'a74073505'),
('s70131963', '2022-05-15', 18, 'a25338757'),
('s70234651', '2022-06-10', 8, 'a25011803'),
('s70238604', '2022-05-04', 20, 'a99153532'),
('s70385652', '2022-06-09', 12, 'a69813015'),
('s70437427', '2022-08-19', 18, 'a62469404'),
('s70595063', '2022-02-01', 18, 'a65366296'),
('s70610459', '2022-10-01', 12, 'a97955651'),
('s70680219', '2022-11-12', 2, 'a76614777'),
('s70683838', '2022-01-14', 10, 'a68109095'),
('s70702443', '2022-04-09', 18, 'a38510714'),
('s70822278', '2022-07-08', 12, 'a26490313'),
('s70886319', '2022-10-12', 8, 'a32008907'),
('s71188174', '2022-02-26', 18, 'a90902858'),
('s71190038', '2022-07-24', 6, 'a97955651'),
('s71247164', '2022-04-21', 1, 'a52342736'),
('s71364093', '2021-11-29', 17, 'a34651018'),
('s71377140', '2022-08-30', 10, 'a72143824'),
('s71411957', '2022-06-24', 10, 'a11693853'),
('s71542615', '2022-03-28', 6, 'a14453310'),
('s71567441', '2021-12-25', 21, 'a17034555'),
('s71590372', '2022-09-08', 12, 'a74881793'),
('s71733844', '2022-08-05', 16, 'a84742281'),
('s71940903', '2022-05-03', 22, 'a52432565'),
('s71951377', '2022-10-17', 22, 'a56381948'),
('s71985007', '2022-04-21', 22, 'a13779459'),
('s72025837', '2022-10-13', 15, 'a15253500'),
('s72098129', '2022-04-16', 19, 'a28879095'),
('s72253152', '2022-04-25', 21, 'a06116032'),
('s72350210', '2022-06-27', 10, 'a41560022'),
('s72378721', '2022-03-13', 6, 'a95936777'),
('s72446768', '2022-01-29', 13, 'a79320457'),
('s72670248', '2022-09-03', 16, 'a33741997'),
('s72808988', '2022-08-16', 20, 'a05662085'),
('s72892313', '2022-10-23', 23, 'a38510714'),
('s72912577', '2022-07-16', 3, 'a84742281'),
('s73009138', '2022-04-11', 6, 'a34687830'),
('s73041997', '2022-07-17', 2, 'a38510714'),
('s73290181', '2022-09-15', 8, 'a52342736'),
('s73530358', '2022-06-11', 0, 'a34687830'),
('s73576118', '2022-08-09', 9, 'a17717321'),
('s73697409', '2022-03-29', 6, 'a05662085'),
('s73735650', '2022-01-10', 10, 'a67805987'),
('s73977356', '2021-12-19', 20, 'a69813015'),
('s74026388', '2022-11-08', 0, 'a55983440'),
('s74155701', '2022-11-12', 5, 'a15253500'),
('s74170478', '2022-01-19', 24, 'a06116032'),
('s74267794', '2022-01-26', 19, 'a63560948'),
('s74743919', '2021-12-23', 22, 'a68960617'),
('s74940585', '2022-05-15', 2, 'a06116032'),
('s75047637', '2021-12-25', 6, 'a97018170'),
('s75109487', '2022-10-18', 6, 'a14453310'),
('s75265466', '2022-07-25', 6, 'a06606826'),
('s75341076', '2022-09-17', 8, 'a83831138'),
('s75532339', '2022-10-05', 11, 'a11149578'),
('s75754973', '2022-09-29', 22, 'a38510714'),
('s75907851', '2022-06-02', 12, 'a15253500'),
('s76119035', '2022-11-10', 5, 'a39133162'),
('s76229813', '2022-06-03', 19, 'a74073505'),
('s76234959', '2022-11-12', 4, 'a83831138'),
('s76280094', '2022-08-02', 19, 'a28503811'),
('s76330774', '2022-03-17', 14, 'a10890153'),
('s76460819', '2022-11-17', 15, 'a64161042'),
('s76623278', '2021-12-29', 4, 'a13219001'),
('s76685733', '2022-06-23', 5, 'a25338757'),
('s76731682', '2022-05-12', 10, 'a58172825'),
('s76801770', '2022-05-19', 4, 'a06387338'),
('s76848158', '2022-07-08', 19, 'a70661002'),
('s76920920', '2022-07-17', 2, 'a11693853'),
('s77092746', '2022-08-06', 2, 'a76502847'),
('s77145050', '2022-05-21', 0, 'a34687830'),
('s77156432', '2021-12-21', 19, 'a33741997'),
('s77225672', '2022-05-20', 4, 'a97955651'),
('s77420763', '2022-10-03', 14, 'a39133162'),
('s77451099', '2022-10-03', 23, 'a39133162'),
('s77879641', '2022-10-26', 16, 'a25338757'),
('s77959203', '2022-08-10', 18, 'a74839612'),
('s78009920', '2021-12-11', 18, 'a07829506'),
('s78144109', '2022-05-15', 13, 'a68634290'),
('s78182998', '2022-11-18', 23, 'a22182816'),
('s78220500', '2021-12-18', 20, 'a97955651'),
('s78247638', '2022-11-12', 20, 'a56381948'),
('s78304415', '2022-06-10', 4, 'a41560022'),
('s78377165', '2021-12-01', 18, 'a31828989'),
('s78409051', '2022-07-14', 6, 'a90902858'),
('s78418076', '2022-10-24', 9, 'a32008907'),
('s78468985', '2022-04-06', 23, 'a74839612'),
('s78479757', '2022-02-24', 1, 'a47896743'),
('s78586086', '2022-07-11', 6, 'a20697782'),
('s78637732', '2022-01-19', 7, 'a13407048'),
('s78914839', '2022-08-02', 2, 'a87164612'),
('s78919238', '2022-02-07', 2, 'a46383365'),
('s79110422', '2021-12-22', 12, 'a22033677'),
('s79128150', '2021-12-29', 5, 'a72143824'),
('s79157593', '2022-02-09', 21, 'a06116032'),
('s79180117', '2022-02-27', 2, 'a28503811'),
('s79338828', '2022-01-12', 15, 'a69813015'),
('s79342511', '2022-11-11', 14, 'a01202673'),
('s79374739', '2022-01-03', 23, 'a74839612'),
('s79722853', '2022-02-16', 20, 'a55983440'),
('s79820864', '2022-02-21', 8, 'a74881793'),
('s79826958', '2022-02-17', 22, 'a67805987'),
('s79858493', '2022-05-31', 13, 'a83149457'),
('s79871835', '2022-10-02', 19, 'a73144081'),
('s80005780', '2022-11-12', 14, 'a55952202'),
('s80154317', '2022-02-27', 18, 'a11693853'),
('s80184391', '2022-11-03', 0, 'a74073505'),
('s80382709', '2022-05-04', 4, 'a07407475'),
('s80457809', '2022-09-09', 4, 'a65366296'),
('s80472168', '2022-11-04', 4, 'a73144081'),
('s80501568', '2022-10-13', 3, 'a91829177'),
('s81257885', '2021-11-25', 22, 'a52342736'),
('s81432098', '2022-03-19', 14, 'a74073505'),
('s81499107', '2022-10-10', 8, 'a74073505'),
('s81585090', '2021-12-24', 8, 'a50760190'),
('s81735770', '2022-04-09', 2, 'a47896743'),
('s81772082', '2022-08-17', 10, 'a28879095'),
('s81878203', '2022-03-05', 18, 'a60427522'),
('s82072621', '2022-11-01', 4, 'a74881793'),
('s82116273', '2022-06-20', 18, 'a60427522'),
('s82309268', '2022-06-30', 2, 'a26490313'),
('s82313955', '2022-11-15', 4, 'a60427522'),
('s82376940', '2022-10-30', 5, 'a45329285'),
('s82438184', '2021-12-06', 16, 'a32008907'),
('s82561500', '2022-06-30', 14, 'a41560022'),
('s82663010', '2022-01-24', 20, 'a85604932'),
('s82757418', '2022-03-15', 3, 'a95936777'),
('s82823488', '2022-07-14', 15, 'a13219001'),
('s82938033', '2022-01-31', 20, 'a33741997'),
('s83186473', '2022-05-02', 20, 'a72143824'),
('s83827605', '2022-03-02', 12, 'a93682547'),
('s84038182', '2022-03-23', 20, 'a28879095'),
('s84142589', '2022-01-24', 18, 'a91829177'),
('s84395324', '2022-06-04', 4, 'a70661002'),
('s84416734', '2022-07-12', 24, 'a74881793'),
('s84442435', '2022-10-09', 10, 'a45329285'),
('s84466522', '2022-07-29', 20, 'a75951884'),
('s84512533', '2021-12-02', 20, 'a81960922'),
('s84653976', '2022-02-02', 23, 'a79320457'),
('s84755430', '2022-06-20', 10, 'a22033677'),
('s84756110', '2022-03-21', 11, 'a42694616'),
('s84779801', '2021-12-21', 16, 'a17717321'),
('s84830619', '2022-03-13', 22, 'a21381243'),
('s85003367', '2022-11-01', 1, 'a21381243'),
('s85154655', '2022-03-14', 6, 'a13779459'),
('s85203252', '2022-01-05', 6, 'a01202673'),
('s85258378', '2021-12-12', 8, 'a99981022'),
('s85281394', '2022-09-20', 16, 'a41560022'),
('s85389764', '2022-09-15', 2, 'a51764607'),
('s85463527', '2022-01-03', 6, 'a52342736'),
('s85583999', '2022-06-17', 14, 'a11149578'),
('s85792944', '2022-09-15', 16, 'a00670234'),
('s86157757', '2022-02-13', 18, 'a00009760'),
('s86344468', '2022-05-11', 15, 'a22182816'),
('s86594001', '2022-03-11', 1, 'a50760190'),
('s86621664', '2022-02-20', 23, 'a59564288'),
('s86629246', '2021-12-28', 22, 'a50760190'),
('s86646532', '2022-09-12', 2, 'a52432565'),
('s86698689', '2022-03-28', 22, 'a54280828'),
('s86795889', '2022-03-07', 4, 'a93482932'),
('s87301313', '2022-10-30', 16, 'a29746909'),
('s87417230', '2022-10-23', 6, 'a64161042'),
('s87562818', '2022-01-10', 16, 'a58172825'),
('s87756823', '2022-02-19', 16, 'a91829177'),
('s87758482', '2022-04-02', 6, 'a61704119'),
('s88078624', '2022-06-18', 10, 'a99981022'),
('s88097060', '2022-05-15', 9, 'a13219001'),
('s88108371', '2022-01-03', 6, 'a28503811'),
('s88118938', '2022-04-25', 14, 'a06387338'),
('s88157027', '2022-09-29', 21, 'a83831138'),
('s88381349', '2022-07-13', 20, 'a76614777'),
('s88396455', '2021-12-19', 2, 'a55983440'),
('s88417546', '2022-05-17', 20, 'a32008907'),
('s88527847', '2022-03-04', 12, 'a91116736'),
('s88603224', '2022-07-05', 18, 'a76502847'),
('s88731744', '2022-07-07', 22, 'a13407048'),
('s88938634', '2022-10-20', 8, 'a03387033'),
('s89026408', '2022-02-21', 8, 'a97018170'),
('s89040200', '2022-08-08', 7, 'a97018170'),
('s89091085', '2022-08-07', 22, 'a52432565'),
('s89105214', '2022-02-23', 10, 'a07407475'),
('s89258342', '2022-07-12', 20, 'a79320457'),
('s89328143', '2022-05-11', 18, 'a93482932'),
('s89364656', '2022-04-05', 6, 'a99981022'),
('s89422596', '2022-06-18', 22, 'a06387338'),
('s89475942', '2022-05-25', 4, 'a59564288'),
('s89496505', '2022-08-11', 20, 'a46383365'),
('s89611744', '2022-07-27', 20, 'a42694616'),
('s89646306', '2022-11-14', 2, 'a00009760'),
('s89662561', '2022-09-04', 16, 'a81960922'),
('s89762405', '2021-12-01', 21, 'a73144081'),
('s89964466', '2022-10-12', 20, 'a13407048'),
('s89966099', '2022-10-05', 8, 'a64161042'),
('s90054822', '2022-05-26', 12, 'a10890153'),
('s90154982', '2021-12-06', 24, 'a07829506'),
('s90187026', '2022-05-06', 3, 'a14453310'),
('s90212110', '2022-02-12', 0, 'a13779459'),
('s90368846', '2022-04-05', 20, 'a21381243'),
('s90574204', '2022-08-05', 7, 'a13779459'),
('s90585669', '2021-12-03', 8, 'a14453310'),
('s90805148', '2022-08-08', 10, 'a56381948'),
('s90971689', '2021-12-15', 13, 'a97955651'),
('s90974669', '2022-06-24', 2, 'a72143824'),
('s91022076', '2022-03-22', 4, 'a74839612'),
('s91060100', '2021-12-20', 18, 'a42694616'),
('s91118008', '2022-09-25', 6, 'a68960617'),
('s91194806', '2022-07-15', 15, 'a75951884'),
('s91256579', '2022-01-06', 21, 'a74073505'),
('s91304056', '2022-02-16', 6, 'a75951884'),
('s91331658', '2022-08-06', 18, 'a61704119'),
('s91402412', '2022-01-27', 10, 'a13779459'),
('s91411114', '2022-11-11', 11, 'a45329285'),
('s91416626', '2022-09-15', 1, 'a58172825'),
('s91623732', '2022-09-11', 14, 'a67805987'),
('s91815318', '2022-09-07', 16, 'a31828989'),
('s91819328', '2022-04-25', 22, 'a00009760'),
('s91832653', '2022-01-06', 16, 'a25338757'),
('s91995255', '2021-12-25', 8, 'a70661002'),
('s92010544', '2022-07-16', 5, 'a79320457'),
('s92204843', '2022-06-02', 8, 'a13407048'),
('s92406126', '2022-08-13', 6, 'a29746909'),
('s92424735', '2022-04-08', 1, 'a07829506'),
('s92439543', '2021-12-15', 18, 'a79320457'),
('s92583695', '2022-06-19', 17, 'a73681374'),
('s92622107', '2022-01-06', 14, 'a62469404'),
('s92726772', '2022-03-31', 0, 'a25011803'),
('s92746573', '2022-04-27', 20, 'a17717321'),
('s92759347', '2022-03-27', 12, 'a01202673'),
('s92788378', '2022-05-29', 7, 'a06387338'),
('s92810960', '2022-08-18', 10, 'a11437165'),
('s92934949', '2022-01-19', 10, 'a06116032'),
('s93027684', '2022-08-15', 14, 'a61939938'),
('s93117464', '2022-05-07', 2, 'a11149578'),
('s93143775', '2022-08-04', 8, 'a99116821'),
('s93169343', '2022-07-09', 4, 'a33741997'),
('s93405820', '2022-10-11', 2, 'a51764607'),
('s93423525', '2022-10-31', 2, 'a22182816'),
('s93424095', '2021-11-29', 19, 'a64161042'),
('s93528723', '2021-12-22', 1, 'a65366296'),
('s93900998', '2022-04-10', 11, 'a67805987'),
('s93977384', '2022-07-20', 2, 'a25011803'),
('s94113474', '2021-11-22', 5, 'a69813015'),
('s94374874', '2022-11-03', 8, 'a83149457'),
('s94388823', '2022-02-27', 22, 'a11149578'),
('s94686781', '2022-02-03', 7, 'a14840864'),
('s94953646', '2022-10-26', 6, 'a48281313'),
('s94972747', '2022-06-18', 22, 'a05662085'),
('s94995344', '2022-04-23', 10, 'a06387338'),
('s95338496', '2022-10-03', 11, 'a97018170'),
('s95378862', '2022-07-02', 1, 'a74839612'),
('s95435642', '2022-04-15', 13, 'a01202673'),
('s95685384', '2022-09-29', 5, 'a14840864'),
('s95878877', '2022-04-27', 10, 'a90902858'),
('s96229257', '2022-10-23', 6, 'a39133162'),
('s96294576', '2021-12-06', 10, 'a83149457'),
('s96297841', '2022-05-13', 6, 'a34687830'),
('s96454241', '2022-03-28', 0, 'a51764607'),
('s96515345', '2022-10-14', 6, 'a14453310'),
('s96584734', '2022-04-23', 2, 'a45329285'),
('s96619806', '2022-08-19', 2, 'a22182816'),
('s96874364', '2022-07-25', 4, 'a33349078'),
('s96900145', '2022-02-12', 15, 'a64161042'),
('s96919966', '2022-03-21', 10, 'a86350734'),
('s96927518', '2022-01-03', 19, 'a72143824'),
('s96931331', '2022-03-21', 10, 'a99981022'),
('s96999219', '2021-12-08', 8, 'a51764607'),
('s97006557', '2022-10-23', 18, 'a93682547'),
('s97055798', '2022-07-23', 0, 'a75951884'),
('s97154603', '2022-04-15', 20, 'a54280828'),
('s97179598', '2022-01-02', 12, 'a29746909'),
('s97209780', '2022-04-18', 13, 'a61704119'),
('s97238526', '2022-07-30', 19, 'a75951884'),
('s97543501', '2022-11-08', 22, 'a90902858'),
('s97565877', '2022-09-17', 6, 'a50120400'),
('s97804058', '2021-11-27', 22, 'a68634290'),
('s97838616', '2022-11-09', 13, 'a05662085'),
('s98005983', '2022-06-17', 19, 'a83149457'),
('s98190090', '2022-09-03', 6, 'a86350734'),
('s98300106', '2022-03-13', 2, 'a17717321'),
('s98314738', '2021-12-01', 5, 'a70661002'),
('s98382456', '2022-05-28', 14, 'a32008907'),
('s98597555', '2022-10-23', 18, 'a25338757'),
('s98676696', '2022-09-09', 13, 'a52432565'),
('s98843686', '2022-03-26', 4, 'a22182816'),
('s98904173', '2022-01-26', 18, 'a14840864'),
('s99197633', '2022-05-07', 21, 'a84742281'),
('s99338379', '2021-12-05', 4, 'a41560022'),
('s99461747', '2022-02-11', 4, 'a91829177'),
('s99582398', '2022-02-10', 20, 'a00009760'),
('s99591986', '2022-01-26', 6, 'a50120400'),
('s99930347', '2022-01-10', 21, 'a39133162');

-- --------------------------------------------------------

--
-- Table structure for table `room`
--

CREATE TABLE `room` (
  `Branch_code` varchar(2) NOT NULL,
  `Number` int(11) NOT NULL,
  `State` varchar(11) NOT NULL
) ;

--
-- Dumping data for table `room`
--

INSERT INTO `room` (`Branch_code`, `Number`, `State`) VALUES
('b0', 1, 'Available'),
('b0', 2, 'Unavailable'),
('b0', 3, 'Available'),
('b0', 4, 'Available'),
('b0', 5, 'Unavailable'),
('b1', 1, 'Available'),
('b1', 2, 'Available'),
('b1', 3, 'Unavailable'),
('b1', 4, 'Unavailable'),
('b1', 5, 'Unavailable'),
('b2', 1, 'Unavailable'),
('b2', 2, 'Available'),
('b2', 3, 'Unavailable'),
('b2', 4, 'Unavailable'),
('b2', 5, 'Available'),
('b3', 1, 'Unavailable'),
('b3', 2, 'Available'),
('b3', 3, 'Unavailable'),
('b3', 4, 'Unavailable'),
('b3', 5, 'Unavailable'),
('b4', 1, 'Available'),
('b4', 2, 'Available'),
('b4', 3, 'Unavailable'),
('b4', 4, 'Available'),
('b4', 5, 'Available');

-- --------------------------------------------------------

--
-- Table structure for table `scheduled`
--

CREATE TABLE `scheduled` (
  `ShowID` varchar(9) NOT NULL,
  `Branch_code` varchar(2) NOT NULL,
  `Room_number` int(11) NOT NULL,
  `Movie_code` varchar(9) NOT NULL
) ENGINE=InnoDB DEFAULT CHARSET=utf8mb4;

--
-- Dumping data for table `scheduled`
--

INSERT INTO `scheduled` (`ShowID`, `Branch_code`, `Room_number`, `Movie_code`) VALUES
('s03973535', 'b3', 5, 'm22167169'),
('s05113177', 'b2', 5, 'm31709442'),
('s08463437', 'b1', 1, 'm69707972'),
('s12003862', 'b2', 3, 'm31930108'),
('s16867228', 'b0', 5, 'm04905601'),
('s18456218', 'b3', 2, 'm26865850'),
('s24264407', 'b1', 5, 'm57301478'),
('s33395462', 'b0', 4, 'm12968902'),
('s35665319', 'b2', 4, 'm71568090'),
('s38968347', 'b0', 3, 'm64267580'),
('s44773607', 'b3', 3, 'm33633469'),
('s45808660', 'b4', 1, 'm15387336'),
('s46820560', 'b3', 4, 'm81482803'),
('s48962998', 'b4', 4, 'm14311756'),
('s53737067', 'b1', 4, 'm67771403'),
('s56221999', 'b3', 1, 'm93653336'),
('s59290735', 'b4', 5, 'm23947634'),
('s60208090', 'b2', 1, 'm19096654'),
('s68438417', 'b4', 2, 'm02068345'),
('s80184391', 'b2', 2, 'm63305834'),
('s82663010', 'b0', 1, 'm55319663'),
('s88381349', 'b1', 2, 'm91258168'),
('s95685384', 'b4', 3, 'm80552946'),
('s96874364', 'b1', 3, 'm66791420'),
('s97179598', 'b0', 2, 'm84499891');

-- --------------------------------------------------------

--
-- Table structure for table `seat`
--

CREATE TABLE `seat` (
  `Branch_code` varchar(2) NOT NULL,
  `Number` int(11) NOT NULL,
  `Row_index` varchar(1) NOT NULL,
  `Col_index` int(11) NOT NULL,
  `Type` varchar(6) NOT NULL,
  `State` varchar(11) NOT NULL
) ;

--
-- Dumping data for table `seat`
--

INSERT INTO `seat` (`Branch_code`, `Number`, `Row_index`, `Col_index`, `Type`, `State`) VALUES
('b0', 1, 'A', 1, 'Normal', 'Available'),
('b0', 1, 'A', 2, 'Normal', 'Available'),
('b0', 1, 'A', 3, 'Normal', 'Unavailable'),
('b0', 1, 'A', 4, 'Normal', 'Unavailable'),
('b0', 1, 'A', 5, 'Normal', 'Unavailable'),
('b0', 1, 'A', 6, 'Normal', 'Available'),
('b0', 1, 'A', 7, 'Normal', 'Available'),
('b0', 1, 'A', 8, 'Normal', 'Available'),
('b0', 1, 'A', 9, 'Normal', 'Unavailable'),
('b0', 1, 'A', 10, 'Normal', 'Unavailable'),
('b0', 1, 'B', 1, 'Normal', 'Available'),
('b0', 1, 'B', 2, 'Normal', 'Available'),
('b0', 1, 'B', 3, 'Normal', 'Available'),
('b0', 1, 'B', 4, 'Normal', 'Available'),
('b0', 1, 'B', 5, 'Normal', 'Available'),
('b0', 1, 'B', 6, 'Normal', 'Available'),
('b0', 1, 'B', 7, 'Normal', 'Unavailable'),
('b0', 1, 'B', 8, 'Normal', 'Unavailable'),
('b0', 1, 'B', 9, 'Normal', 'Unavailable'),
('b0', 1, 'B', 10, 'Normal', 'Unavailable'),
('b0', 1, 'C', 1, 'Normal', 'Unavailable'),
('b0', 1, 'C', 2, 'Normal', 'Available'),
('b0', 1, 'C', 3, 'Normal', 'Unavailable'),
('b0', 1, 'C', 4, 'Normal', 'Unavailable'),
('b0', 1, 'C', 5, 'Normal', 'Unavailable'),
('b0', 1, 'C', 6, 'Normal', 'Unavailable'),
('b0', 1, 'C', 7, 'Normal', 'Available'),
('b0', 1, 'C', 8, 'Normal', 'Unavailable'),
('b0', 1, 'C', 9, 'Normal', 'Unavailable'),
('b0', 1, 'C', 10, 'Normal', 'Available'),
('b0', 1, 'D', 1, 'Normal', 'Unavailable'),
('b0', 1, 'D', 2, 'Normal', 'Available'),
('b0', 1, 'D', 3, 'Normal', 'Unavailable'),
('b0', 1, 'D', 4, 'VIP', 'Unavailable'),
('b0', 1, 'D', 5, 'VIP', 'Available'),
('b0', 1, 'D', 6, 'VIP', 'Unavailable'),
('b0', 1, 'D', 7, 'Normal', 'Available'),
('b0', 1, 'D', 8, 'Normal', 'Available'),
('b0', 1, 'D', 9, 'Normal', 'Available'),
('b0', 1, 'D', 10, 'Normal', 'Available'),
('b0', 1, 'E', 1, 'Normal', 'Available'),
('b0', 1, 'E', 2, 'Normal', 'Unavailable'),
('b0', 1, 'E', 3, 'Normal', 'Available'),
('b0', 1, 'E', 4, 'VIP', 'Unavailable'),
('b0', 1, 'E', 5, 'VIP', 'Available'),
('b0', 1, 'E', 6, 'VIP', 'Available'),
('b0', 1, 'E', 7, 'Normal', 'Unavailable'),
('b0', 1, 'E', 8, 'Normal', 'Unavailable'),
('b0', 1, 'E', 9, 'Normal', 'Available'),
('b0', 1, 'E', 10, 'Normal', 'Available'),
('b0', 1, 'F', 1, 'Normal', 'Available'),
('b0', 1, 'F', 2, 'Normal', 'Available'),
('b0', 1, 'F', 3, 'Normal', 'Available'),
('b0', 1, 'F', 4, 'VIP', 'Unavailable'),
('b0', 1, 'F', 5, 'VIP', 'Available'),
('b0', 1, 'F', 6, 'VIP', 'Unavailable'),
('b0', 1, 'F', 7, 'Normal', 'Available'),
('b0', 1, 'F', 8, 'Normal', 'Available'),
('b0', 1, 'F', 9, 'Normal', 'Available'),
('b0', 1, 'F', 10, 'Normal', 'Unavailable'),
('b0', 1, 'G', 1, 'Normal', 'Unavailable'),
('b0', 1, 'G', 2, 'Normal', 'Available'),
('b0', 1, 'G', 3, 'Normal', 'Unavailable'),
('b0', 1, 'G', 4, 'Normal', 'Unavailable'),
('b0', 1, 'G', 5, 'Normal', 'Available'),
('b0', 1, 'G', 6, 'Normal', 'Available'),
('b0', 1, 'G', 7, 'Normal', 'Available'),
('b0', 1, 'G', 8, 'Normal', 'Available'),
('b0', 1, 'G', 9, 'Normal', 'Available'),
('b0', 1, 'G', 10, 'Normal', 'Unavailable'),
('b0', 1, 'H', 1, 'Normal', 'Available'),
('b0', 1, 'H', 2, 'Normal', 'Unavailable'),
('b0', 1, 'H', 3, 'Normal', 'Unavailable'),
('b0', 1, 'H', 4, 'Normal', 'Unavailable'),
('b0', 1, 'H', 5, 'Normal', 'Available'),
('b0', 1, 'H', 6, 'Normal', 'Unavailable'),
('b0', 1, 'H', 7, 'Normal', 'Unavailable'),
('b0', 1, 'H', 8, 'Normal', 'Available'),
('b0', 1, 'H', 9, 'Normal', 'Available'),
('b0', 1, 'H', 10, 'Normal', 'Available'),
('b0', 1, 'I', 1, 'Normal', 'Unavailable'),
('b0', 1, 'I', 2, 'Normal', 'Available'),
('b0', 1, 'I', 3, 'Normal', 'Unavailable'),
('b0', 1, 'I', 4, 'Normal', 'Available'),
('b0', 1, 'I', 5, 'Normal', 'Available'),
('b0', 1, 'I', 6, 'Normal', 'Unavailable'),
('b0', 1, 'I', 7, 'Normal', 'Unavailable'),
('b0', 1, 'I', 8, 'Normal', 'Available'),
('b0', 1, 'I', 9, 'Normal', 'Unavailable'),
('b0', 1, 'I', 10, 'Normal', 'Unavailable'),
('b0', 1, 'J', 1, 'Normal', 'Unavailable'),
('b0', 1, 'J', 2, 'Normal', 'Unavailable'),
('b0', 1, 'J', 3, 'Normal', 'Available'),
('b0', 1, 'J', 4, 'Normal', 'Available'),
('b0', 1, 'J', 5, 'Normal', 'Unavailable'),
('b0', 1, 'J', 6, 'Normal', 'Available'),
('b0', 1, 'J', 7, 'Normal', 'Available'),
('b0', 1, 'J', 8, 'Normal', 'Unavailable'),
('b0', 1, 'J', 9, 'Normal', 'Unavailable'),
('b0', 1, 'J', 10, 'Normal', 'Available'),
('b0', 2, 'A', 1, 'Normal', 'Unavailable'),
('b0', 2, 'A', 2, 'Normal', 'Unavailable'),
('b0', 2, 'A', 3, 'Normal', 'Unavailable'),
('b0', 2, 'A', 4, 'Normal', 'Available'),
('b0', 2, 'A', 5, 'Normal', 'Available'),
('b0', 2, 'A', 6, 'Normal', 'Available'),
('b0', 2, 'A', 7, 'Normal', 'Available'),
('b0', 2, 'A', 8, 'Normal', 'Available'),
('b0', 2, 'A', 9, 'Normal', 'Available'),
('b0', 2, 'A', 10, 'Normal', 'Available'),
('b0', 2, 'B', 1, 'Normal', 'Unavailable'),
('b0', 2, 'B', 2, 'Normal', 'Unavailable'),
('b0', 2, 'B', 3, 'Normal', 'Available'),
('b0', 2, 'B', 4, 'Normal', 'Available'),
('b0', 2, 'B', 5, 'Normal', 'Unavailable'),
('b0', 2, 'B', 6, 'Normal', 'Available'),
('b0', 2, 'B', 7, 'Normal', 'Available'),
('b0', 2, 'B', 8, 'Normal', 'Available'),
('b0', 2, 'B', 9, 'Normal', 'Available'),
('b0', 2, 'B', 10, 'Normal', 'Unavailable'),
('b0', 2, 'C', 1, 'Normal', 'Available'),
('b0', 2, 'C', 2, 'Normal', 'Unavailable'),
('b0', 2, 'C', 3, 'Normal', 'Unavailable'),
('b0', 2, 'C', 4, 'Normal', 'Available'),
('b0', 2, 'C', 5, 'Normal', 'Unavailable'),
('b0', 2, 'C', 6, 'Normal', 'Unavailable'),
('b0', 2, 'C', 7, 'Normal', 'Available'),
('b0', 2, 'C', 8, 'Normal', 'Available'),
('b0', 2, 'C', 9, 'Normal', 'Available'),
('b0', 2, 'C', 10, 'Normal', 'Unavailable'),
('b0', 2, 'D', 1, 'Normal', 'Unavailable'),
('b0', 2, 'D', 2, 'Normal', 'Unavailable'),
('b0', 2, 'D', 3, 'Normal', 'Available'),
('b0', 2, 'D', 4, 'VIP', 'Unavailable'),
('b0', 2, 'D', 5, 'VIP', 'Unavailable'),
('b0', 2, 'D', 6, 'VIP', 'Available'),
('b0', 2, 'D', 7, 'Normal', 'Available'),
('b0', 2, 'D', 8, 'Normal', 'Available'),
('b0', 2, 'D', 9, 'Normal', 'Available'),
('b0', 2, 'D', 10, 'Normal', 'Unavailable'),
('b0', 2, 'E', 1, 'Normal', 'Unavailable'),
('b0', 2, 'E', 2, 'Normal', 'Available'),
('b0', 2, 'E', 3, 'Normal', 'Available'),
('b0', 2, 'E', 4, 'VIP', 'Available'),
('b0', 2, 'E', 5, 'VIP', 'Unavailable'),
('b0', 2, 'E', 6, 'VIP', 'Available'),
('b0', 2, 'E', 7, 'Normal', 'Available'),
('b0', 2, 'E', 8, 'Normal', 'Available'),
('b0', 2, 'E', 9, 'Normal', 'Available'),
('b0', 2, 'E', 10, 'Normal', 'Unavailable'),
('b0', 2, 'F', 1, 'Normal', 'Unavailable'),
('b0', 2, 'F', 2, 'Normal', 'Unavailable'),
('b0', 2, 'F', 3, 'Normal', 'Available'),
('b0', 2, 'F', 4, 'VIP', 'Unavailable'),
('b0', 2, 'F', 5, 'VIP', 'Available'),
('b0', 2, 'F', 6, 'VIP', 'Available'),
('b0', 2, 'F', 7, 'Normal', 'Unavailable'),
('b0', 2, 'F', 8, 'Normal', 'Available'),
('b0', 2, 'F', 9, 'Normal', 'Unavailable'),
('b0', 2, 'F', 10, 'Normal', 'Unavailable'),
('b0', 2, 'G', 1, 'Normal', 'Available'),
('b0', 2, 'G', 2, 'Normal', 'Unavailable'),
('b0', 2, 'G', 3, 'Normal', 'Unavailable'),
('b0', 2, 'G', 4, 'Normal', 'Unavailable'),
('b0', 2, 'G', 5, 'Normal', 'Unavailable'),
('b0', 2, 'G', 6, 'Normal', 'Unavailable'),
('b0', 2, 'G', 7, 'Normal', 'Unavailable'),
('b0', 2, 'G', 8, 'Normal', 'Unavailable'),
('b0', 2, 'G', 9, 'Normal', 'Available'),
('b0', 2, 'G', 10, 'Normal', 'Available'),
('b0', 2, 'H', 1, 'Normal', 'Available'),
('b0', 2, 'H', 2, 'Normal', 'Unavailable'),
('b0', 2, 'H', 3, 'Normal', 'Available'),
('b0', 2, 'H', 4, 'Normal', 'Available'),
('b0', 2, 'H', 5, 'Normal', 'Unavailable'),
('b0', 2, 'H', 6, 'Normal', 'Available'),
('b0', 2, 'H', 7, 'Normal', 'Unavailable'),
('b0', 2, 'H', 8, 'Normal', 'Available'),
('b0', 2, 'H', 9, 'Normal', 'Unavailable'),
('b0', 2, 'H', 10, 'Normal', 'Unavailable'),
('b0', 2, 'I', 1, 'Normal', 'Available'),
('b0', 2, 'I', 2, 'Normal', 'Available'),
('b0', 2, 'I', 3, 'Normal', 'Unavailable'),
('b0', 2, 'I', 4, 'Normal', 'Unavailable'),
('b0', 2, 'I', 5, 'Normal', 'Available'),
('b0', 2, 'I', 6, 'Normal', 'Available'),
('b0', 2, 'I', 7, 'Normal', 'Unavailable'),
('b0', 2, 'I', 8, 'Normal', 'Available'),
('b0', 2, 'I', 9, 'Normal', 'Unavailable'),
('b0', 2, 'I', 10, 'Normal', 'Unavailable'),
('b0', 2, 'J', 1, 'Normal', 'Available'),
('b0', 2, 'J', 2, 'Normal', 'Available'),
('b0', 2, 'J', 3, 'Normal', 'Unavailable'),
('b0', 2, 'J', 4, 'Normal', 'Available'),
('b0', 2, 'J', 5, 'Normal', 'Available'),
('b0', 2, 'J', 6, 'Normal', 'Unavailable'),
('b0', 2, 'J', 7, 'Normal', 'Unavailable'),
('b0', 2, 'J', 8, 'Normal', 'Available'),
('b0', 2, 'J', 9, 'Normal', 'Unavailable'),
('b0', 2, 'J', 10, 'Normal', 'Unavailable'),
('b0', 3, 'A', 1, 'Normal', 'Unavailable'),
('b0', 3, 'A', 2, 'Normal', 'Unavailable'),
('b0', 3, 'A', 3, 'Normal', 'Unavailable'),
('b0', 3, 'A', 4, 'Normal', 'Available'),
('b0', 3, 'A', 5, 'Normal', 'Unavailable'),
('b0', 3, 'A', 6, 'Normal', 'Available'),
('b0', 3, 'A', 7, 'Normal', 'Unavailable'),
('b0', 3, 'A', 8, 'Normal', 'Unavailable'),
('b0', 3, 'A', 9, 'Normal', 'Unavailable'),
('b0', 3, 'A', 10, 'Normal', 'Available'),
('b0', 3, 'B', 1, 'Normal', 'Unavailable'),
('b0', 3, 'B', 2, 'Normal', 'Available'),
('b0', 3, 'B', 3, 'Normal', 'Unavailable'),
('b0', 3, 'B', 4, 'Normal', 'Available'),
('b0', 3, 'B', 5, 'Normal', 'Available'),
('b0', 3, 'B', 6, 'Normal', 'Available'),
('b0', 3, 'B', 7, 'Normal', 'Unavailable'),
('b0', 3, 'B', 8, 'Normal', 'Unavailable'),
('b0', 3, 'B', 9, 'Normal', 'Unavailable'),
('b0', 3, 'B', 10, 'Normal', 'Available'),
('b0', 3, 'C', 1, 'Normal', 'Available'),
('b0', 3, 'C', 2, 'Normal', 'Unavailable'),
('b0', 3, 'C', 3, 'Normal', 'Unavailable'),
('b0', 3, 'C', 4, 'Normal', 'Available'),
('b0', 3, 'C', 5, 'Normal', 'Unavailable'),
('b0', 3, 'C', 6, 'Normal', 'Available'),
('b0', 3, 'C', 7, 'Normal', 'Unavailable'),
('b0', 3, 'C', 8, 'Normal', 'Unavailable'),
('b0', 3, 'C', 9, 'Normal', 'Available'),
('b0', 3, 'C', 10, 'Normal', 'Available'),
('b0', 3, 'D', 1, 'Normal', 'Available'),
('b0', 3, 'D', 2, 'Normal', 'Unavailable'),
('b0', 3, 'D', 3, 'Normal', 'Available'),
('b0', 3, 'D', 4, 'VIP', 'Available'),
('b0', 3, 'D', 5, 'VIP', 'Available'),
('b0', 3, 'D', 6, 'VIP', 'Unavailable'),
('b0', 3, 'D', 7, 'Normal', 'Available'),
('b0', 3, 'D', 8, 'Normal', 'Available'),
('b0', 3, 'D', 9, 'Normal', 'Available'),
('b0', 3, 'D', 10, 'Normal', 'Available'),
('b0', 3, 'E', 1, 'Normal', 'Available'),
('b0', 3, 'E', 2, 'Normal', 'Available'),
('b0', 3, 'E', 3, 'Normal', 'Unavailable'),
('b0', 3, 'E', 4, 'VIP', 'Available'),
('b0', 3, 'E', 5, 'VIP', 'Available'),
('b0', 3, 'E', 6, 'VIP', 'Available'),
('b0', 3, 'E', 7, 'Normal', 'Available'),
('b0', 3, 'E', 8, 'Normal', 'Available'),
('b0', 3, 'E', 9, 'Normal', 'Unavailable'),
('b0', 3, 'E', 10, 'Normal', 'Unavailable'),
('b0', 3, 'F', 1, 'Normal', 'Unavailable'),
('b0', 3, 'F', 2, 'Normal', 'Available'),
('b0', 3, 'F', 3, 'Normal', 'Available'),
('b0', 3, 'F', 4, 'VIP', 'Unavailable'),
('b0', 3, 'F', 5, 'VIP', 'Available'),
('b0', 3, 'F', 6, 'VIP', 'Available'),
('b0', 3, 'F', 7, 'Normal', 'Unavailable'),
('b0', 3, 'F', 8, 'Normal', 'Available'),
('b0', 3, 'F', 9, 'Normal', 'Unavailable'),
('b0', 3, 'F', 10, 'Normal', 'Unavailable'),
('b0', 3, 'G', 1, 'Normal', 'Available'),
('b0', 3, 'G', 2, 'Normal', 'Available'),
('b0', 3, 'G', 3, 'Normal', 'Available'),
('b0', 3, 'G', 4, 'Normal', 'Available'),
('b0', 3, 'G', 5, 'Normal', 'Available'),
('b0', 3, 'G', 6, 'Normal', 'Available'),
('b0', 3, 'G', 7, 'Normal', 'Unavailable'),
('b0', 3, 'G', 8, 'Normal', 'Unavailable'),
('b0', 3, 'G', 9, 'Normal', 'Available'),
('b0', 3, 'G', 10, 'Normal', 'Unavailable'),
('b0', 3, 'H', 1, 'Normal', 'Unavailable'),
('b0', 3, 'H', 2, 'Normal', 'Unavailable'),
('b0', 3, 'H', 3, 'Normal', 'Unavailable'),
('b0', 3, 'H', 4, 'Normal', 'Available'),
('b0', 3, 'H', 5, 'Normal', 'Unavailable'),
('b0', 3, 'H', 6, 'Normal', 'Unavailable'),
('b0', 3, 'H', 7, 'Normal', 'Available'),
('b0', 3, 'H', 8, 'Normal', 'Available'),
('b0', 3, 'H', 9, 'Normal', 'Unavailable'),
('b0', 3, 'H', 10, 'Normal', 'Unavailable'),
('b0', 3, 'I', 1, 'Normal', 'Available'),
('b0', 3, 'I', 2, 'Normal', 'Available'),
('b0', 3, 'I', 3, 'Normal', 'Unavailable'),
('b0', 3, 'I', 4, 'Normal', 'Available'),
('b0', 3, 'I', 5, 'Normal', 'Available'),
('b0', 3, 'I', 6, 'Normal', 'Unavailable'),
('b0', 3, 'I', 7, 'Normal', 'Available'),
('b0', 3, 'I', 8, 'Normal', 'Unavailable'),
('b0', 3, 'I', 9, 'Normal', 'Unavailable'),
('b0', 3, 'I', 10, 'Normal', 'Unavailable'),
('b0', 3, 'J', 1, 'Normal', 'Unavailable'),
('b0', 3, 'J', 2, 'Normal', 'Available'),
('b0', 3, 'J', 3, 'Normal', 'Unavailable'),
('b0', 3, 'J', 4, 'Normal', 'Unavailable'),
('b0', 3, 'J', 5, 'Normal', 'Unavailable'),
('b0', 3, 'J', 6, 'Normal', 'Unavailable'),
('b0', 3, 'J', 7, 'Normal', 'Unavailable'),
('b0', 3, 'J', 8, 'Normal', 'Available'),
('b0', 3, 'J', 9, 'Normal', 'Available'),
('b0', 3, 'J', 10, 'Normal', 'Unavailable'),
('b0', 4, 'A', 1, 'Normal', 'Available'),
('b0', 4, 'A', 2, 'Normal', 'Available'),
('b0', 4, 'A', 3, 'Normal', 'Unavailable'),
('b0', 4, 'A', 4, 'Normal', 'Available'),
('b0', 4, 'A', 5, 'Normal', 'Available'),
('b0', 4, 'A', 6, 'Normal', 'Unavailable'),
('b0', 4, 'A', 7, 'Normal', 'Available'),
('b0', 4, 'A', 8, 'Normal', 'Unavailable'),
('b0', 4, 'A', 9, 'Normal', 'Available'),
('b0', 4, 'A', 10, 'Normal', 'Unavailable'),
('b0', 4, 'B', 1, 'Normal', 'Unavailable'),
('b0', 4, 'B', 2, 'Normal', 'Unavailable'),
('b0', 4, 'B', 3, 'Normal', 'Unavailable'),
('b0', 4, 'B', 4, 'Normal', 'Unavailable'),
('b0', 4, 'B', 5, 'Normal', 'Unavailable'),
('b0', 4, 'B', 6, 'Normal', 'Unavailable'),
('b0', 4, 'B', 7, 'Normal', 'Available'),
('b0', 4, 'B', 8, 'Normal', 'Unavailable'),
('b0', 4, 'B', 9, 'Normal', 'Unavailable'),
('b0', 4, 'B', 10, 'Normal', 'Available'),
('b0', 4, 'C', 1, 'Normal', 'Unavailable'),
('b0', 4, 'C', 2, 'Normal', 'Unavailable'),
('b0', 4, 'C', 3, 'Normal', 'Unavailable'),
('b0', 4, 'C', 4, 'Normal', 'Available'),
('b0', 4, 'C', 5, 'Normal', 'Unavailable'),
('b0', 4, 'C', 6, 'Normal', 'Available'),
('b0', 4, 'C', 7, 'Normal', 'Available'),
('b0', 4, 'C', 8, 'Normal', 'Unavailable'),
('b0', 4, 'C', 9, 'Normal', 'Available'),
('b0', 4, 'C', 10, 'Normal', 'Available'),
('b0', 4, 'D', 1, 'Normal', 'Unavailable'),
('b0', 4, 'D', 2, 'Normal', 'Available'),
('b0', 4, 'D', 3, 'Normal', 'Available'),
('b0', 4, 'D', 4, 'VIP', 'Available'),
('b0', 4, 'D', 5, 'VIP', 'Unavailable'),
('b0', 4, 'D', 6, 'VIP', 'Available'),
('b0', 4, 'D', 7, 'Normal', 'Unavailable'),
('b0', 4, 'D', 8, 'Normal', 'Available'),
('b0', 4, 'D', 9, 'Normal', 'Unavailable'),
('b0', 4, 'D', 10, 'Normal', 'Unavailable'),
('b0', 4, 'E', 1, 'Normal', 'Available'),
('b0', 4, 'E', 2, 'Normal', 'Unavailable'),
('b0', 4, 'E', 3, 'Normal', 'Unavailable'),
('b0', 4, 'E', 4, 'VIP', 'Unavailable'),
('b0', 4, 'E', 5, 'VIP', 'Unavailable'),
('b0', 4, 'E', 6, 'VIP', 'Unavailable'),
('b0', 4, 'E', 7, 'Normal', 'Unavailable'),
('b0', 4, 'E', 8, 'Normal', 'Available'),
('b0', 4, 'E', 9, 'Normal', 'Available'),
('b0', 4, 'E', 10, 'Normal', 'Unavailable'),
('b0', 4, 'F', 1, 'Normal', 'Unavailable'),
('b0', 4, 'F', 2, 'Normal', 'Unavailable'),
('b0', 4, 'F', 3, 'Normal', 'Unavailable'),
('b0', 4, 'F', 4, 'VIP', 'Unavailable'),
('b0', 4, 'F', 5, 'VIP', 'Unavailable'),
('b0', 4, 'F', 6, 'VIP', 'Available'),
('b0', 4, 'F', 7, 'Normal', 'Available'),
('b0', 4, 'F', 8, 'Normal', 'Unavailable'),
('b0', 4, 'F', 9, 'Normal', 'Unavailable'),
('b0', 4, 'F', 10, 'Normal', 'Available'),
('b0', 4, 'G', 1, 'Normal', 'Unavailable'),
('b0', 4, 'G', 2, 'Normal', 'Unavailable'),
('b0', 4, 'G', 3, 'Normal', 'Available'),
('b0', 4, 'G', 4, 'Normal', 'Unavailable'),
('b0', 4, 'G', 5, 'Normal', 'Available'),
('b0', 4, 'G', 6, 'Normal', 'Available'),
('b0', 4, 'G', 7, 'Normal', 'Unavailable'),
('b0', 4, 'G', 8, 'Normal', 'Unavailable'),
('b0', 4, 'G', 9, 'Normal', 'Available'),
('b0', 4, 'G', 10, 'Normal', 'Available'),
('b0', 4, 'H', 1, 'Normal', 'Available'),
('b0', 4, 'H', 2, 'Normal', 'Unavailable'),
('b0', 4, 'H', 3, 'Normal', 'Available'),
('b0', 4, 'H', 4, 'Normal', 'Available'),
('b0', 4, 'H', 5, 'Normal', 'Unavailable'),
('b0', 4, 'H', 6, 'Normal', 'Unavailable'),
('b0', 4, 'H', 7, 'Normal', 'Unavailable'),
('b0', 4, 'H', 8, 'Normal', 'Unavailable'),
('b0', 4, 'H', 9, 'Normal', 'Available'),
('b0', 4, 'H', 10, 'Normal', 'Unavailable'),
('b0', 4, 'I', 1, 'Normal', 'Unavailable'),
('b0', 4, 'I', 2, 'Normal', 'Available'),
('b0', 4, 'I', 3, 'Normal', 'Available'),
('b0', 4, 'I', 4, 'Normal', 'Unavailable'),
('b0', 4, 'I', 5, 'Normal', 'Available'),
('b0', 4, 'I', 6, 'Normal', 'Available'),
('b0', 4, 'I', 7, 'Normal', 'Available'),
('b0', 4, 'I', 8, 'Normal', 'Unavailable'),
('b0', 4, 'I', 9, 'Normal', 'Unavailable'),
('b0', 4, 'I', 10, 'Normal', 'Unavailable'),
('b0', 4, 'J', 1, 'Normal', 'Unavailable'),
('b0', 4, 'J', 2, 'Normal', 'Unavailable'),
('b0', 4, 'J', 3, 'Normal', 'Unavailable'),
('b0', 4, 'J', 4, 'Normal', 'Available'),
('b0', 4, 'J', 5, 'Normal', 'Available'),
('b0', 4, 'J', 6, 'Normal', 'Unavailable'),
('b0', 4, 'J', 7, 'Normal', 'Available'),
('b0', 4, 'J', 8, 'Normal', 'Available'),
('b0', 4, 'J', 9, 'Normal', 'Unavailable'),
('b0', 4, 'J', 10, 'Normal', 'Unavailable'),
('b0', 5, 'A', 1, 'Normal', 'Available'),
('b0', 5, 'A', 2, 'Normal', 'Available'),
('b0', 5, 'A', 3, 'Normal', 'Available'),
('b0', 5, 'A', 4, 'Normal', 'Unavailable'),
('b0', 5, 'A', 5, 'Normal', 'Unavailable'),
('b0', 5, 'A', 6, 'Normal', 'Available'),
('b0', 5, 'A', 7, 'Normal', 'Available'),
('b0', 5, 'A', 8, 'Normal', 'Unavailable'),
('b0', 5, 'A', 9, 'Normal', 'Unavailable'),
('b0', 5, 'A', 10, 'Normal', 'Available'),
('b0', 5, 'B', 1, 'Normal', 'Available'),
('b0', 5, 'B', 2, 'Normal', 'Unavailable'),
('b0', 5, 'B', 3, 'Normal', 'Unavailable'),
('b0', 5, 'B', 4, 'Normal', 'Unavailable'),
('b0', 5, 'B', 5, 'Normal', 'Unavailable'),
('b0', 5, 'B', 6, 'Normal', 'Available'),
('b0', 5, 'B', 7, 'Normal', 'Available'),
('b0', 5, 'B', 8, 'Normal', 'Unavailable'),
('b0', 5, 'B', 9, 'Normal', 'Available'),
('b0', 5, 'B', 10, 'Normal', 'Available'),
('b0', 5, 'C', 1, 'Normal', 'Available'),
('b0', 5, 'C', 2, 'Normal', 'Unavailable'),
('b0', 5, 'C', 3, 'Normal', 'Available'),
('b0', 5, 'C', 4, 'Normal', 'Available'),
('b0', 5, 'C', 5, 'Normal', 'Available'),
('b0', 5, 'C', 6, 'Normal', 'Available'),
('b0', 5, 'C', 7, 'Normal', 'Available'),
('b0', 5, 'C', 8, 'Normal', 'Unavailable'),
('b0', 5, 'C', 9, 'Normal', 'Available'),
('b0', 5, 'C', 10, 'Normal', 'Unavailable'),
('b0', 5, 'D', 1, 'Normal', 'Available'),
('b0', 5, 'D', 2, 'Normal', 'Unavailable'),
('b0', 5, 'D', 3, 'Normal', 'Available'),
('b0', 5, 'D', 4, 'VIP', 'Available'),
('b0', 5, 'D', 5, 'VIP', 'Unavailable'),
('b0', 5, 'D', 6, 'VIP', 'Available'),
('b0', 5, 'D', 7, 'Normal', 'Available'),
('b0', 5, 'D', 8, 'Normal', 'Available'),
('b0', 5, 'D', 9, 'Normal', 'Available'),
('b0', 5, 'D', 10, 'Normal', 'Unavailable'),
('b0', 5, 'E', 1, 'Normal', 'Available'),
('b0', 5, 'E', 2, 'Normal', 'Unavailable'),
('b0', 5, 'E', 3, 'Normal', 'Unavailable'),
('b0', 5, 'E', 4, 'VIP', 'Unavailable'),
('b0', 5, 'E', 5, 'VIP', 'Available'),
('b0', 5, 'E', 6, 'VIP', 'Unavailable'),
('b0', 5, 'E', 7, 'Normal', 'Available'),
('b0', 5, 'E', 8, 'Normal', 'Unavailable'),
('b0', 5, 'E', 9, 'Normal', 'Unavailable'),
('b0', 5, 'E', 10, 'Normal', 'Unavailable'),
('b0', 5, 'F', 1, 'Normal', 'Available'),
('b0', 5, 'F', 2, 'Normal', 'Available'),
('b0', 5, 'F', 3, 'Normal', 'Unavailable'),
('b0', 5, 'F', 4, 'VIP', 'Available'),
('b0', 5, 'F', 5, 'VIP', 'Unavailable'),
('b0', 5, 'F', 6, 'VIP', 'Unavailable'),
('b0', 5, 'F', 7, 'Normal', 'Available'),
('b0', 5, 'F', 8, 'Normal', 'Unavailable'),
('b0', 5, 'F', 9, 'Normal', 'Unavailable'),
('b0', 5, 'F', 10, 'Normal', 'Available'),
('b0', 5, 'G', 1, 'Normal', 'Available'),
('b0', 5, 'G', 2, 'Normal', 'Available'),
('b0', 5, 'G', 3, 'Normal', 'Available'),
('b0', 5, 'G', 4, 'Normal', 'Available'),
('b0', 5, 'G', 5, 'Normal', 'Available'),
('b0', 5, 'G', 6, 'Normal', 'Available'),
('b0', 5, 'G', 7, 'Normal', 'Unavailable'),
('b0', 5, 'G', 8, 'Normal', 'Available'),
('b0', 5, 'G', 9, 'Normal', 'Unavailable'),
('b0', 5, 'G', 10, 'Normal', 'Available'),
('b0', 5, 'H', 1, 'Normal', 'Available'),
('b0', 5, 'H', 2, 'Normal', 'Available'),
('b0', 5, 'H', 3, 'Normal', 'Available'),
('b0', 5, 'H', 4, 'Normal', 'Unavailable'),
('b0', 5, 'H', 5, 'Normal', 'Available'),
('b0', 5, 'H', 6, 'Normal', 'Available'),
('b0', 5, 'H', 7, 'Normal', 'Available'),
('b0', 5, 'H', 8, 'Normal', 'Unavailable'),
('b0', 5, 'H', 9, 'Normal', 'Available'),
('b0', 5, 'H', 10, 'Normal', 'Unavailable'),
('b0', 5, 'I', 1, 'Normal', 'Available'),
('b0', 5, 'I', 2, 'Normal', 'Unavailable'),
('b0', 5, 'I', 3, 'Normal', 'Available'),
('b0', 5, 'I', 4, 'Normal', 'Unavailable'),
('b0', 5, 'I', 5, 'Normal', 'Available'),
('b0', 5, 'I', 6, 'Normal', 'Unavailable'),
('b0', 5, 'I', 7, 'Normal', 'Available'),
('b0', 5, 'I', 8, 'Normal', 'Unavailable'),
('b0', 5, 'I', 9, 'Normal', 'Unavailable'),
('b0', 5, 'I', 10, 'Normal', 'Unavailable'),
('b0', 5, 'J', 1, 'Normal', 'Available'),
('b0', 5, 'J', 2, 'Normal', 'Available'),
('b0', 5, 'J', 3, 'Normal', 'Unavailable'),
('b0', 5, 'J', 4, 'Normal', 'Available'),
('b0', 5, 'J', 5, 'Normal', 'Available'),
('b0', 5, 'J', 6, 'Normal', 'Available'),
('b0', 5, 'J', 7, 'Normal', 'Available'),
('b0', 5, 'J', 8, 'Normal', 'Unavailable'),
('b0', 5, 'J', 9, 'Normal', 'Available'),
('b0', 5, 'J', 10, 'Normal', 'Available'),
('b1', 1, 'A', 1, 'Normal', 'Unavailable'),
('b1', 1, 'A', 2, 'Normal', 'Unavailable'),
('b1', 1, 'A', 3, 'Normal', 'Unavailable'),
('b1', 1, 'A', 4, 'Normal', 'Unavailable'),
('b1', 1, 'A', 5, 'Normal', 'Unavailable'),
('b1', 1, 'A', 6, 'Normal', 'Available'),
('b1', 1, 'A', 7, 'Normal', 'Unavailable'),
('b1', 1, 'A', 8, 'Normal', 'Unavailable'),
('b1', 1, 'A', 9, 'Normal', 'Unavailable'),
('b1', 1, 'A', 10, 'Normal', 'Unavailable'),
('b1', 1, 'B', 1, 'Normal', 'Unavailable'),
('b1', 1, 'B', 2, 'Normal', 'Available'),
('b1', 1, 'B', 3, 'Normal', 'Available'),
('b1', 1, 'B', 4, 'Normal', 'Unavailable'),
('b1', 1, 'B', 5, 'Normal', 'Unavailable'),
('b1', 1, 'B', 6, 'Normal', 'Unavailable'),
('b1', 1, 'B', 7, 'Normal', 'Available'),
('b1', 1, 'B', 8, 'Normal', 'Available'),
('b1', 1, 'B', 9, 'Normal', 'Unavailable'),
('b1', 1, 'B', 10, 'Normal', 'Available'),
('b1', 1, 'C', 1, 'Normal', 'Available'),
('b1', 1, 'C', 2, 'Normal', 'Unavailable'),
('b1', 1, 'C', 3, 'Normal', 'Unavailable'),
('b1', 1, 'C', 4, 'Normal', 'Unavailable'),
('b1', 1, 'C', 5, 'Normal', 'Available'),
('b1', 1, 'C', 6, 'Normal', 'Unavailable'),
('b1', 1, 'C', 7, 'Normal', 'Unavailable'),
('b1', 1, 'C', 8, 'Normal', 'Available'),
('b1', 1, 'C', 9, 'Normal', 'Available'),
('b1', 1, 'C', 10, 'Normal', 'Available'),
('b1', 1, 'D', 1, 'Normal', 'Available'),
('b1', 1, 'D', 2, 'Normal', 'Available'),
('b1', 1, 'D', 3, 'Normal', 'Unavailable'),
('b1', 1, 'D', 4, 'VIP', 'Available'),
('b1', 1, 'D', 5, 'VIP', 'Unavailable'),
('b1', 1, 'D', 6, 'VIP', 'Unavailable'),
('b1', 1, 'D', 7, 'Normal', 'Unavailable'),
('b1', 1, 'D', 8, 'Normal', 'Available'),
('b1', 1, 'D', 9, 'Normal', 'Unavailable'),
('b1', 1, 'D', 10, 'Normal', 'Unavailable'),
('b1', 1, 'E', 1, 'Normal', 'Unavailable'),
('b1', 1, 'E', 2, 'Normal', 'Available'),
('b1', 1, 'E', 3, 'Normal', 'Unavailable'),
('b1', 1, 'E', 4, 'VIP', 'Unavailable'),
('b1', 1, 'E', 5, 'VIP', 'Unavailable'),
('b1', 1, 'E', 6, 'VIP', 'Unavailable'),
('b1', 1, 'E', 7, 'Normal', 'Unavailable'),
('b1', 1, 'E', 8, 'Normal', 'Unavailable'),
('b1', 1, 'E', 9, 'Normal', 'Unavailable'),
('b1', 1, 'E', 10, 'Normal', 'Unavailable'),
('b1', 1, 'F', 1, 'Normal', 'Available'),
('b1', 1, 'F', 2, 'Normal', 'Available'),
('b1', 1, 'F', 3, 'Normal', 'Unavailable'),
('b1', 1, 'F', 4, 'VIP', 'Unavailable'),
('b1', 1, 'F', 5, 'VIP', 'Available'),
('b1', 1, 'F', 6, 'VIP', 'Unavailable'),
('b1', 1, 'F', 7, 'Normal', 'Available'),
('b1', 1, 'F', 8, 'Normal', 'Unavailable'),
('b1', 1, 'F', 9, 'Normal', 'Available'),
('b1', 1, 'F', 10, 'Normal', 'Available'),
('b1', 1, 'G', 1, 'Normal', 'Unavailable'),
('b1', 1, 'G', 2, 'Normal', 'Unavailable'),
('b1', 1, 'G', 3, 'Normal', 'Unavailable'),
('b1', 1, 'G', 4, 'Normal', 'Unavailable'),
('b1', 1, 'G', 5, 'Normal', 'Unavailable'),
('b1', 1, 'G', 6, 'Normal', 'Unavailable'),
('b1', 1, 'G', 7, 'Normal', 'Unavailable'),
('b1', 1, 'G', 8, 'Normal', 'Unavailable'),
('b1', 1, 'G', 9, 'Normal', 'Unavailable'),
('b1', 1, 'G', 10, 'Normal', 'Available'),
('b1', 1, 'H', 1, 'Normal', 'Unavailable'),
('b1', 1, 'H', 2, 'Normal', 'Available'),
('b1', 1, 'H', 3, 'Normal', 'Available'),
('b1', 1, 'H', 4, 'Normal', 'Unavailable'),
('b1', 1, 'H', 5, 'Normal', 'Unavailable'),
('b1', 1, 'H', 6, 'Normal', 'Unavailable'),
('b1', 1, 'H', 7, 'Normal', 'Unavailable'),
('b1', 1, 'H', 8, 'Normal', 'Available'),
('b1', 1, 'H', 9, 'Normal', 'Available'),
('b1', 1, 'H', 10, 'Normal', 'Unavailable'),
('b1', 1, 'I', 1, 'Normal', 'Unavailable'),
('b1', 1, 'I', 2, 'Normal', 'Unavailable'),
('b1', 1, 'I', 3, 'Normal', 'Unavailable'),
('b1', 1, 'I', 4, 'Normal', 'Unavailable'),
('b1', 1, 'I', 5, 'Normal', 'Unavailable'),
('b1', 1, 'I', 6, 'Normal', 'Available'),
('b1', 1, 'I', 7, 'Normal', 'Available'),
('b1', 1, 'I', 8, 'Normal', 'Unavailable'),
('b1', 1, 'I', 9, 'Normal', 'Available'),
('b1', 1, 'I', 10, 'Normal', 'Available'),
('b1', 1, 'J', 1, 'Normal', 'Available'),
('b1', 1, 'J', 2, 'Normal', 'Available'),
('b1', 1, 'J', 3, 'Normal', 'Available'),
('b1', 1, 'J', 4, 'Normal', 'Unavailable'),
('b1', 1, 'J', 5, 'Normal', 'Unavailable'),
('b1', 1, 'J', 6, 'Normal', 'Available'),
('b1', 1, 'J', 7, 'Normal', 'Available'),
('b1', 1, 'J', 8, 'Normal', 'Available'),
('b1', 1, 'J', 9, 'Normal', 'Unavailable'),
('b1', 1, 'J', 10, 'Normal', 'Available'),
('b1', 2, 'A', 1, 'Normal', 'Unavailable'),
('b1', 2, 'A', 2, 'Normal', 'Available'),
('b1', 2, 'A', 3, 'Normal', 'Available'),
('b1', 2, 'A', 4, 'Normal', 'Available'),
('b1', 2, 'A', 5, 'Normal', 'Unavailable'),
('b1', 2, 'A', 6, 'Normal', 'Available'),
('b1', 2, 'A', 7, 'Normal', 'Available'),
('b1', 2, 'A', 8, 'Normal', 'Available'),
('b1', 2, 'A', 9, 'Normal', 'Available'),
('b1', 2, 'A', 10, 'Normal', 'Available'),
('b1', 2, 'B', 1, 'Normal', 'Available'),
('b1', 2, 'B', 2, 'Normal', 'Unavailable'),
('b1', 2, 'B', 3, 'Normal', 'Available'),
('b1', 2, 'B', 4, 'Normal', 'Available'),
('b1', 2, 'B', 5, 'Normal', 'Available'),
('b1', 2, 'B', 6, 'Normal', 'Available'),
('b1', 2, 'B', 7, 'Normal', 'Available'),
('b1', 2, 'B', 8, 'Normal', 'Unavailable'),
('b1', 2, 'B', 9, 'Normal', 'Available'),
('b1', 2, 'B', 10, 'Normal', 'Available'),
('b1', 2, 'C', 1, 'Normal', 'Unavailable'),
('b1', 2, 'C', 2, 'Normal', 'Available'),
('b1', 2, 'C', 3, 'Normal', 'Unavailable'),
('b1', 2, 'C', 4, 'Normal', 'Available'),
('b1', 2, 'C', 5, 'Normal', 'Unavailable'),
('b1', 2, 'C', 6, 'Normal', 'Unavailable'),
('b1', 2, 'C', 7, 'Normal', 'Available'),
('b1', 2, 'C', 8, 'Normal', 'Available'),
('b1', 2, 'C', 9, 'Normal', 'Available'),
('b1', 2, 'C', 10, 'Normal', 'Unavailable'),
('b1', 2, 'D', 1, 'Normal', 'Available'),
('b1', 2, 'D', 2, 'Normal', 'Unavailable'),
('b1', 2, 'D', 3, 'Normal', 'Available'),
('b1', 2, 'D', 4, 'VIP', 'Unavailable'),
('b1', 2, 'D', 5, 'VIP', 'Unavailable'),
('b1', 2, 'D', 6, 'VIP', 'Unavailable'),
('b1', 2, 'D', 7, 'Normal', 'Unavailable'),
('b1', 2, 'D', 8, 'Normal', 'Available'),
('b1', 2, 'D', 9, 'Normal', 'Unavailable'),
('b1', 2, 'D', 10, 'Normal', 'Available'),
('b1', 2, 'E', 1, 'Normal', 'Unavailable'),
('b1', 2, 'E', 2, 'Normal', 'Available'),
('b1', 2, 'E', 3, 'Normal', 'Available'),
('b1', 2, 'E', 4, 'VIP', 'Unavailable'),
('b1', 2, 'E', 5, 'VIP', 'Available'),
('b1', 2, 'E', 6, 'VIP', 'Unavailable'),
('b1', 2, 'E', 7, 'Normal', 'Unavailable'),
('b1', 2, 'E', 8, 'Normal', 'Available'),
('b1', 2, 'E', 9, 'Normal', 'Available'),
('b1', 2, 'E', 10, 'Normal', 'Available'),
('b1', 2, 'F', 1, 'Normal', 'Unavailable'),
('b1', 2, 'F', 2, 'Normal', 'Available'),
('b1', 2, 'F', 3, 'Normal', 'Unavailable'),
('b1', 2, 'F', 4, 'VIP', 'Available'),
('b1', 2, 'F', 5, 'VIP', 'Available'),
('b1', 2, 'F', 6, 'VIP', 'Unavailable'),
('b1', 2, 'F', 7, 'Normal', 'Unavailable'),
('b1', 2, 'F', 8, 'Normal', 'Unavailable'),
('b1', 2, 'F', 9, 'Normal', 'Unavailable'),
('b1', 2, 'F', 10, 'Normal', 'Available'),
('b1', 2, 'G', 1, 'Normal', 'Unavailable'),
('b1', 2, 'G', 2, 'Normal', 'Unavailable'),
('b1', 2, 'G', 3, 'Normal', 'Unavailable'),
('b1', 2, 'G', 4, 'Normal', 'Unavailable'),
('b1', 2, 'G', 5, 'Normal', 'Available'),
('b1', 2, 'G', 6, 'Normal', 'Available'),
('b1', 2, 'G', 7, 'Normal', 'Available'),
('b1', 2, 'G', 8, 'Normal', 'Unavailable'),
('b1', 2, 'G', 9, 'Normal', 'Unavailable'),
('b1', 2, 'G', 10, 'Normal', 'Available'),
('b1', 2, 'H', 1, 'Normal', 'Available'),
('b1', 2, 'H', 2, 'Normal', 'Unavailable'),
('b1', 2, 'H', 3, 'Normal', 'Available'),
('b1', 2, 'H', 4, 'Normal', 'Unavailable'),
('b1', 2, 'H', 5, 'Normal', 'Unavailable'),
('b1', 2, 'H', 6, 'Normal', 'Available'),
('b1', 2, 'H', 7, 'Normal', 'Available'),
('b1', 2, 'H', 8, 'Normal', 'Unavailable'),
('b1', 2, 'H', 9, 'Normal', 'Unavailable'),
('b1', 2, 'H', 10, 'Normal', 'Available'),
('b1', 2, 'I', 1, 'Normal', 'Unavailable'),
('b1', 2, 'I', 2, 'Normal', 'Unavailable'),
('b1', 2, 'I', 3, 'Normal', 'Available'),
('b1', 2, 'I', 4, 'Normal', 'Available'),
('b1', 2, 'I', 5, 'Normal', 'Available'),
('b1', 2, 'I', 6, 'Normal', 'Available'),
('b1', 2, 'I', 7, 'Normal', 'Unavailable'),
('b1', 2, 'I', 8, 'Normal', 'Unavailable'),
('b1', 2, 'I', 9, 'Normal', 'Unavailable'),
('b1', 2, 'I', 10, 'Normal', 'Unavailable'),
('b1', 2, 'J', 1, 'Normal', 'Unavailable'),
('b1', 2, 'J', 2, 'Normal', 'Available'),
('b1', 2, 'J', 3, 'Normal', 'Unavailable'),
('b1', 2, 'J', 4, 'Normal', 'Unavailable'),
('b1', 2, 'J', 5, 'Normal', 'Available'),
('b1', 2, 'J', 6, 'Normal', 'Available'),
('b1', 2, 'J', 7, 'Normal', 'Available'),
('b1', 2, 'J', 8, 'Normal', 'Unavailable'),
('b1', 2, 'J', 9, 'Normal', 'Unavailable'),
('b1', 2, 'J', 10, 'Normal', 'Unavailable'),
('b1', 3, 'A', 1, 'Normal', 'Available'),
('b1', 3, 'A', 2, 'Normal', 'Unavailable'),
('b1', 3, 'A', 3, 'Normal', 'Available'),
('b1', 3, 'A', 4, 'Normal', 'Unavailable'),
('b1', 3, 'A', 5, 'Normal', 'Available'),
('b1', 3, 'A', 6, 'Normal', 'Available'),
('b1', 3, 'A', 7, 'Normal', 'Unavailable'),
('b1', 3, 'A', 8, 'Normal', 'Available'),
('b1', 3, 'A', 9, 'Normal', 'Available'),
('b1', 3, 'A', 10, 'Normal', 'Available'),
('b1', 3, 'B', 1, 'Normal', 'Available'),
('b1', 3, 'B', 2, 'Normal', 'Available'),
('b1', 3, 'B', 3, 'Normal', 'Unavailable'),
('b1', 3, 'B', 4, 'Normal', 'Available'),
('b1', 3, 'B', 5, 'Normal', 'Unavailable'),
('b1', 3, 'B', 6, 'Normal', 'Available'),
('b1', 3, 'B', 7, 'Normal', 'Unavailable'),
('b1', 3, 'B', 8, 'Normal', 'Available'),
('b1', 3, 'B', 9, 'Normal', 'Unavailable'),
('b1', 3, 'B', 10, 'Normal', 'Unavailable'),
('b1', 3, 'C', 1, 'Normal', 'Available'),
('b1', 3, 'C', 2, 'Normal', 'Unavailable'),
('b1', 3, 'C', 3, 'Normal', 'Available'),
('b1', 3, 'C', 4, 'Normal', 'Unavailable'),
('b1', 3, 'C', 5, 'Normal', 'Unavailable'),
('b1', 3, 'C', 6, 'Normal', 'Available'),
('b1', 3, 'C', 7, 'Normal', 'Available'),
('b1', 3, 'C', 8, 'Normal', 'Unavailable'),
('b1', 3, 'C', 9, 'Normal', 'Unavailable'),
('b1', 3, 'C', 10, 'Normal', 'Unavailable'),
('b1', 3, 'D', 1, 'Normal', 'Unavailable'),
('b1', 3, 'D', 2, 'Normal', 'Unavailable'),
('b1', 3, 'D', 3, 'Normal', 'Available'),
('b1', 3, 'D', 4, 'VIP', 'Available'),
('b1', 3, 'D', 5, 'VIP', 'Unavailable'),
('b1', 3, 'D', 6, 'VIP', 'Available'),
('b1', 3, 'D', 7, 'Normal', 'Available'),
('b1', 3, 'D', 8, 'Normal', 'Available'),
('b1', 3, 'D', 9, 'Normal', 'Unavailable'),
('b1', 3, 'D', 10, 'Normal', 'Available'),
('b1', 3, 'E', 1, 'Normal', 'Unavailable'),
('b1', 3, 'E', 2, 'Normal', 'Available'),
('b1', 3, 'E', 3, 'Normal', 'Unavailable'),
('b1', 3, 'E', 4, 'VIP', 'Unavailable'),
('b1', 3, 'E', 5, 'VIP', 'Unavailable'),
('b1', 3, 'E', 6, 'VIP', 'Unavailable'),
('b1', 3, 'E', 7, 'Normal', 'Unavailable'),
('b1', 3, 'E', 8, 'Normal', 'Available'),
('b1', 3, 'E', 9, 'Normal', 'Unavailable'),
('b1', 3, 'E', 10, 'Normal', 'Unavailable'),
('b1', 3, 'F', 1, 'Normal', 'Available'),
('b1', 3, 'F', 2, 'Normal', 'Unavailable'),
('b1', 3, 'F', 3, 'Normal', 'Unavailable'),
('b1', 3, 'F', 4, 'VIP', 'Available'),
('b1', 3, 'F', 5, 'VIP', 'Available'),
('b1', 3, 'F', 6, 'VIP', 'Available'),
('b1', 3, 'F', 7, 'Normal', 'Available'),
('b1', 3, 'F', 8, 'Normal', 'Unavailable'),
('b1', 3, 'F', 9, 'Normal', 'Unavailable'),
('b1', 3, 'F', 10, 'Normal', 'Unavailable'),
('b1', 3, 'G', 1, 'Normal', 'Available'),
('b1', 3, 'G', 2, 'Normal', 'Available'),
('b1', 3, 'G', 3, 'Normal', 'Available'),
('b1', 3, 'G', 4, 'Normal', 'Available'),
('b1', 3, 'G', 5, 'Normal', 'Unavailable'),
('b1', 3, 'G', 6, 'Normal', 'Available'),
('b1', 3, 'G', 7, 'Normal', 'Available'),
('b1', 3, 'G', 8, 'Normal', 'Available'),
('b1', 3, 'G', 9, 'Normal', 'Unavailable'),
('b1', 3, 'G', 10, 'Normal', 'Unavailable'),
('b1', 3, 'H', 1, 'Normal', 'Unavailable'),
('b1', 3, 'H', 2, 'Normal', 'Unavailable'),
('b1', 3, 'H', 3, 'Normal', 'Available'),
('b1', 3, 'H', 4, 'Normal', 'Unavailable'),
('b1', 3, 'H', 5, 'Normal', 'Unavailable'),
('b1', 3, 'H', 6, 'Normal', 'Unavailable'),
('b1', 3, 'H', 7, 'Normal', 'Available'),
('b1', 3, 'H', 8, 'Normal', 'Available'),
('b1', 3, 'H', 9, 'Normal', 'Unavailable'),
('b1', 3, 'H', 10, 'Normal', 'Unavailable'),
('b1', 3, 'I', 1, 'Normal', 'Available'),
('b1', 3, 'I', 2, 'Normal', 'Available'),
('b1', 3, 'I', 3, 'Normal', 'Unavailable'),
('b1', 3, 'I', 4, 'Normal', 'Available'),
('b1', 3, 'I', 5, 'Normal', 'Available'),
('b1', 3, 'I', 6, 'Normal', 'Available'),
('b1', 3, 'I', 7, 'Normal', 'Available'),
('b1', 3, 'I', 8, 'Normal', 'Available'),
('b1', 3, 'I', 9, 'Normal', 'Available'),
('b1', 3, 'I', 10, 'Normal', 'Unavailable'),
('b1', 3, 'J', 1, 'Normal', 'Available'),
('b1', 3, 'J', 2, 'Normal', 'Unavailable'),
('b1', 3, 'J', 3, 'Normal', 'Available'),
('b1', 3, 'J', 4, 'Normal', 'Available'),
('b1', 3, 'J', 5, 'Normal', 'Available'),
('b1', 3, 'J', 6, 'Normal', 'Unavailable'),
('b1', 3, 'J', 7, 'Normal', 'Unavailable'),
('b1', 3, 'J', 8, 'Normal', 'Unavailable'),
('b1', 3, 'J', 9, 'Normal', 'Available'),
('b1', 3, 'J', 10, 'Normal', 'Available'),
('b1', 4, 'A', 1, 'Normal', 'Available'),
('b1', 4, 'A', 2, 'Normal', 'Available'),
('b1', 4, 'A', 3, 'Normal', 'Unavailable'),
('b1', 4, 'A', 4, 'Normal', 'Available'),
('b1', 4, 'A', 5, 'Normal', 'Unavailable'),
('b1', 4, 'A', 6, 'Normal', 'Available'),
('b1', 4, 'A', 7, 'Normal', 'Available'),
('b1', 4, 'A', 8, 'Normal', 'Unavailable'),
('b1', 4, 'A', 9, 'Normal', 'Unavailable'),
('b1', 4, 'A', 10, 'Normal', 'Available'),
('b1', 4, 'B', 1, 'Normal', 'Unavailable'),
('b1', 4, 'B', 2, 'Normal', 'Unavailable'),
('b1', 4, 'B', 3, 'Normal', 'Unavailable'),
('b1', 4, 'B', 4, 'Normal', 'Unavailable'),
('b1', 4, 'B', 5, 'Normal', 'Available'),
('b1', 4, 'B', 6, 'Normal', 'Unavailable'),
('b1', 4, 'B', 7, 'Normal', 'Available'),
('b1', 4, 'B', 8, 'Normal', 'Unavailable'),
('b1', 4, 'B', 9, 'Normal', 'Available'),
('b1', 4, 'B', 10, 'Normal', 'Unavailable'),
('b1', 4, 'C', 1, 'Normal', 'Available'),
('b1', 4, 'C', 2, 'Normal', 'Available'),
('b1', 4, 'C', 3, 'Normal', 'Available'),
('b1', 4, 'C', 4, 'Normal', 'Available'),
('b1', 4, 'C', 5, 'Normal', 'Unavailable'),
('b1', 4, 'C', 6, 'Normal', 'Available'),
('b1', 4, 'C', 7, 'Normal', 'Unavailable'),
('b1', 4, 'C', 8, 'Normal', 'Unavailable'),
('b1', 4, 'C', 9, 'Normal', 'Unavailable'),
('b1', 4, 'C', 10, 'Normal', 'Unavailable'),
('b1', 4, 'D', 1, 'Normal', 'Unavailable'),
('b1', 4, 'D', 2, 'Normal', 'Available'),
('b1', 4, 'D', 3, 'Normal', 'Available'),
('b1', 4, 'D', 4, 'VIP', 'Available'),
('b1', 4, 'D', 5, 'VIP', 'Unavailable'),
('b1', 4, 'D', 6, 'VIP', 'Unavailable'),
('b1', 4, 'D', 7, 'Normal', 'Unavailable'),
('b1', 4, 'D', 8, 'Normal', 'Available'),
('b1', 4, 'D', 9, 'Normal', 'Available'),
('b1', 4, 'D', 10, 'Normal', 'Available'),
('b1', 4, 'E', 1, 'Normal', 'Available'),
('b1', 4, 'E', 2, 'Normal', 'Unavailable'),
('b1', 4, 'E', 3, 'Normal', 'Available'),
('b1', 4, 'E', 4, 'VIP', 'Available'),
('b1', 4, 'E', 5, 'VIP', 'Unavailable'),
('b1', 4, 'E', 6, 'VIP', 'Available'),
('b1', 4, 'E', 7, 'Normal', 'Available'),
('b1', 4, 'E', 8, 'Normal', 'Unavailable'),
('b1', 4, 'E', 9, 'Normal', 'Available'),
('b1', 4, 'E', 10, 'Normal', 'Unavailable'),
('b1', 4, 'F', 1, 'Normal', 'Unavailable'),
('b1', 4, 'F', 2, 'Normal', 'Available'),
('b1', 4, 'F', 3, 'Normal', 'Unavailable'),
('b1', 4, 'F', 4, 'VIP', 'Available'),
('b1', 4, 'F', 5, 'VIP', 'Available'),
('b1', 4, 'F', 6, 'VIP', 'Unavailable'),
('b1', 4, 'F', 7, 'Normal', 'Available'),
('b1', 4, 'F', 8, 'Normal', 'Unavailable'),
('b1', 4, 'F', 9, 'Normal', 'Available'),
('b1', 4, 'F', 10, 'Normal', 'Available'),
('b1', 4, 'G', 1, 'Normal', 'Available'),
('b1', 4, 'G', 2, 'Normal', 'Available'),
('b1', 4, 'G', 3, 'Normal', 'Available'),
('b1', 4, 'G', 4, 'Normal', 'Available'),
('b1', 4, 'G', 5, 'Normal', 'Unavailable'),
('b1', 4, 'G', 6, 'Normal', 'Available'),
('b1', 4, 'G', 7, 'Normal', 'Available'),
('b1', 4, 'G', 8, 'Normal', 'Unavailable'),
('b1', 4, 'G', 9, 'Normal', 'Unavailable'),
('b1', 4, 'G', 10, 'Normal', 'Unavailable'),
('b1', 4, 'H', 1, 'Normal', 'Available'),
('b1', 4, 'H', 2, 'Normal', 'Available'),
('b1', 4, 'H', 3, 'Normal', 'Unavailable'),
('b1', 4, 'H', 4, 'Normal', 'Unavailable'),
('b1', 4, 'H', 5, 'Normal', 'Unavailable'),
('b1', 4, 'H', 6, 'Normal', 'Unavailable'),
('b1', 4, 'H', 7, 'Normal', 'Available'),
('b1', 4, 'H', 8, 'Normal', 'Available'),
('b1', 4, 'H', 9, 'Normal', 'Available'),
('b1', 4, 'H', 10, 'Normal', 'Available'),
('b1', 4, 'I', 1, 'Normal', 'Unavailable'),
('b1', 4, 'I', 2, 'Normal', 'Unavailable'),
('b1', 4, 'I', 3, 'Normal', 'Available'),
('b1', 4, 'I', 4, 'Normal', 'Unavailable'),
('b1', 4, 'I', 5, 'Normal', 'Available'),
('b1', 4, 'I', 6, 'Normal', 'Unavailable'),
('b1', 4, 'I', 7, 'Normal', 'Available'),
('b1', 4, 'I', 8, 'Normal', 'Unavailable'),
('b1', 4, 'I', 9, 'Normal', 'Available'),
('b1', 4, 'I', 10, 'Normal', 'Unavailable'),
('b1', 4, 'J', 1, 'Normal', 'Available'),
('b1', 4, 'J', 2, 'Normal', 'Available'),
('b1', 4, 'J', 3, 'Normal', 'Available'),
('b1', 4, 'J', 4, 'Normal', 'Unavailable'),
('b1', 4, 'J', 5, 'Normal', 'Unavailable'),
('b1', 4, 'J', 6, 'Normal', 'Available'),
('b1', 4, 'J', 7, 'Normal', 'Available'),
('b1', 4, 'J', 8, 'Normal', 'Unavailable'),
('b1', 4, 'J', 9, 'Normal', 'Available'),
('b1', 4, 'J', 10, 'Normal', 'Available'),
('b1', 5, 'A', 1, 'Normal', 'Unavailable'),
('b1', 5, 'A', 2, 'Normal', 'Available'),
('b1', 5, 'A', 3, 'Normal', 'Available'),
('b1', 5, 'A', 4, 'Normal', 'Available'),
('b1', 5, 'A', 5, 'Normal', 'Unavailable'),
('b1', 5, 'A', 6, 'Normal', 'Available'),
('b1', 5, 'A', 7, 'Normal', 'Available'),
('b1', 5, 'A', 8, 'Normal', 'Unavailable'),
('b1', 5, 'A', 9, 'Normal', 'Unavailable'),
('b1', 5, 'A', 10, 'Normal', 'Available'),
('b1', 5, 'B', 1, 'Normal', 'Unavailable'),
('b1', 5, 'B', 2, 'Normal', 'Unavailable'),
('b1', 5, 'B', 3, 'Normal', 'Available'),
('b1', 5, 'B', 4, 'Normal', 'Available'),
('b1', 5, 'B', 5, 'Normal', 'Unavailable'),
('b1', 5, 'B', 6, 'Normal', 'Unavailable'),
('b1', 5, 'B', 7, 'Normal', 'Unavailable'),
('b1', 5, 'B', 8, 'Normal', 'Unavailable'),
('b1', 5, 'B', 9, 'Normal', 'Available'),
('b1', 5, 'B', 10, 'Normal', 'Available'),
('b1', 5, 'C', 1, 'Normal', 'Available'),
('b1', 5, 'C', 2, 'Normal', 'Available'),
('b1', 5, 'C', 3, 'Normal', 'Available'),
('b1', 5, 'C', 4, 'Normal', 'Available'),
('b1', 5, 'C', 5, 'Normal', 'Unavailable'),
('b1', 5, 'C', 6, 'Normal', 'Unavailable'),
('b1', 5, 'C', 7, 'Normal', 'Unavailable'),
('b1', 5, 'C', 8, 'Normal', 'Available'),
('b1', 5, 'C', 9, 'Normal', 'Unavailable'),
('b1', 5, 'C', 10, 'Normal', 'Unavailable'),
('b1', 5, 'D', 1, 'Normal', 'Available'),
('b1', 5, 'D', 2, 'Normal', 'Available'),
('b1', 5, 'D', 3, 'Normal', 'Unavailable'),
('b1', 5, 'D', 4, 'VIP', 'Unavailable'),
('b1', 5, 'D', 5, 'VIP', 'Available'),
('b1', 5, 'D', 6, 'VIP', 'Available'),
('b1', 5, 'D', 7, 'Normal', 'Available'),
('b1', 5, 'D', 8, 'Normal', 'Available'),
('b1', 5, 'D', 9, 'Normal', 'Available'),
('b1', 5, 'D', 10, 'Normal', 'Unavailable'),
('b1', 5, 'E', 1, 'Normal', 'Unavailable'),
('b1', 5, 'E', 2, 'Normal', 'Available'),
('b1', 5, 'E', 3, 'Normal', 'Unavailable'),
('b1', 5, 'E', 4, 'VIP', 'Available'),
('b1', 5, 'E', 5, 'VIP', 'Available'),
('b1', 5, 'E', 6, 'VIP', 'Available'),
('b1', 5, 'E', 7, 'Normal', 'Unavailable'),
('b1', 5, 'E', 8, 'Normal', 'Unavailable'),
('b1', 5, 'E', 9, 'Normal', 'Unavailable'),
('b1', 5, 'E', 10, 'Normal', 'Unavailable'),
('b1', 5, 'F', 1, 'Normal', 'Unavailable'),
('b1', 5, 'F', 2, 'Normal', 'Available'),
('b1', 5, 'F', 3, 'Normal', 'Available'),
('b1', 5, 'F', 4, 'VIP', 'Available'),
('b1', 5, 'F', 5, 'VIP', 'Unavailable'),
('b1', 5, 'F', 6, 'VIP', 'Available'),
('b1', 5, 'F', 7, 'Normal', 'Unavailable'),
('b1', 5, 'F', 8, 'Normal', 'Unavailable'),
('b1', 5, 'F', 9, 'Normal', 'Available'),
('b1', 5, 'F', 10, 'Normal', 'Unavailable'),
('b1', 5, 'G', 1, 'Normal', 'Unavailable'),
('b1', 5, 'G', 2, 'Normal', 'Available'),
('b1', 5, 'G', 3, 'Normal', 'Available'),
('b1', 5, 'G', 4, 'Normal', 'Available'),
('b1', 5, 'G', 5, 'Normal', 'Unavailable'),
('b1', 5, 'G', 6, 'Normal', 'Unavailable'),
('b1', 5, 'G', 7, 'Normal', 'Available'),
('b1', 5, 'G', 8, 'Normal', 'Unavailable'),
('b1', 5, 'G', 9, 'Normal', 'Unavailable'),
('b1', 5, 'G', 10, 'Normal', 'Unavailable'),
('b1', 5, 'H', 1, 'Normal', 'Unavailable'),
('b1', 5, 'H', 2, 'Normal', 'Available'),
('b1', 5, 'H', 3, 'Normal', 'Available'),
('b1', 5, 'H', 4, 'Normal', 'Available'),
('b1', 5, 'H', 5, 'Normal', 'Unavailable'),
('b1', 5, 'H', 6, 'Normal', 'Available'),
('b1', 5, 'H', 7, 'Normal', 'Unavailable'),
('b1', 5, 'H', 8, 'Normal', 'Unavailable'),
('b1', 5, 'H', 9, 'Normal', 'Unavailable'),
('b1', 5, 'H', 10, 'Normal', 'Unavailable'),
('b1', 5, 'I', 1, 'Normal', 'Unavailable'),
('b1', 5, 'I', 2, 'Normal', 'Unavailable'),
('b1', 5, 'I', 3, 'Normal', 'Available'),
('b1', 5, 'I', 4, 'Normal', 'Available'),
('b1', 5, 'I', 5, 'Normal', 'Available'),
('b1', 5, 'I', 6, 'Normal', 'Available'),
('b1', 5, 'I', 7, 'Normal', 'Available'),
('b1', 5, 'I', 8, 'Normal', 'Unavailable'),
('b1', 5, 'I', 9, 'Normal', 'Unavailable'),
('b1', 5, 'I', 10, 'Normal', 'Unavailable'),
('b1', 5, 'J', 1, 'Normal', 'Available'),
('b1', 5, 'J', 2, 'Normal', 'Unavailable'),
('b1', 5, 'J', 3, 'Normal', 'Unavailable'),
('b1', 5, 'J', 4, 'Normal', 'Unavailable'),
('b1', 5, 'J', 5, 'Normal', 'Unavailable'),
('b1', 5, 'J', 6, 'Normal', 'Unavailable'),
('b1', 5, 'J', 7, 'Normal', 'Available'),
('b1', 5, 'J', 8, 'Normal', 'Unavailable'),
('b1', 5, 'J', 9, 'Normal', 'Unavailable'),
('b1', 5, 'J', 10, 'Normal', 'Unavailable'),
('b2', 1, 'A', 1, 'Normal', 'Available'),
('b2', 1, 'A', 2, 'Normal', 'Unavailable'),
('b2', 1, 'A', 3, 'Normal', 'Available'),
('b2', 1, 'A', 4, 'Normal', 'Available'),
('b2', 1, 'A', 5, 'Normal', 'Unavailable'),
('b2', 1, 'A', 6, 'Normal', 'Available'),
('b2', 1, 'A', 7, 'Normal', 'Available'),
('b2', 1, 'A', 8, 'Normal', 'Unavailable'),
('b2', 1, 'A', 9, 'Normal', 'Available'),
('b2', 1, 'A', 10, 'Normal', 'Available'),
('b2', 1, 'B', 1, 'Normal', 'Available'),
('b2', 1, 'B', 2, 'Normal', 'Unavailable'),
('b2', 1, 'B', 3, 'Normal', 'Available'),
('b2', 1, 'B', 4, 'Normal', 'Unavailable'),
('b2', 1, 'B', 5, 'Normal', 'Available'),
('b2', 1, 'B', 6, 'Normal', 'Unavailable'),
('b2', 1, 'B', 7, 'Normal', 'Unavailable'),
('b2', 1, 'B', 8, 'Normal', 'Available'),
('b2', 1, 'B', 9, 'Normal', 'Unavailable'),
('b2', 1, 'B', 10, 'Normal', 'Available'),
('b2', 1, 'C', 1, 'Normal', 'Unavailable'),
('b2', 1, 'C', 2, 'Normal', 'Unavailable'),
('b2', 1, 'C', 3, 'Normal', 'Unavailable'),
('b2', 1, 'C', 4, 'Normal', 'Unavailable'),
('b2', 1, 'C', 5, 'Normal', 'Unavailable'),
('b2', 1, 'C', 6, 'Normal', 'Available'),
('b2', 1, 'C', 7, 'Normal', 'Available'),
('b2', 1, 'C', 8, 'Normal', 'Available'),
('b2', 1, 'C', 9, 'Normal', 'Unavailable'),
('b2', 1, 'C', 10, 'Normal', 'Available'),
('b2', 1, 'D', 1, 'Normal', 'Unavailable'),
('b2', 1, 'D', 2, 'Normal', 'Unavailable'),
('b2', 1, 'D', 3, 'Normal', 'Unavailable'),
('b2', 1, 'D', 4, 'VIP', 'Available'),
('b2', 1, 'D', 5, 'VIP', 'Unavailable'),
('b2', 1, 'D', 6, 'VIP', 'Available'),
('b2', 1, 'D', 7, 'Normal', 'Available'),
('b2', 1, 'D', 8, 'Normal', 'Available'),
('b2', 1, 'D', 9, 'Normal', 'Unavailable'),
('b2', 1, 'D', 10, 'Normal', 'Unavailable'),
('b2', 1, 'E', 1, 'Normal', 'Unavailable'),
('b2', 1, 'E', 2, 'Normal', 'Available'),
('b2', 1, 'E', 3, 'Normal', 'Available'),
('b2', 1, 'E', 4, 'VIP', 'Available'),
('b2', 1, 'E', 5, 'VIP', 'Available'),
('b2', 1, 'E', 6, 'VIP', 'Available'),
('b2', 1, 'E', 7, 'Normal', 'Available'),
('b2', 1, 'E', 8, 'Normal', 'Unavailable'),
('b2', 1, 'E', 9, 'Normal', 'Available'),
('b2', 1, 'E', 10, 'Normal', 'Unavailable'),
('b2', 1, 'F', 1, 'Normal', 'Available'),
('b2', 1, 'F', 2, 'Normal', 'Unavailable'),
('b2', 1, 'F', 3, 'Normal', 'Available'),
('b2', 1, 'F', 4, 'VIP', 'Available'),
('b2', 1, 'F', 5, 'VIP', 'Unavailable'),
('b2', 1, 'F', 6, 'VIP', 'Available'),
('b2', 1, 'F', 7, 'Normal', 'Unavailable'),
('b2', 1, 'F', 8, 'Normal', 'Unavailable'),
('b2', 1, 'F', 9, 'Normal', 'Available'),
('b2', 1, 'F', 10, 'Normal', 'Available'),
('b2', 1, 'G', 1, 'Normal', 'Unavailable'),
('b2', 1, 'G', 2, 'Normal', 'Unavailable'),
('b2', 1, 'G', 3, 'Normal', 'Available'),
('b2', 1, 'G', 4, 'Normal', 'Available'),
('b2', 1, 'G', 5, 'Normal', 'Unavailable'),
('b2', 1, 'G', 6, 'Normal', 'Available'),
('b2', 1, 'G', 7, 'Normal', 'Available'),
('b2', 1, 'G', 8, 'Normal', 'Unavailable'),
('b2', 1, 'G', 9, 'Normal', 'Unavailable'),
('b2', 1, 'G', 10, 'Normal', 'Available'),
('b2', 1, 'H', 1, 'Normal', 'Available'),
('b2', 1, 'H', 2, 'Normal', 'Unavailable'),
('b2', 1, 'H', 3, 'Normal', 'Unavailable'),
('b2', 1, 'H', 4, 'Normal', 'Unavailable'),
('b2', 1, 'H', 5, 'Normal', 'Available'),
('b2', 1, 'H', 6, 'Normal', 'Unavailable'),
('b2', 1, 'H', 7, 'Normal', 'Available'),
('b2', 1, 'H', 8, 'Normal', 'Available'),
('b2', 1, 'H', 9, 'Normal', 'Unavailable'),
('b2', 1, 'H', 10, 'Normal', 'Unavailable'),
('b2', 1, 'I', 1, 'Normal', 'Available'),
('b2', 1, 'I', 2, 'Normal', 'Available'),
('b2', 1, 'I', 3, 'Normal', 'Unavailable'),
('b2', 1, 'I', 4, 'Normal', 'Available'),
('b2', 1, 'I', 5, 'Normal', 'Unavailable'),
('b2', 1, 'I', 6, 'Normal', 'Unavailable'),
('b2', 1, 'I', 7, 'Normal', 'Available'),
('b2', 1, 'I', 8, 'Normal', 'Available'),
('b2', 1, 'I', 9, 'Normal', 'Unavailable'),
('b2', 1, 'I', 10, 'Normal', 'Unavailable'),
('b2', 1, 'J', 1, 'Normal', 'Available'),
('b2', 1, 'J', 2, 'Normal', 'Unavailable'),
('b2', 1, 'J', 3, 'Normal', 'Available'),
('b2', 1, 'J', 4, 'Normal', 'Unavailable'),
('b2', 1, 'J', 5, 'Normal', 'Available'),
('b2', 1, 'J', 6, 'Normal', 'Unavailable'),
('b2', 1, 'J', 7, 'Normal', 'Unavailable'),
('b2', 1, 'J', 8, 'Normal', 'Available'),
('b2', 1, 'J', 9, 'Normal', 'Available'),
('b2', 1, 'J', 10, 'Normal', 'Unavailable'),
('b2', 2, 'A', 1, 'Normal', 'Available'),
('b2', 2, 'A', 2, 'Normal', 'Available'),
('b2', 2, 'A', 3, 'Normal', 'Available'),
('b2', 2, 'A', 4, 'Normal', 'Unavailable'),
('b2', 2, 'A', 5, 'Normal', 'Available'),
('b2', 2, 'A', 6, 'Normal', 'Available'),
('b2', 2, 'A', 7, 'Normal', 'Available'),
('b2', 2, 'A', 8, 'Normal', 'Available'),
('b2', 2, 'A', 9, 'Normal', 'Unavailable'),
('b2', 2, 'A', 10, 'Normal', 'Available'),
('b2', 2, 'B', 1, 'Normal', 'Unavailable'),
('b2', 2, 'B', 2, 'Normal', 'Available'),
('b2', 2, 'B', 3, 'Normal', 'Unavailable'),
('b2', 2, 'B', 4, 'Normal', 'Available'),
('b2', 2, 'B', 5, 'Normal', 'Unavailable'),
('b2', 2, 'B', 6, 'Normal', 'Unavailable'),
('b2', 2, 'B', 7, 'Normal', 'Unavailable'),
('b2', 2, 'B', 8, 'Normal', 'Unavailable'),
('b2', 2, 'B', 9, 'Normal', 'Available'),
('b2', 2, 'B', 10, 'Normal', 'Unavailable'),
('b2', 2, 'C', 1, 'Normal', 'Available'),
('b2', 2, 'C', 2, 'Normal', 'Available'),
('b2', 2, 'C', 3, 'Normal', 'Available'),
('b2', 2, 'C', 4, 'Normal', 'Unavailable'),
('b2', 2, 'C', 5, 'Normal', 'Unavailable'),
('b2', 2, 'C', 6, 'Normal', 'Available'),
('b2', 2, 'C', 7, 'Normal', 'Unavailable'),
('b2', 2, 'C', 8, 'Normal', 'Available'),
('b2', 2, 'C', 9, 'Normal', 'Available'),
('b2', 2, 'C', 10, 'Normal', 'Available'),
('b2', 2, 'D', 1, 'Normal', 'Available'),
('b2', 2, 'D', 2, 'Normal', 'Available'),
('b2', 2, 'D', 3, 'Normal', 'Available'),
('b2', 2, 'D', 4, 'VIP', 'Unavailable'),
('b2', 2, 'D', 5, 'VIP', 'Unavailable'),
('b2', 2, 'D', 6, 'VIP', 'Available'),
('b2', 2, 'D', 7, 'Normal', 'Unavailable'),
('b2', 2, 'D', 8, 'Normal', 'Available'),
('b2', 2, 'D', 9, 'Normal', 'Unavailable'),
('b2', 2, 'D', 10, 'Normal', 'Available'),
('b2', 2, 'E', 1, 'Normal', 'Available'),
('b2', 2, 'E', 2, 'Normal', 'Available'),
('b2', 2, 'E', 3, 'Normal', 'Available'),
('b2', 2, 'E', 4, 'VIP', 'Available'),
('b2', 2, 'E', 5, 'VIP', 'Unavailable'),
('b2', 2, 'E', 6, 'VIP', 'Unavailable'),
('b2', 2, 'E', 7, 'Normal', 'Unavailable'),
('b2', 2, 'E', 8, 'Normal', 'Available'),
('b2', 2, 'E', 9, 'Normal', 'Available'),
('b2', 2, 'E', 10, 'Normal', 'Unavailable'),
('b2', 2, 'F', 1, 'Normal', 'Available'),
('b2', 2, 'F', 2, 'Normal', 'Available'),
('b2', 2, 'F', 3, 'Normal', 'Unavailable'),
('b2', 2, 'F', 4, 'VIP', 'Available'),
('b2', 2, 'F', 5, 'VIP', 'Available'),
('b2', 2, 'F', 6, 'VIP', 'Available'),
('b2', 2, 'F', 7, 'Normal', 'Available'),
('b2', 2, 'F', 8, 'Normal', 'Unavailable'),
('b2', 2, 'F', 9, 'Normal', 'Available'),
('b2', 2, 'F', 10, 'Normal', 'Available'),
('b2', 2, 'G', 1, 'Normal', 'Available'),
('b2', 2, 'G', 2, 'Normal', 'Unavailable'),
('b2', 2, 'G', 3, 'Normal', 'Available'),
('b2', 2, 'G', 4, 'Normal', 'Unavailable'),
('b2', 2, 'G', 5, 'Normal', 'Unavailable'),
('b2', 2, 'G', 6, 'Normal', 'Available'),
('b2', 2, 'G', 7, 'Normal', 'Available'),
('b2', 2, 'G', 8, 'Normal', 'Available'),
('b2', 2, 'G', 9, 'Normal', 'Unavailable'),
('b2', 2, 'G', 10, 'Normal', 'Unavailable'),
('b2', 2, 'H', 1, 'Normal', 'Available'),
('b2', 2, 'H', 2, 'Normal', 'Available'),
('b2', 2, 'H', 3, 'Normal', 'Available'),
('b2', 2, 'H', 4, 'Normal', 'Unavailable'),
('b2', 2, 'H', 5, 'Normal', 'Unavailable'),
('b2', 2, 'H', 6, 'Normal', 'Available'),
('b2', 2, 'H', 7, 'Normal', 'Available'),
('b2', 2, 'H', 8, 'Normal', 'Unavailable'),
('b2', 2, 'H', 9, 'Normal', 'Unavailable'),
('b2', 2, 'H', 10, 'Normal', 'Available'),
('b2', 2, 'I', 1, 'Normal', 'Available'),
('b2', 2, 'I', 2, 'Normal', 'Available'),
('b2', 2, 'I', 3, 'Normal', 'Available'),
('b2', 2, 'I', 4, 'Normal', 'Available'),
('b2', 2, 'I', 5, 'Normal', 'Available'),
('b2', 2, 'I', 6, 'Normal', 'Available'),
('b2', 2, 'I', 7, 'Normal', 'Unavailable'),
('b2', 2, 'I', 8, 'Normal', 'Available'),
('b2', 2, 'I', 9, 'Normal', 'Unavailable'),
('b2', 2, 'I', 10, 'Normal', 'Available'),
('b2', 2, 'J', 1, 'Normal', 'Available'),
('b2', 2, 'J', 2, 'Normal', 'Available'),
('b2', 2, 'J', 3, 'Normal', 'Unavailable'),
('b2', 2, 'J', 4, 'Normal', 'Available'),
('b2', 2, 'J', 5, 'Normal', 'Unavailable'),
('b2', 2, 'J', 6, 'Normal', 'Unavailable'),
('b2', 2, 'J', 7, 'Normal', 'Unavailable'),
('b2', 2, 'J', 8, 'Normal', 'Unavailable'),
('b2', 2, 'J', 9, 'Normal', 'Unavailable'),
('b2', 2, 'J', 10, 'Normal', 'Available'),
('b2', 3, 'A', 1, 'Normal', 'Available'),
('b2', 3, 'A', 2, 'Normal', 'Unavailable'),
('b2', 3, 'A', 3, 'Normal', 'Available'),
('b2', 3, 'A', 4, 'Normal', 'Available'),
('b2', 3, 'A', 5, 'Normal', 'Unavailable'),
('b2', 3, 'A', 6, 'Normal', 'Unavailable'),
('b2', 3, 'A', 7, 'Normal', 'Available'),
('b2', 3, 'A', 8, 'Normal', 'Unavailable'),
('b2', 3, 'A', 9, 'Normal', 'Available'),
('b2', 3, 'A', 10, 'Normal', 'Unavailable'),
('b2', 3, 'B', 1, 'Normal', 'Unavailable'),
('b2', 3, 'B', 2, 'Normal', 'Unavailable'),
('b2', 3, 'B', 3, 'Normal', 'Unavailable'),
('b2', 3, 'B', 4, 'Normal', 'Available'),
('b2', 3, 'B', 5, 'Normal', 'Available'),
('b2', 3, 'B', 6, 'Normal', 'Unavailable'),
('b2', 3, 'B', 7, 'Normal', 'Available'),
('b2', 3, 'B', 8, 'Normal', 'Available'),
('b2', 3, 'B', 9, 'Normal', 'Unavailable'),
('b2', 3, 'B', 10, 'Normal', 'Unavailable'),
('b2', 3, 'C', 1, 'Normal', 'Available'),
('b2', 3, 'C', 2, 'Normal', 'Available');
INSERT INTO `seat` (`Branch_code`, `Number`, `Row_index`, `Col_index`, `Type`, `State`) VALUES
('b2', 3, 'C', 3, 'Normal', 'Unavailable'),
('b2', 3, 'C', 4, 'Normal', 'Available'),
('b2', 3, 'C', 5, 'Normal', 'Unavailable'),
('b2', 3, 'C', 6, 'Normal', 'Unavailable'),
('b2', 3, 'C', 7, 'Normal', 'Available'),
('b2', 3, 'C', 8, 'Normal', 'Available'),
('b2', 3, 'C', 9, 'Normal', 'Unavailable'),
('b2', 3, 'C', 10, 'Normal', 'Available'),
('b2', 3, 'D', 1, 'Normal', 'Unavailable'),
('b2', 3, 'D', 2, 'Normal', 'Available'),
('b2', 3, 'D', 3, 'Normal', 'Available'),
('b2', 3, 'D', 4, 'VIP', 'Unavailable'),
('b2', 3, 'D', 5, 'VIP', 'Unavailable'),
('b2', 3, 'D', 6, 'VIP', 'Available'),
('b2', 3, 'D', 7, 'Normal', 'Available'),
('b2', 3, 'D', 8, 'Normal', 'Unavailable'),
('b2', 3, 'D', 9, 'Normal', 'Available'),
('b2', 3, 'D', 10, 'Normal', 'Available'),
('b2', 3, 'E', 1, 'Normal', 'Available'),
('b2', 3, 'E', 2, 'Normal', 'Available'),
('b2', 3, 'E', 3, 'Normal', 'Unavailable'),
('b2', 3, 'E', 4, 'VIP', 'Unavailable'),
('b2', 3, 'E', 5, 'VIP', 'Available'),
('b2', 3, 'E', 6, 'VIP', 'Available'),
('b2', 3, 'E', 7, 'Normal', 'Available'),
('b2', 3, 'E', 8, 'Normal', 'Unavailable'),
('b2', 3, 'E', 9, 'Normal', 'Available'),
('b2', 3, 'E', 10, 'Normal', 'Available'),
('b2', 3, 'F', 1, 'Normal', 'Available'),
('b2', 3, 'F', 2, 'Normal', 'Available'),
('b2', 3, 'F', 3, 'Normal', 'Unavailable'),
('b2', 3, 'F', 4, 'VIP', 'Unavailable'),
('b2', 3, 'F', 5, 'VIP', 'Unavailable'),
('b2', 3, 'F', 6, 'VIP', 'Unavailable'),
('b2', 3, 'F', 7, 'Normal', 'Available'),
('b2', 3, 'F', 8, 'Normal', 'Available'),
('b2', 3, 'F', 9, 'Normal', 'Available'),
('b2', 3, 'F', 10, 'Normal', 'Unavailable'),
('b2', 3, 'G', 1, 'Normal', 'Unavailable'),
('b2', 3, 'G', 2, 'Normal', 'Unavailable'),
('b2', 3, 'G', 3, 'Normal', 'Available'),
('b2', 3, 'G', 4, 'Normal', 'Unavailable'),
('b2', 3, 'G', 5, 'Normal', 'Unavailable'),
('b2', 3, 'G', 6, 'Normal', 'Unavailable'),
('b2', 3, 'G', 7, 'Normal', 'Available'),
('b2', 3, 'G', 8, 'Normal', 'Unavailable'),
('b2', 3, 'G', 9, 'Normal', 'Available'),
('b2', 3, 'G', 10, 'Normal', 'Available'),
('b2', 3, 'H', 1, 'Normal', 'Available'),
('b2', 3, 'H', 2, 'Normal', 'Available'),
('b2', 3, 'H', 3, 'Normal', 'Available'),
('b2', 3, 'H', 4, 'Normal', 'Available'),
('b2', 3, 'H', 5, 'Normal', 'Available'),
('b2', 3, 'H', 6, 'Normal', 'Unavailable'),
('b2', 3, 'H', 7, 'Normal', 'Unavailable'),
('b2', 3, 'H', 8, 'Normal', 'Unavailable'),
('b2', 3, 'H', 9, 'Normal', 'Available'),
('b2', 3, 'H', 10, 'Normal', 'Available'),
('b2', 3, 'I', 1, 'Normal', 'Available'),
('b2', 3, 'I', 2, 'Normal', 'Unavailable'),
('b2', 3, 'I', 3, 'Normal', 'Available'),
('b2', 3, 'I', 4, 'Normal', 'Unavailable'),
('b2', 3, 'I', 5, 'Normal', 'Unavailable'),
('b2', 3, 'I', 6, 'Normal', 'Available'),
('b2', 3, 'I', 7, 'Normal', 'Available'),
('b2', 3, 'I', 8, 'Normal', 'Unavailable'),
('b2', 3, 'I', 9, 'Normal', 'Available'),
('b2', 3, 'I', 10, 'Normal', 'Unavailable'),
('b2', 3, 'J', 1, 'Normal', 'Unavailable'),
('b2', 3, 'J', 2, 'Normal', 'Available'),
('b2', 3, 'J', 3, 'Normal', 'Unavailable'),
('b2', 3, 'J', 4, 'Normal', 'Unavailable'),
('b2', 3, 'J', 5, 'Normal', 'Available'),
('b2', 3, 'J', 6, 'Normal', 'Available'),
('b2', 3, 'J', 7, 'Normal', 'Unavailable'),
('b2', 3, 'J', 8, 'Normal', 'Available'),
('b2', 3, 'J', 9, 'Normal', 'Available'),
('b2', 3, 'J', 10, 'Normal', 'Available'),
('b2', 4, 'A', 1, 'Normal', 'Available'),
('b2', 4, 'A', 2, 'Normal', 'Unavailable'),
('b2', 4, 'A', 3, 'Normal', 'Unavailable'),
('b2', 4, 'A', 4, 'Normal', 'Unavailable'),
('b2', 4, 'A', 5, 'Normal', 'Unavailable'),
('b2', 4, 'A', 6, 'Normal', 'Available'),
('b2', 4, 'A', 7, 'Normal', 'Unavailable'),
('b2', 4, 'A', 8, 'Normal', 'Available'),
('b2', 4, 'A', 9, 'Normal', 'Available'),
('b2', 4, 'A', 10, 'Normal', 'Available'),
('b2', 4, 'B', 1, 'Normal', 'Unavailable'),
('b2', 4, 'B', 2, 'Normal', 'Available'),
('b2', 4, 'B', 3, 'Normal', 'Available'),
('b2', 4, 'B', 4, 'Normal', 'Unavailable'),
('b2', 4, 'B', 5, 'Normal', 'Unavailable'),
('b2', 4, 'B', 6, 'Normal', 'Available'),
('b2', 4, 'B', 7, 'Normal', 'Unavailable'),
('b2', 4, 'B', 8, 'Normal', 'Available'),
('b2', 4, 'B', 9, 'Normal', 'Available'),
('b2', 4, 'B', 10, 'Normal', 'Available'),
('b2', 4, 'C', 1, 'Normal', 'Unavailable'),
('b2', 4, 'C', 2, 'Normal', 'Available'),
('b2', 4, 'C', 3, 'Normal', 'Available'),
('b2', 4, 'C', 4, 'Normal', 'Unavailable'),
('b2', 4, 'C', 5, 'Normal', 'Available'),
('b2', 4, 'C', 6, 'Normal', 'Available'),
('b2', 4, 'C', 7, 'Normal', 'Available'),
('b2', 4, 'C', 8, 'Normal', 'Unavailable'),
('b2', 4, 'C', 9, 'Normal', 'Available'),
('b2', 4, 'C', 10, 'Normal', 'Available'),
('b2', 4, 'D', 1, 'Normal', 'Available'),
('b2', 4, 'D', 2, 'Normal', 'Available'),
('b2', 4, 'D', 3, 'Normal', 'Available'),
('b2', 4, 'D', 4, 'VIP', 'Available'),
('b2', 4, 'D', 5, 'VIP', 'Unavailable'),
('b2', 4, 'D', 6, 'VIP', 'Unavailable'),
('b2', 4, 'D', 7, 'Normal', 'Unavailable'),
('b2', 4, 'D', 8, 'Normal', 'Available'),
('b2', 4, 'D', 9, 'Normal', 'Available'),
('b2', 4, 'D', 10, 'Normal', 'Available'),
('b2', 4, 'E', 1, 'Normal', 'Unavailable'),
('b2', 4, 'E', 2, 'Normal', 'Unavailable'),
('b2', 4, 'E', 3, 'Normal', 'Unavailable'),
('b2', 4, 'E', 4, 'VIP', 'Available'),
('b2', 4, 'E', 5, 'VIP', 'Unavailable'),
('b2', 4, 'E', 6, 'VIP', 'Available'),
('b2', 4, 'E', 7, 'Normal', 'Available'),
('b2', 4, 'E', 8, 'Normal', 'Available'),
('b2', 4, 'E', 9, 'Normal', 'Unavailable'),
('b2', 4, 'E', 10, 'Normal', 'Available'),
('b2', 4, 'F', 1, 'Normal', 'Available'),
('b2', 4, 'F', 2, 'Normal', 'Unavailable'),
('b2', 4, 'F', 3, 'Normal', 'Available'),
('b2', 4, 'F', 4, 'VIP', 'Available'),
('b2', 4, 'F', 5, 'VIP', 'Available'),
('b2', 4, 'F', 6, 'VIP', 'Unavailable'),
('b2', 4, 'F', 7, 'Normal', 'Unavailable'),
('b2', 4, 'F', 8, 'Normal', 'Available'),
('b2', 4, 'F', 9, 'Normal', 'Unavailable'),
('b2', 4, 'F', 10, 'Normal', 'Available'),
('b2', 4, 'G', 1, 'Normal', 'Available'),
('b2', 4, 'G', 2, 'Normal', 'Unavailable'),
('b2', 4, 'G', 3, 'Normal', 'Unavailable'),
('b2', 4, 'G', 4, 'Normal', 'Available'),
('b2', 4, 'G', 5, 'Normal', 'Unavailable'),
('b2', 4, 'G', 6, 'Normal', 'Unavailable'),
('b2', 4, 'G', 7, 'Normal', 'Unavailable'),
('b2', 4, 'G', 8, 'Normal', 'Unavailable'),
('b2', 4, 'G', 9, 'Normal', 'Unavailable'),
('b2', 4, 'G', 10, 'Normal', 'Unavailable'),
('b2', 4, 'H', 1, 'Normal', 'Available'),
('b2', 4, 'H', 2, 'Normal', 'Unavailable'),
('b2', 4, 'H', 3, 'Normal', 'Unavailable'),
('b2', 4, 'H', 4, 'Normal', 'Available'),
('b2', 4, 'H', 5, 'Normal', 'Unavailable'),
('b2', 4, 'H', 6, 'Normal', 'Unavailable'),
('b2', 4, 'H', 7, 'Normal', 'Available'),
('b2', 4, 'H', 8, 'Normal', 'Unavailable'),
('b2', 4, 'H', 9, 'Normal', 'Available'),
('b2', 4, 'H', 10, 'Normal', 'Available'),
('b2', 4, 'I', 1, 'Normal', 'Unavailable'),
('b2', 4, 'I', 2, 'Normal', 'Available'),
('b2', 4, 'I', 3, 'Normal', 'Unavailable'),
('b2', 4, 'I', 4, 'Normal', 'Available'),
('b2', 4, 'I', 5, 'Normal', 'Available'),
('b2', 4, 'I', 6, 'Normal', 'Available'),
('b2', 4, 'I', 7, 'Normal', 'Unavailable'),
('b2', 4, 'I', 8, 'Normal', 'Unavailable'),
('b2', 4, 'I', 9, 'Normal', 'Unavailable'),
('b2', 4, 'I', 10, 'Normal', 'Available'),
('b2', 4, 'J', 1, 'Normal', 'Available'),
('b2', 4, 'J', 2, 'Normal', 'Available'),
('b2', 4, 'J', 3, 'Normal', 'Unavailable'),
('b2', 4, 'J', 4, 'Normal', 'Unavailable'),
('b2', 4, 'J', 5, 'Normal', 'Available'),
('b2', 4, 'J', 6, 'Normal', 'Unavailable'),
('b2', 4, 'J', 7, 'Normal', 'Available'),
('b2', 4, 'J', 8, 'Normal', 'Unavailable'),
('b2', 4, 'J', 9, 'Normal', 'Unavailable'),
('b2', 4, 'J', 10, 'Normal', 'Available'),
('b2', 5, 'A', 1, 'Normal', 'Unavailable'),
('b2', 5, 'A', 2, 'Normal', 'Available'),
('b2', 5, 'A', 3, 'Normal', 'Available'),
('b2', 5, 'A', 4, 'Normal', 'Unavailable'),
('b2', 5, 'A', 5, 'Normal', 'Available'),
('b2', 5, 'A', 6, 'Normal', 'Available'),
('b2', 5, 'A', 7, 'Normal', 'Unavailable'),
('b2', 5, 'A', 8, 'Normal', 'Unavailable'),
('b2', 5, 'A', 9, 'Normal', 'Unavailable'),
('b2', 5, 'A', 10, 'Normal', 'Unavailable'),
('b2', 5, 'B', 1, 'Normal', 'Unavailable'),
('b2', 5, 'B', 2, 'Normal', 'Available'),
('b2', 5, 'B', 3, 'Normal', 'Available'),
('b2', 5, 'B', 4, 'Normal', 'Unavailable'),
('b2', 5, 'B', 5, 'Normal', 'Available'),
('b2', 5, 'B', 6, 'Normal', 'Available'),
('b2', 5, 'B', 7, 'Normal', 'Unavailable'),
('b2', 5, 'B', 8, 'Normal', 'Unavailable'),
('b2', 5, 'B', 9, 'Normal', 'Available'),
('b2', 5, 'B', 10, 'Normal', 'Unavailable'),
('b2', 5, 'C', 1, 'Normal', 'Available'),
('b2', 5, 'C', 2, 'Normal', 'Available'),
('b2', 5, 'C', 3, 'Normal', 'Unavailable'),
('b2', 5, 'C', 4, 'Normal', 'Available'),
('b2', 5, 'C', 5, 'Normal', 'Unavailable'),
('b2', 5, 'C', 6, 'Normal', 'Unavailable'),
('b2', 5, 'C', 7, 'Normal', 'Unavailable'),
('b2', 5, 'C', 8, 'Normal', 'Available'),
('b2', 5, 'C', 9, 'Normal', 'Unavailable'),
('b2', 5, 'C', 10, 'Normal', 'Unavailable'),
('b2', 5, 'D', 1, 'Normal', 'Unavailable'),
('b2', 5, 'D', 2, 'Normal', 'Unavailable'),
('b2', 5, 'D', 3, 'Normal', 'Unavailable'),
('b2', 5, 'D', 4, 'VIP', 'Unavailable'),
('b2', 5, 'D', 5, 'VIP', 'Unavailable'),
('b2', 5, 'D', 6, 'VIP', 'Available'),
('b2', 5, 'D', 7, 'Normal', 'Available'),
('b2', 5, 'D', 8, 'Normal', 'Unavailable'),
('b2', 5, 'D', 9, 'Normal', 'Available'),
('b2', 5, 'D', 10, 'Normal', 'Unavailable'),
('b2', 5, 'E', 1, 'Normal', 'Unavailable'),
('b2', 5, 'E', 2, 'Normal', 'Available'),
('b2', 5, 'E', 3, 'Normal', 'Available'),
('b2', 5, 'E', 4, 'VIP', 'Unavailable'),
('b2', 5, 'E', 5, 'VIP', 'Available'),
('b2', 5, 'E', 6, 'VIP', 'Available'),
('b2', 5, 'E', 7, 'Normal', 'Available'),
('b2', 5, 'E', 8, 'Normal', 'Available'),
('b2', 5, 'E', 9, 'Normal', 'Unavailable'),
('b2', 5, 'E', 10, 'Normal', 'Available'),
('b2', 5, 'F', 1, 'Normal', 'Unavailable'),
('b2', 5, 'F', 2, 'Normal', 'Unavailable'),
('b2', 5, 'F', 3, 'Normal', 'Unavailable'),
('b2', 5, 'F', 4, 'VIP', 'Unavailable'),
('b2', 5, 'F', 5, 'VIP', 'Available'),
('b2', 5, 'F', 6, 'VIP', 'Available'),
('b2', 5, 'F', 7, 'Normal', 'Available'),
('b2', 5, 'F', 8, 'Normal', 'Available'),
('b2', 5, 'F', 9, 'Normal', 'Unavailable'),
('b2', 5, 'F', 10, 'Normal', 'Available'),
('b2', 5, 'G', 1, 'Normal', 'Available'),
('b2', 5, 'G', 2, 'Normal', 'Available'),
('b2', 5, 'G', 3, 'Normal', 'Available'),
('b2', 5, 'G', 4, 'Normal', 'Unavailable'),
('b2', 5, 'G', 5, 'Normal', 'Unavailable'),
('b2', 5, 'G', 6, 'Normal', 'Unavailable'),
('b2', 5, 'G', 7, 'Normal', 'Unavailable'),
('b2', 5, 'G', 8, 'Normal', 'Available'),
('b2', 5, 'G', 9, 'Normal', 'Available'),
('b2', 5, 'G', 10, 'Normal', 'Unavailable'),
('b2', 5, 'H', 1, 'Normal', 'Unavailable'),
('b2', 5, 'H', 2, 'Normal', 'Unavailable'),
('b2', 5, 'H', 3, 'Normal', 'Available'),
('b2', 5, 'H', 4, 'Normal', 'Unavailable'),
('b2', 5, 'H', 5, 'Normal', 'Unavailable'),
('b2', 5, 'H', 6, 'Normal', 'Available'),
('b2', 5, 'H', 7, 'Normal', 'Unavailable'),
('b2', 5, 'H', 8, 'Normal', 'Unavailable'),
('b2', 5, 'H', 9, 'Normal', 'Unavailable'),
('b2', 5, 'H', 10, 'Normal', 'Unavailable'),
('b2', 5, 'I', 1, 'Normal', 'Unavailable'),
('b2', 5, 'I', 2, 'Normal', 'Unavailable'),
('b2', 5, 'I', 3, 'Normal', 'Available'),
('b2', 5, 'I', 4, 'Normal', 'Unavailable'),
('b2', 5, 'I', 5, 'Normal', 'Unavailable'),
('b2', 5, 'I', 6, 'Normal', 'Unavailable'),
('b2', 5, 'I', 7, 'Normal', 'Unavailable'),
('b2', 5, 'I', 8, 'Normal', 'Available'),
('b2', 5, 'I', 9, 'Normal', 'Available'),
('b2', 5, 'I', 10, 'Normal', 'Available'),
('b2', 5, 'J', 1, 'Normal', 'Unavailable'),
('b2', 5, 'J', 2, 'Normal', 'Unavailable'),
('b2', 5, 'J', 3, 'Normal', 'Unavailable'),
('b2', 5, 'J', 4, 'Normal', 'Available'),
('b2', 5, 'J', 5, 'Normal', 'Unavailable'),
('b2', 5, 'J', 6, 'Normal', 'Available'),
('b2', 5, 'J', 7, 'Normal', 'Available'),
('b2', 5, 'J', 8, 'Normal', 'Unavailable'),
('b2', 5, 'J', 9, 'Normal', 'Unavailable'),
('b2', 5, 'J', 10, 'Normal', 'Available'),
('b3', 1, 'A', 1, 'Normal', 'Unavailable'),
('b3', 1, 'A', 2, 'Normal', 'Available'),
('b3', 1, 'A', 3, 'Normal', 'Available'),
('b3', 1, 'A', 4, 'Normal', 'Unavailable'),
('b3', 1, 'A', 5, 'Normal', 'Available'),
('b3', 1, 'A', 6, 'Normal', 'Unavailable'),
('b3', 1, 'A', 7, 'Normal', 'Available'),
('b3', 1, 'A', 8, 'Normal', 'Available'),
('b3', 1, 'A', 9, 'Normal', 'Available'),
('b3', 1, 'A', 10, 'Normal', 'Available'),
('b3', 1, 'B', 1, 'Normal', 'Available'),
('b3', 1, 'B', 2, 'Normal', 'Unavailable'),
('b3', 1, 'B', 3, 'Normal', 'Unavailable'),
('b3', 1, 'B', 4, 'Normal', 'Available'),
('b3', 1, 'B', 5, 'Normal', 'Unavailable'),
('b3', 1, 'B', 6, 'Normal', 'Available'),
('b3', 1, 'B', 7, 'Normal', 'Unavailable'),
('b3', 1, 'B', 8, 'Normal', 'Unavailable'),
('b3', 1, 'B', 9, 'Normal', 'Unavailable'),
('b3', 1, 'B', 10, 'Normal', 'Unavailable'),
('b3', 1, 'C', 1, 'Normal', 'Available'),
('b3', 1, 'C', 2, 'Normal', 'Unavailable'),
('b3', 1, 'C', 3, 'Normal', 'Available'),
('b3', 1, 'C', 4, 'Normal', 'Available'),
('b3', 1, 'C', 5, 'Normal', 'Unavailable'),
('b3', 1, 'C', 6, 'Normal', 'Available'),
('b3', 1, 'C', 7, 'Normal', 'Available'),
('b3', 1, 'C', 8, 'Normal', 'Unavailable'),
('b3', 1, 'C', 9, 'Normal', 'Available'),
('b3', 1, 'C', 10, 'Normal', 'Unavailable'),
('b3', 1, 'D', 1, 'Normal', 'Unavailable'),
('b3', 1, 'D', 2, 'Normal', 'Unavailable'),
('b3', 1, 'D', 3, 'Normal', 'Unavailable'),
('b3', 1, 'D', 4, 'VIP', 'Unavailable'),
('b3', 1, 'D', 5, 'VIP', 'Available'),
('b3', 1, 'D', 6, 'VIP', 'Available'),
('b3', 1, 'D', 7, 'Normal', 'Available'),
('b3', 1, 'D', 8, 'Normal', 'Unavailable'),
('b3', 1, 'D', 9, 'Normal', 'Unavailable'),
('b3', 1, 'D', 10, 'Normal', 'Available'),
('b3', 1, 'E', 1, 'Normal', 'Unavailable'),
('b3', 1, 'E', 2, 'Normal', 'Unavailable'),
('b3', 1, 'E', 3, 'Normal', 'Unavailable'),
('b3', 1, 'E', 4, 'VIP', 'Available'),
('b3', 1, 'E', 5, 'VIP', 'Unavailable'),
('b3', 1, 'E', 6, 'VIP', 'Unavailable'),
('b3', 1, 'E', 7, 'Normal', 'Unavailable'),
('b3', 1, 'E', 8, 'Normal', 'Available'),
('b3', 1, 'E', 9, 'Normal', 'Unavailable'),
('b3', 1, 'E', 10, 'Normal', 'Available'),
('b3', 1, 'F', 1, 'Normal', 'Available'),
('b3', 1, 'F', 2, 'Normal', 'Unavailable'),
('b3', 1, 'F', 3, 'Normal', 'Available'),
('b3', 1, 'F', 4, 'VIP', 'Available'),
('b3', 1, 'F', 5, 'VIP', 'Unavailable'),
('b3', 1, 'F', 6, 'VIP', 'Available'),
('b3', 1, 'F', 7, 'Normal', 'Available'),
('b3', 1, 'F', 8, 'Normal', 'Available'),
('b3', 1, 'F', 9, 'Normal', 'Unavailable'),
('b3', 1, 'F', 10, 'Normal', 'Available'),
('b3', 1, 'G', 1, 'Normal', 'Available'),
('b3', 1, 'G', 2, 'Normal', 'Unavailable'),
('b3', 1, 'G', 3, 'Normal', 'Available'),
('b3', 1, 'G', 4, 'Normal', 'Available'),
('b3', 1, 'G', 5, 'Normal', 'Unavailable'),
('b3', 1, 'G', 6, 'Normal', 'Available'),
('b3', 1, 'G', 7, 'Normal', 'Available'),
('b3', 1, 'G', 8, 'Normal', 'Available'),
('b3', 1, 'G', 9, 'Normal', 'Unavailable'),
('b3', 1, 'G', 10, 'Normal', 'Available'),
('b3', 1, 'H', 1, 'Normal', 'Available'),
('b3', 1, 'H', 2, 'Normal', 'Unavailable'),
('b3', 1, 'H', 3, 'Normal', 'Unavailable'),
('b3', 1, 'H', 4, 'Normal', 'Available'),
('b3', 1, 'H', 5, 'Normal', 'Unavailable'),
('b3', 1, 'H', 6, 'Normal', 'Unavailable'),
('b3', 1, 'H', 7, 'Normal', 'Available'),
('b3', 1, 'H', 8, 'Normal', 'Unavailable'),
('b3', 1, 'H', 9, 'Normal', 'Unavailable'),
('b3', 1, 'H', 10, 'Normal', 'Unavailable'),
('b3', 1, 'I', 1, 'Normal', 'Unavailable'),
('b3', 1, 'I', 2, 'Normal', 'Unavailable'),
('b3', 1, 'I', 3, 'Normal', 'Available'),
('b3', 1, 'I', 4, 'Normal', 'Unavailable'),
('b3', 1, 'I', 5, 'Normal', 'Available'),
('b3', 1, 'I', 6, 'Normal', 'Unavailable'),
('b3', 1, 'I', 7, 'Normal', 'Unavailable'),
('b3', 1, 'I', 8, 'Normal', 'Available'),
('b3', 1, 'I', 9, 'Normal', 'Unavailable'),
('b3', 1, 'I', 10, 'Normal', 'Unavailable'),
('b3', 1, 'J', 1, 'Normal', 'Available'),
('b3', 1, 'J', 2, 'Normal', 'Available'),
('b3', 1, 'J', 3, 'Normal', 'Available'),
('b3', 1, 'J', 4, 'Normal', 'Available'),
('b3', 1, 'J', 5, 'Normal', 'Unavailable'),
('b3', 1, 'J', 6, 'Normal', 'Available'),
('b3', 1, 'J', 7, 'Normal', 'Available'),
('b3', 1, 'J', 8, 'Normal', 'Available'),
('b3', 1, 'J', 9, 'Normal', 'Available'),
('b3', 1, 'J', 10, 'Normal', 'Available'),
('b3', 2, 'A', 1, 'Normal', 'Unavailable'),
('b3', 2, 'A', 2, 'Normal', 'Available'),
('b3', 2, 'A', 3, 'Normal', 'Unavailable'),
('b3', 2, 'A', 4, 'Normal', 'Available'),
('b3', 2, 'A', 5, 'Normal', 'Unavailable'),
('b3', 2, 'A', 6, 'Normal', 'Available'),
('b3', 2, 'A', 7, 'Normal', 'Available'),
('b3', 2, 'A', 8, 'Normal', 'Available'),
('b3', 2, 'A', 9, 'Normal', 'Unavailable'),
('b3', 2, 'A', 10, 'Normal', 'Unavailable'),
('b3', 2, 'B', 1, 'Normal', 'Unavailable'),
('b3', 2, 'B', 2, 'Normal', 'Unavailable'),
('b3', 2, 'B', 3, 'Normal', 'Available'),
('b3', 2, 'B', 4, 'Normal', 'Available'),
('b3', 2, 'B', 5, 'Normal', 'Unavailable'),
('b3', 2, 'B', 6, 'Normal', 'Unavailable'),
('b3', 2, 'B', 7, 'Normal', 'Available'),
('b3', 2, 'B', 8, 'Normal', 'Unavailable'),
('b3', 2, 'B', 9, 'Normal', 'Unavailable'),
('b3', 2, 'B', 10, 'Normal', 'Available'),
('b3', 2, 'C', 1, 'Normal', 'Unavailable'),
('b3', 2, 'C', 2, 'Normal', 'Unavailable'),
('b3', 2, 'C', 3, 'Normal', 'Unavailable'),
('b3', 2, 'C', 4, 'Normal', 'Unavailable'),
('b3', 2, 'C', 5, 'Normal', 'Available'),
('b3', 2, 'C', 6, 'Normal', 'Available'),
('b3', 2, 'C', 7, 'Normal', 'Available'),
('b3', 2, 'C', 8, 'Normal', 'Available'),
('b3', 2, 'C', 9, 'Normal', 'Available'),
('b3', 2, 'C', 10, 'Normal', 'Available'),
('b3', 2, 'D', 1, 'Normal', 'Unavailable'),
('b3', 2, 'D', 2, 'Normal', 'Available'),
('b3', 2, 'D', 3, 'Normal', 'Unavailable'),
('b3', 2, 'D', 4, 'VIP', 'Available'),
('b3', 2, 'D', 5, 'VIP', 'Available'),
('b3', 2, 'D', 6, 'VIP', 'Available'),
('b3', 2, 'D', 7, 'Normal', 'Available'),
('b3', 2, 'D', 8, 'Normal', 'Unavailable'),
('b3', 2, 'D', 9, 'Normal', 'Unavailable'),
('b3', 2, 'D', 10, 'Normal', 'Available'),
('b3', 2, 'E', 1, 'Normal', 'Unavailable'),
('b3', 2, 'E', 2, 'Normal', 'Unavailable'),
('b3', 2, 'E', 3, 'Normal', 'Unavailable'),
('b3', 2, 'E', 4, 'VIP', 'Available'),
('b3', 2, 'E', 5, 'VIP', 'Unavailable'),
('b3', 2, 'E', 6, 'VIP', 'Available'),
('b3', 2, 'E', 7, 'Normal', 'Available'),
('b3', 2, 'E', 8, 'Normal', 'Unavailable'),
('b3', 2, 'E', 9, 'Normal', 'Available'),
('b3', 2, 'E', 10, 'Normal', 'Unavailable'),
('b3', 2, 'F', 1, 'Normal', 'Unavailable'),
('b3', 2, 'F', 2, 'Normal', 'Available'),
('b3', 2, 'F', 3, 'Normal', 'Available'),
('b3', 2, 'F', 4, 'VIP', 'Unavailable'),
('b3', 2, 'F', 5, 'VIP', 'Unavailable'),
('b3', 2, 'F', 6, 'VIP', 'Available'),
('b3', 2, 'F', 7, 'Normal', 'Available'),
('b3', 2, 'F', 8, 'Normal', 'Unavailable'),
('b3', 2, 'F', 9, 'Normal', 'Unavailable'),
('b3', 2, 'F', 10, 'Normal', 'Available'),
('b3', 2, 'G', 1, 'Normal', 'Available'),
('b3', 2, 'G', 2, 'Normal', 'Unavailable'),
('b3', 2, 'G', 3, 'Normal', 'Unavailable'),
('b3', 2, 'G', 4, 'Normal', 'Available'),
('b3', 2, 'G', 5, 'Normal', 'Available'),
('b3', 2, 'G', 6, 'Normal', 'Unavailable'),
('b3', 2, 'G', 7, 'Normal', 'Available'),
('b3', 2, 'G', 8, 'Normal', 'Unavailable'),
('b3', 2, 'G', 9, 'Normal', 'Unavailable'),
('b3', 2, 'G', 10, 'Normal', 'Unavailable'),
('b3', 2, 'H', 1, 'Normal', 'Unavailable'),
('b3', 2, 'H', 2, 'Normal', 'Unavailable'),
('b3', 2, 'H', 3, 'Normal', 'Unavailable'),
('b3', 2, 'H', 4, 'Normal', 'Unavailable'),
('b3', 2, 'H', 5, 'Normal', 'Unavailable'),
('b3', 2, 'H', 6, 'Normal', 'Unavailable'),
('b3', 2, 'H', 7, 'Normal', 'Unavailable'),
('b3', 2, 'H', 8, 'Normal', 'Unavailable'),
('b3', 2, 'H', 9, 'Normal', 'Unavailable'),
('b3', 2, 'H', 10, 'Normal', 'Available'),
('b3', 2, 'I', 1, 'Normal', 'Unavailable'),
('b3', 2, 'I', 2, 'Normal', 'Unavailable'),
('b3', 2, 'I', 3, 'Normal', 'Available'),
('b3', 2, 'I', 4, 'Normal', 'Available'),
('b3', 2, 'I', 5, 'Normal', 'Available'),
('b3', 2, 'I', 6, 'Normal', 'Unavailable'),
('b3', 2, 'I', 7, 'Normal', 'Unavailable'),
('b3', 2, 'I', 8, 'Normal', 'Unavailable'),
('b3', 2, 'I', 9, 'Normal', 'Available'),
('b3', 2, 'I', 10, 'Normal', 'Unavailable'),
('b3', 2, 'J', 1, 'Normal', 'Unavailable'),
('b3', 2, 'J', 2, 'Normal', 'Available'),
('b3', 2, 'J', 3, 'Normal', 'Unavailable'),
('b3', 2, 'J', 4, 'Normal', 'Available'),
('b3', 2, 'J', 5, 'Normal', 'Unavailable'),
('b3', 2, 'J', 6, 'Normal', 'Available'),
('b3', 2, 'J', 7, 'Normal', 'Unavailable'),
('b3', 2, 'J', 8, 'Normal', 'Unavailable'),
('b3', 2, 'J', 9, 'Normal', 'Available'),
('b3', 2, 'J', 10, 'Normal', 'Unavailable'),
('b3', 3, 'A', 1, 'Normal', 'Available'),
('b3', 3, 'A', 2, 'Normal', 'Available'),
('b3', 3, 'A', 3, 'Normal', 'Available'),
('b3', 3, 'A', 4, 'Normal', 'Available'),
('b3', 3, 'A', 5, 'Normal', 'Unavailable'),
('b3', 3, 'A', 6, 'Normal', 'Unavailable'),
('b3', 3, 'A', 7, 'Normal', 'Available'),
('b3', 3, 'A', 8, 'Normal', 'Available'),
('b3', 3, 'A', 9, 'Normal', 'Available'),
('b3', 3, 'A', 10, 'Normal', 'Unavailable'),
('b3', 3, 'B', 1, 'Normal', 'Available'),
('b3', 3, 'B', 2, 'Normal', 'Available'),
('b3', 3, 'B', 3, 'Normal', 'Unavailable'),
('b3', 3, 'B', 4, 'Normal', 'Unavailable'),
('b3', 3, 'B', 5, 'Normal', 'Available'),
('b3', 3, 'B', 6, 'Normal', 'Unavailable'),
('b3', 3, 'B', 7, 'Normal', 'Available'),
('b3', 3, 'B', 8, 'Normal', 'Available'),
('b3', 3, 'B', 9, 'Normal', 'Unavailable'),
('b3', 3, 'B', 10, 'Normal', 'Unavailable'),
('b3', 3, 'C', 1, 'Normal', 'Available'),
('b3', 3, 'C', 2, 'Normal', 'Unavailable'),
('b3', 3, 'C', 3, 'Normal', 'Unavailable'),
('b3', 3, 'C', 4, 'Normal', 'Available'),
('b3', 3, 'C', 5, 'Normal', 'Unavailable'),
('b3', 3, 'C', 6, 'Normal', 'Available'),
('b3', 3, 'C', 7, 'Normal', 'Unavailable'),
('b3', 3, 'C', 8, 'Normal', 'Available'),
('b3', 3, 'C', 9, 'Normal', 'Available'),
('b3', 3, 'C', 10, 'Normal', 'Unavailable'),
('b3', 3, 'D', 1, 'Normal', 'Available'),
('b3', 3, 'D', 2, 'Normal', 'Unavailable'),
('b3', 3, 'D', 3, 'Normal', 'Unavailable'),
('b3', 3, 'D', 4, 'VIP', 'Unavailable'),
('b3', 3, 'D', 5, 'VIP', 'Available'),
('b3', 3, 'D', 6, 'VIP', 'Available'),
('b3', 3, 'D', 7, 'Normal', 'Available'),
('b3', 3, 'D', 8, 'Normal', 'Unavailable'),
('b3', 3, 'D', 9, 'Normal', 'Available'),
('b3', 3, 'D', 10, 'Normal', 'Unavailable'),
('b3', 3, 'E', 1, 'Normal', 'Unavailable'),
('b3', 3, 'E', 2, 'Normal', 'Available'),
('b3', 3, 'E', 3, 'Normal', 'Unavailable'),
('b3', 3, 'E', 4, 'VIP', 'Available'),
('b3', 3, 'E', 5, 'VIP', 'Unavailable'),
('b3', 3, 'E', 6, 'VIP', 'Unavailable'),
('b3', 3, 'E', 7, 'Normal', 'Unavailable'),
('b3', 3, 'E', 8, 'Normal', 'Unavailable'),
('b3', 3, 'E', 9, 'Normal', 'Available'),
('b3', 3, 'E', 10, 'Normal', 'Available'),
('b3', 3, 'F', 1, 'Normal', 'Unavailable'),
('b3', 3, 'F', 2, 'Normal', 'Available'),
('b3', 3, 'F', 3, 'Normal', 'Available'),
('b3', 3, 'F', 4, 'VIP', 'Available'),
('b3', 3, 'F', 5, 'VIP', 'Unavailable'),
('b3', 3, 'F', 6, 'VIP', 'Available'),
('b3', 3, 'F', 7, 'Normal', 'Available'),
('b3', 3, 'F', 8, 'Normal', 'Unavailable'),
('b3', 3, 'F', 9, 'Normal', 'Available'),
('b3', 3, 'F', 10, 'Normal', 'Available'),
('b3', 3, 'G', 1, 'Normal', 'Unavailable'),
('b3', 3, 'G', 2, 'Normal', 'Unavailable'),
('b3', 3, 'G', 3, 'Normal', 'Available'),
('b3', 3, 'G', 4, 'Normal', 'Unavailable'),
('b3', 3, 'G', 5, 'Normal', 'Unavailable'),
('b3', 3, 'G', 6, 'Normal', 'Unavailable'),
('b3', 3, 'G', 7, 'Normal', 'Available'),
('b3', 3, 'G', 8, 'Normal', 'Unavailable'),
('b3', 3, 'G', 9, 'Normal', 'Unavailable'),
('b3', 3, 'G', 10, 'Normal', 'Available'),
('b3', 3, 'H', 1, 'Normal', 'Unavailable'),
('b3', 3, 'H', 2, 'Normal', 'Available'),
('b3', 3, 'H', 3, 'Normal', 'Unavailable'),
('b3', 3, 'H', 4, 'Normal', 'Unavailable'),
('b3', 3, 'H', 5, 'Normal', 'Unavailable'),
('b3', 3, 'H', 6, 'Normal', 'Unavailable'),
('b3', 3, 'H', 7, 'Normal', 'Available'),
('b3', 3, 'H', 8, 'Normal', 'Available'),
('b3', 3, 'H', 9, 'Normal', 'Unavailable'),
('b3', 3, 'H', 10, 'Normal', 'Unavailable'),
('b3', 3, 'I', 1, 'Normal', 'Unavailable'),
('b3', 3, 'I', 2, 'Normal', 'Available'),
('b3', 3, 'I', 3, 'Normal', 'Unavailable'),
('b3', 3, 'I', 4, 'Normal', 'Unavailable'),
('b3', 3, 'I', 5, 'Normal', 'Unavailable'),
('b3', 3, 'I', 6, 'Normal', 'Available'),
('b3', 3, 'I', 7, 'Normal', 'Unavailable'),
('b3', 3, 'I', 8, 'Normal', 'Unavailable'),
('b3', 3, 'I', 9, 'Normal', 'Available'),
('b3', 3, 'I', 10, 'Normal', 'Available'),
('b3', 3, 'J', 1, 'Normal', 'Available'),
('b3', 3, 'J', 2, 'Normal', 'Unavailable'),
('b3', 3, 'J', 3, 'Normal', 'Available'),
('b3', 3, 'J', 4, 'Normal', 'Unavailable'),
('b3', 3, 'J', 5, 'Normal', 'Available'),
('b3', 3, 'J', 6, 'Normal', 'Available'),
('b3', 3, 'J', 7, 'Normal', 'Available'),
('b3', 3, 'J', 8, 'Normal', 'Unavailable'),
('b3', 3, 'J', 9, 'Normal', 'Unavailable'),
('b3', 3, 'J', 10, 'Normal', 'Unavailable'),
('b3', 4, 'A', 1, 'Normal', 'Available'),
('b3', 4, 'A', 2, 'Normal', 'Unavailable'),
('b3', 4, 'A', 3, 'Normal', 'Available'),
('b3', 4, 'A', 4, 'Normal', 'Available'),
('b3', 4, 'A', 5, 'Normal', 'Unavailable'),
('b3', 4, 'A', 6, 'Normal', 'Unavailable'),
('b3', 4, 'A', 7, 'Normal', 'Unavailable'),
('b3', 4, 'A', 8, 'Normal', 'Unavailable'),
('b3', 4, 'A', 9, 'Normal', 'Unavailable'),
('b3', 4, 'A', 10, 'Normal', 'Unavailable'),
('b3', 4, 'B', 1, 'Normal', 'Available'),
('b3', 4, 'B', 2, 'Normal', 'Available'),
('b3', 4, 'B', 3, 'Normal', 'Unavailable'),
('b3', 4, 'B', 4, 'Normal', 'Unavailable'),
('b3', 4, 'B', 5, 'Normal', 'Available'),
('b3', 4, 'B', 6, 'Normal', 'Available'),
('b3', 4, 'B', 7, 'Normal', 'Available'),
('b3', 4, 'B', 8, 'Normal', 'Available'),
('b3', 4, 'B', 9, 'Normal', 'Unavailable'),
('b3', 4, 'B', 10, 'Normal', 'Unavailable'),
('b3', 4, 'C', 1, 'Normal', 'Unavailable'),
('b3', 4, 'C', 2, 'Normal', 'Unavailable'),
('b3', 4, 'C', 3, 'Normal', 'Available'),
('b3', 4, 'C', 4, 'Normal', 'Unavailable'),
('b3', 4, 'C', 5, 'Normal', 'Available'),
('b3', 4, 'C', 6, 'Normal', 'Available'),
('b3', 4, 'C', 7, 'Normal', 'Available'),
('b3', 4, 'C', 8, 'Normal', 'Available'),
('b3', 4, 'C', 9, 'Normal', 'Unavailable'),
('b3', 4, 'C', 10, 'Normal', 'Unavailable'),
('b3', 4, 'D', 1, 'Normal', 'Available'),
('b3', 4, 'D', 2, 'Normal', 'Available'),
('b3', 4, 'D', 3, 'Normal', 'Unavailable'),
('b3', 4, 'D', 4, 'VIP', 'Available'),
('b3', 4, 'D', 5, 'VIP', 'Available'),
('b3', 4, 'D', 6, 'VIP', 'Available'),
('b3', 4, 'D', 7, 'Normal', 'Available'),
('b3', 4, 'D', 8, 'Normal', 'Available'),
('b3', 4, 'D', 9, 'Normal', 'Available'),
('b3', 4, 'D', 10, 'Normal', 'Available'),
('b3', 4, 'E', 1, 'Normal', 'Unavailable'),
('b3', 4, 'E', 2, 'Normal', 'Available'),
('b3', 4, 'E', 3, 'Normal', 'Unavailable'),
('b3', 4, 'E', 4, 'VIP', 'Unavailable'),
('b3', 4, 'E', 5, 'VIP', 'Available'),
('b3', 4, 'E', 6, 'VIP', 'Available'),
('b3', 4, 'E', 7, 'Normal', 'Available'),
('b3', 4, 'E', 8, 'Normal', 'Available'),
('b3', 4, 'E', 9, 'Normal', 'Available'),
('b3', 4, 'E', 10, 'Normal', 'Available'),
('b3', 4, 'F', 1, 'Normal', 'Unavailable'),
('b3', 4, 'F', 2, 'Normal', 'Available'),
('b3', 4, 'F', 3, 'Normal', 'Available'),
('b3', 4, 'F', 4, 'VIP', 'Available'),
('b3', 4, 'F', 5, 'VIP', 'Available'),
('b3', 4, 'F', 6, 'VIP', 'Available'),
('b3', 4, 'F', 7, 'Normal', 'Available'),
('b3', 4, 'F', 8, 'Normal', 'Unavailable'),
('b3', 4, 'F', 9, 'Normal', 'Available'),
('b3', 4, 'F', 10, 'Normal', 'Unavailable'),
('b3', 4, 'G', 1, 'Normal', 'Unavailable'),
('b3', 4, 'G', 2, 'Normal', 'Unavailable'),
('b3', 4, 'G', 3, 'Normal', 'Available'),
('b3', 4, 'G', 4, 'Normal', 'Unavailable'),
('b3', 4, 'G', 5, 'Normal', 'Available'),
('b3', 4, 'G', 6, 'Normal', 'Available'),
('b3', 4, 'G', 7, 'Normal', 'Unavailable'),
('b3', 4, 'G', 8, 'Normal', 'Unavailable'),
('b3', 4, 'G', 9, 'Normal', 'Available'),
('b3', 4, 'G', 10, 'Normal', 'Unavailable'),
('b3', 4, 'H', 1, 'Normal', 'Available'),
('b3', 4, 'H', 2, 'Normal', 'Available'),
('b3', 4, 'H', 3, 'Normal', 'Available'),
('b3', 4, 'H', 4, 'Normal', 'Available'),
('b3', 4, 'H', 5, 'Normal', 'Unavailable'),
('b3', 4, 'H', 6, 'Normal', 'Available'),
('b3', 4, 'H', 7, 'Normal', 'Unavailable'),
('b3', 4, 'H', 8, 'Normal', 'Available'),
('b3', 4, 'H', 9, 'Normal', 'Unavailable'),
('b3', 4, 'H', 10, 'Normal', 'Available'),
('b3', 4, 'I', 1, 'Normal', 'Unavailable'),
('b3', 4, 'I', 2, 'Normal', 'Available'),
('b3', 4, 'I', 3, 'Normal', 'Unavailable'),
('b3', 4, 'I', 4, 'Normal', 'Available'),
('b3', 4, 'I', 5, 'Normal', 'Unavailable'),
('b3', 4, 'I', 6, 'Normal', 'Available'),
('b3', 4, 'I', 7, 'Normal', 'Available'),
('b3', 4, 'I', 8, 'Normal', 'Unavailable'),
('b3', 4, 'I', 9, 'Normal', 'Available'),
('b3', 4, 'I', 10, 'Normal', 'Available'),
('b3', 4, 'J', 1, 'Normal', 'Available'),
('b3', 4, 'J', 2, 'Normal', 'Unavailable'),
('b3', 4, 'J', 3, 'Normal', 'Available'),
('b3', 4, 'J', 4, 'Normal', 'Unavailable'),
('b3', 4, 'J', 5, 'Normal', 'Available'),
('b3', 4, 'J', 6, 'Normal', 'Unavailable'),
('b3', 4, 'J', 7, 'Normal', 'Unavailable'),
('b3', 4, 'J', 8, 'Normal', 'Available'),
('b3', 4, 'J', 9, 'Normal', 'Unavailable'),
('b3', 4, 'J', 10, 'Normal', 'Unavailable'),
('b3', 5, 'A', 1, 'Normal', 'Available'),
('b3', 5, 'A', 2, 'Normal', 'Available'),
('b3', 5, 'A', 3, 'Normal', 'Unavailable'),
('b3', 5, 'A', 4, 'Normal', 'Available'),
('b3', 5, 'A', 5, 'Normal', 'Unavailable'),
('b3', 5, 'A', 6, 'Normal', 'Available'),
('b3', 5, 'A', 7, 'Normal', 'Unavailable'),
('b3', 5, 'A', 8, 'Normal', 'Unavailable'),
('b3', 5, 'A', 9, 'Normal', 'Unavailable'),
('b3', 5, 'A', 10, 'Normal', 'Available'),
('b3', 5, 'B', 1, 'Normal', 'Unavailable'),
('b3', 5, 'B', 2, 'Normal', 'Unavailable'),
('b3', 5, 'B', 3, 'Normal', 'Unavailable'),
('b3', 5, 'B', 4, 'Normal', 'Unavailable'),
('b3', 5, 'B', 5, 'Normal', 'Unavailable'),
('b3', 5, 'B', 6, 'Normal', 'Available'),
('b3', 5, 'B', 7, 'Normal', 'Unavailable'),
('b3', 5, 'B', 8, 'Normal', 'Available'),
('b3', 5, 'B', 9, 'Normal', 'Unavailable'),
('b3', 5, 'B', 10, 'Normal', 'Unavailable'),
('b3', 5, 'C', 1, 'Normal', 'Unavailable'),
('b3', 5, 'C', 2, 'Normal', 'Available'),
('b3', 5, 'C', 3, 'Normal', 'Unavailable'),
('b3', 5, 'C', 4, 'Normal', 'Available'),
('b3', 5, 'C', 5, 'Normal', 'Available'),
('b3', 5, 'C', 6, 'Normal', 'Unavailable'),
('b3', 5, 'C', 7, 'Normal', 'Available'),
('b3', 5, 'C', 8, 'Normal', 'Unavailable'),
('b3', 5, 'C', 9, 'Normal', 'Available'),
('b3', 5, 'C', 10, 'Normal', 'Unavailable'),
('b3', 5, 'D', 1, 'Normal', 'Unavailable'),
('b3', 5, 'D', 2, 'Normal', 'Available'),
('b3', 5, 'D', 3, 'Normal', 'Unavailable'),
('b3', 5, 'D', 4, 'VIP', 'Unavailable'),
('b3', 5, 'D', 5, 'VIP', 'Unavailable'),
('b3', 5, 'D', 6, 'VIP', 'Available'),
('b3', 5, 'D', 7, 'Normal', 'Available'),
('b3', 5, 'D', 8, 'Normal', 'Available'),
('b3', 5, 'D', 9, 'Normal', 'Unavailable'),
('b3', 5, 'D', 10, 'Normal', 'Available'),
('b3', 5, 'E', 1, 'Normal', 'Available'),
('b3', 5, 'E', 2, 'Normal', 'Available'),
('b3', 5, 'E', 3, 'Normal', 'Unavailable'),
('b3', 5, 'E', 4, 'VIP', 'Unavailable'),
('b3', 5, 'E', 5, 'VIP', 'Unavailable'),
('b3', 5, 'E', 6, 'VIP', 'Unavailable'),
('b3', 5, 'E', 7, 'Normal', 'Unavailable'),
('b3', 5, 'E', 8, 'Normal', 'Unavailable'),
('b3', 5, 'E', 9, 'Normal', 'Unavailable'),
('b3', 5, 'E', 10, 'Normal', 'Available'),
('b3', 5, 'F', 1, 'Normal', 'Unavailable'),
('b3', 5, 'F', 2, 'Normal', 'Available'),
('b3', 5, 'F', 3, 'Normal', 'Unavailable'),
('b3', 5, 'F', 4, 'VIP', 'Unavailable'),
('b3', 5, 'F', 5, 'VIP', 'Unavailable'),
('b3', 5, 'F', 6, 'VIP', 'Available'),
('b3', 5, 'F', 7, 'Normal', 'Unavailable'),
('b3', 5, 'F', 8, 'Normal', 'Unavailable'),
('b3', 5, 'F', 9, 'Normal', 'Available'),
('b3', 5, 'F', 10, 'Normal', 'Available'),
('b3', 5, 'G', 1, 'Normal', 'Available'),
('b3', 5, 'G', 2, 'Normal', 'Available'),
('b3', 5, 'G', 3, 'Normal', 'Unavailable'),
('b3', 5, 'G', 4, 'Normal', 'Available'),
('b3', 5, 'G', 5, 'Normal', 'Available'),
('b3', 5, 'G', 6, 'Normal', 'Available'),
('b3', 5, 'G', 7, 'Normal', 'Unavailable'),
('b3', 5, 'G', 8, 'Normal', 'Available'),
('b3', 5, 'G', 9, 'Normal', 'Unavailable'),
('b3', 5, 'G', 10, 'Normal', 'Unavailable'),
('b3', 5, 'H', 1, 'Normal', 'Unavailable'),
('b3', 5, 'H', 2, 'Normal', 'Unavailable'),
('b3', 5, 'H', 3, 'Normal', 'Available'),
('b3', 5, 'H', 4, 'Normal', 'Available'),
('b3', 5, 'H', 5, 'Normal', 'Available'),
('b3', 5, 'H', 6, 'Normal', 'Available'),
('b3', 5, 'H', 7, 'Normal', 'Unavailable'),
('b3', 5, 'H', 8, 'Normal', 'Unavailable'),
('b3', 5, 'H', 9, 'Normal', 'Unavailable'),
('b3', 5, 'H', 10, 'Normal', 'Available'),
('b3', 5, 'I', 1, 'Normal', 'Available'),
('b3', 5, 'I', 2, 'Normal', 'Unavailable'),
('b3', 5, 'I', 3, 'Normal', 'Available'),
('b3', 5, 'I', 4, 'Normal', 'Available'),
('b3', 5, 'I', 5, 'Normal', 'Unavailable'),
('b3', 5, 'I', 6, 'Normal', 'Available'),
('b3', 5, 'I', 7, 'Normal', 'Available'),
('b3', 5, 'I', 8, 'Normal', 'Unavailable'),
('b3', 5, 'I', 9, 'Normal', 'Available'),
('b3', 5, 'I', 10, 'Normal', 'Unavailable'),
('b3', 5, 'J', 1, 'Normal', 'Available'),
('b3', 5, 'J', 2, 'Normal', 'Unavailable'),
('b3', 5, 'J', 3, 'Normal', 'Available'),
('b3', 5, 'J', 4, 'Normal', 'Unavailable'),
('b3', 5, 'J', 5, 'Normal', 'Unavailable'),
('b3', 5, 'J', 6, 'Normal', 'Unavailable'),
('b3', 5, 'J', 7, 'Normal', 'Available'),
('b3', 5, 'J', 8, 'Normal', 'Available'),
('b3', 5, 'J', 9, 'Normal', 'Available'),
('b3', 5, 'J', 10, 'Normal', 'Available'),
('b4', 1, 'A', 1, 'Normal', 'Available'),
('b4', 1, 'A', 2, 'Normal', 'Unavailable'),
('b4', 1, 'A', 3, 'Normal', 'Unavailable'),
('b4', 1, 'A', 4, 'Normal', 'Available'),
('b4', 1, 'A', 5, 'Normal', 'Unavailable'),
('b4', 1, 'A', 6, 'Normal', 'Unavailable'),
('b4', 1, 'A', 7, 'Normal', 'Unavailable'),
('b4', 1, 'A', 8, 'Normal', 'Unavailable'),
('b4', 1, 'A', 9, 'Normal', 'Unavailable'),
('b4', 1, 'A', 10, 'Normal', 'Unavailable'),
('b4', 1, 'B', 1, 'Normal', 'Available'),
('b4', 1, 'B', 2, 'Normal', 'Unavailable'),
('b4', 1, 'B', 3, 'Normal', 'Available'),
('b4', 1, 'B', 4, 'Normal', 'Unavailable'),
('b4', 1, 'B', 5, 'Normal', 'Unavailable'),
('b4', 1, 'B', 6, 'Normal', 'Unavailable'),
('b4', 1, 'B', 7, 'Normal', 'Unavailable'),
('b4', 1, 'B', 8, 'Normal', 'Available'),
('b4', 1, 'B', 9, 'Normal', 'Unavailable'),
('b4', 1, 'B', 10, 'Normal', 'Available'),
('b4', 1, 'C', 1, 'Normal', 'Available'),
('b4', 1, 'C', 2, 'Normal', 'Unavailable'),
('b4', 1, 'C', 3, 'Normal', 'Available'),
('b4', 1, 'C', 4, 'Normal', 'Available'),
('b4', 1, 'C', 5, 'Normal', 'Unavailable'),
('b4', 1, 'C', 6, 'Normal', 'Unavailable'),
('b4', 1, 'C', 7, 'Normal', 'Unavailable'),
('b4', 1, 'C', 8, 'Normal', 'Unavailable'),
('b4', 1, 'C', 9, 'Normal', 'Unavailable'),
('b4', 1, 'C', 10, 'Normal', 'Unavailable'),
('b4', 1, 'D', 1, 'Normal', 'Available'),
('b4', 1, 'D', 2, 'Normal', 'Available'),
('b4', 1, 'D', 3, 'Normal', 'Unavailable'),
('b4', 1, 'D', 4, 'VIP', 'Unavailable'),
('b4', 1, 'D', 5, 'VIP', 'Unavailable'),
('b4', 1, 'D', 6, 'VIP', 'Unavailable'),
('b4', 1, 'D', 7, 'Normal', 'Unavailable'),
('b4', 1, 'D', 8, 'Normal', 'Unavailable'),
('b4', 1, 'D', 9, 'Normal', 'Unavailable'),
('b4', 1, 'D', 10, 'Normal', 'Unavailable'),
('b4', 1, 'E', 1, 'Normal', 'Available'),
('b4', 1, 'E', 2, 'Normal', 'Available'),
('b4', 1, 'E', 3, 'Normal', 'Unavailable'),
('b4', 1, 'E', 4, 'VIP', 'Available'),
('b4', 1, 'E', 5, 'VIP', 'Available'),
('b4', 1, 'E', 6, 'VIP', 'Available'),
('b4', 1, 'E', 7, 'Normal', 'Unavailable'),
('b4', 1, 'E', 8, 'Normal', 'Available'),
('b4', 1, 'E', 9, 'Normal', 'Unavailable'),
('b4', 1, 'E', 10, 'Normal', 'Available'),
('b4', 1, 'F', 1, 'Normal', 'Unavailable'),
('b4', 1, 'F', 2, 'Normal', 'Unavailable'),
('b4', 1, 'F', 3, 'Normal', 'Unavailable'),
('b4', 1, 'F', 4, 'VIP', 'Unavailable'),
('b4', 1, 'F', 5, 'VIP', 'Available'),
('b4', 1, 'F', 6, 'VIP', 'Unavailable'),
('b4', 1, 'F', 7, 'Normal', 'Unavailable'),
('b4', 1, 'F', 8, 'Normal', 'Available'),
('b4', 1, 'F', 9, 'Normal', 'Available'),
('b4', 1, 'F', 10, 'Normal', 'Available'),
('b4', 1, 'G', 1, 'Normal', 'Available'),
('b4', 1, 'G', 2, 'Normal', 'Unavailable'),
('b4', 1, 'G', 3, 'Normal', 'Unavailable'),
('b4', 1, 'G', 4, 'Normal', 'Available'),
('b4', 1, 'G', 5, 'Normal', 'Unavailable'),
('b4', 1, 'G', 6, 'Normal', 'Available'),
('b4', 1, 'G', 7, 'Normal', 'Unavailable'),
('b4', 1, 'G', 8, 'Normal', 'Available'),
('b4', 1, 'G', 9, 'Normal', 'Unavailable'),
('b4', 1, 'G', 10, 'Normal', 'Unavailable'),
('b4', 1, 'H', 1, 'Normal', 'Available'),
('b4', 1, 'H', 2, 'Normal', 'Available'),
('b4', 1, 'H', 3, 'Normal', 'Unavailable'),
('b4', 1, 'H', 4, 'Normal', 'Available'),
('b4', 1, 'H', 5, 'Normal', 'Available'),
('b4', 1, 'H', 6, 'Normal', 'Available'),
('b4', 1, 'H', 7, 'Normal', 'Available'),
('b4', 1, 'H', 8, 'Normal', 'Unavailable'),
('b4', 1, 'H', 9, 'Normal', 'Available'),
('b4', 1, 'H', 10, 'Normal', 'Unavailable'),
('b4', 1, 'I', 1, 'Normal', 'Available'),
('b4', 1, 'I', 2, 'Normal', 'Unavailable'),
('b4', 1, 'I', 3, 'Normal', 'Available'),
('b4', 1, 'I', 4, 'Normal', 'Unavailable'),
('b4', 1, 'I', 5, 'Normal', 'Unavailable'),
('b4', 1, 'I', 6, 'Normal', 'Available'),
('b4', 1, 'I', 7, 'Normal', 'Unavailable'),
('b4', 1, 'I', 8, 'Normal', 'Unavailable'),
('b4', 1, 'I', 9, 'Normal', 'Unavailable'),
('b4', 1, 'I', 10, 'Normal', 'Unavailable'),
('b4', 1, 'J', 1, 'Normal', 'Available'),
('b4', 1, 'J', 2, 'Normal', 'Unavailable'),
('b4', 1, 'J', 3, 'Normal', 'Unavailable'),
('b4', 1, 'J', 4, 'Normal', 'Available'),
('b4', 1, 'J', 5, 'Normal', 'Unavailable'),
('b4', 1, 'J', 6, 'Normal', 'Available'),
('b4', 1, 'J', 7, 'Normal', 'Available'),
('b4', 1, 'J', 8, 'Normal', 'Available'),
('b4', 1, 'J', 9, 'Normal', 'Available'),
('b4', 1, 'J', 10, 'Normal', 'Unavailable'),
('b4', 2, 'A', 1, 'Normal', 'Unavailable'),
('b4', 2, 'A', 2, 'Normal', 'Unavailable'),
('b4', 2, 'A', 3, 'Normal', 'Available'),
('b4', 2, 'A', 4, 'Normal', 'Unavailable'),
('b4', 2, 'A', 5, 'Normal', 'Unavailable'),
('b4', 2, 'A', 6, 'Normal', 'Unavailable'),
('b4', 2, 'A', 7, 'Normal', 'Unavailable'),
('b4', 2, 'A', 8, 'Normal', 'Available'),
('b4', 2, 'A', 9, 'Normal', 'Unavailable'),
('b4', 2, 'A', 10, 'Normal', 'Available'),
('b4', 2, 'B', 1, 'Normal', 'Unavailable'),
('b4', 2, 'B', 2, 'Normal', 'Unavailable'),
('b4', 2, 'B', 3, 'Normal', 'Available'),
('b4', 2, 'B', 4, 'Normal', 'Unavailable'),
('b4', 2, 'B', 5, 'Normal', 'Unavailable'),
('b4', 2, 'B', 6, 'Normal', 'Available'),
('b4', 2, 'B', 7, 'Normal', 'Unavailable'),
('b4', 2, 'B', 8, 'Normal', 'Available'),
('b4', 2, 'B', 9, 'Normal', 'Available'),
('b4', 2, 'B', 10, 'Normal', 'Unavailable'),
('b4', 2, 'C', 1, 'Normal', 'Available'),
('b4', 2, 'C', 2, 'Normal', 'Unavailable'),
('b4', 2, 'C', 3, 'Normal', 'Available'),
('b4', 2, 'C', 4, 'Normal', 'Available'),
('b4', 2, 'C', 5, 'Normal', 'Available'),
('b4', 2, 'C', 6, 'Normal', 'Available'),
('b4', 2, 'C', 7, 'Normal', 'Available'),
('b4', 2, 'C', 8, 'Normal', 'Available'),
('b4', 2, 'C', 9, 'Normal', 'Unavailable'),
('b4', 2, 'C', 10, 'Normal', 'Unavailable'),
('b4', 2, 'D', 1, 'Normal', 'Available'),
('b4', 2, 'D', 2, 'Normal', 'Unavailable'),
('b4', 2, 'D', 3, 'Normal', 'Unavailable'),
('b4', 2, 'D', 4, 'VIP', 'Available'),
('b4', 2, 'D', 5, 'VIP', 'Available'),
('b4', 2, 'D', 6, 'VIP', 'Unavailable'),
('b4', 2, 'D', 7, 'Normal', 'Unavailable'),
('b4', 2, 'D', 8, 'Normal', 'Unavailable'),
('b4', 2, 'D', 9, 'Normal', 'Available'),
('b4', 2, 'D', 10, 'Normal', 'Unavailable'),
('b4', 2, 'E', 1, 'Normal', 'Unavailable'),
('b4', 2, 'E', 2, 'Normal', 'Unavailable'),
('b4', 2, 'E', 3, 'Normal', 'Unavailable'),
('b4', 2, 'E', 4, 'VIP', 'Unavailable'),
('b4', 2, 'E', 5, 'VIP', 'Available'),
('b4', 2, 'E', 6, 'VIP', 'Unavailable'),
('b4', 2, 'E', 7, 'Normal', 'Unavailable'),
('b4', 2, 'E', 8, 'Normal', 'Available'),
('b4', 2, 'E', 9, 'Normal', 'Available'),
('b4', 2, 'E', 10, 'Normal', 'Available'),
('b4', 2, 'F', 1, 'Normal', 'Unavailable'),
('b4', 2, 'F', 2, 'Normal', 'Available'),
('b4', 2, 'F', 3, 'Normal', 'Unavailable'),
('b4', 2, 'F', 4, 'VIP', 'Available'),
('b4', 2, 'F', 5, 'VIP', 'Available'),
('b4', 2, 'F', 6, 'VIP', 'Available'),
('b4', 2, 'F', 7, 'Normal', 'Available'),
('b4', 2, 'F', 8, 'Normal', 'Unavailable'),
('b4', 2, 'F', 9, 'Normal', 'Unavailable'),
('b4', 2, 'F', 10, 'Normal', 'Available'),
('b4', 2, 'G', 1, 'Normal', 'Available'),
('b4', 2, 'G', 2, 'Normal', 'Unavailable'),
('b4', 2, 'G', 3, 'Normal', 'Unavailable'),
('b4', 2, 'G', 4, 'Normal', 'Unavailable'),
('b4', 2, 'G', 5, 'Normal', 'Unavailable'),
('b4', 2, 'G', 6, 'Normal', 'Unavailable'),
('b4', 2, 'G', 7, 'Normal', 'Unavailable'),
('b4', 2, 'G', 8, 'Normal', 'Available'),
('b4', 2, 'G', 9, 'Normal', 'Available'),
('b4', 2, 'G', 10, 'Normal', 'Unavailable'),
('b4', 2, 'H', 1, 'Normal', 'Available'),
('b4', 2, 'H', 2, 'Normal', 'Available'),
('b4', 2, 'H', 3, 'Normal', 'Unavailable'),
('b4', 2, 'H', 4, 'Normal', 'Unavailable'),
('b4', 2, 'H', 5, 'Normal', 'Available'),
('b4', 2, 'H', 6, 'Normal', 'Available'),
('b4', 2, 'H', 7, 'Normal', 'Unavailable'),
('b4', 2, 'H', 8, 'Normal', 'Unavailable'),
('b4', 2, 'H', 9, 'Normal', 'Unavailable'),
('b4', 2, 'H', 10, 'Normal', 'Available'),
('b4', 2, 'I', 1, 'Normal', 'Available'),
('b4', 2, 'I', 2, 'Normal', 'Available'),
('b4', 2, 'I', 3, 'Normal', 'Available'),
('b4', 2, 'I', 4, 'Normal', 'Available'),
('b4', 2, 'I', 5, 'Normal', 'Unavailable'),
('b4', 2, 'I', 6, 'Normal', 'Unavailable'),
('b4', 2, 'I', 7, 'Normal', 'Available'),
('b4', 2, 'I', 8, 'Normal', 'Available'),
('b4', 2, 'I', 9, 'Normal', 'Unavailable'),
('b4', 2, 'I', 10, 'Normal', 'Available'),
('b4', 2, 'J', 1, 'Normal', 'Unavailable'),
('b4', 2, 'J', 2, 'Normal', 'Unavailable'),
('b4', 2, 'J', 3, 'Normal', 'Available'),
('b4', 2, 'J', 4, 'Normal', 'Unavailable'),
('b4', 2, 'J', 5, 'Normal', 'Available'),
('b4', 2, 'J', 6, 'Normal', 'Unavailable'),
('b4', 2, 'J', 7, 'Normal', 'Unavailable'),
('b4', 2, 'J', 8, 'Normal', 'Unavailable'),
('b4', 2, 'J', 9, 'Normal', 'Available'),
('b4', 2, 'J', 10, 'Normal', 'Unavailable'),
('b4', 3, 'A', 1, 'Normal', 'Available'),
('b4', 3, 'A', 2, 'Normal', 'Available'),
('b4', 3, 'A', 3, 'Normal', 'Available'),
('b4', 3, 'A', 4, 'Normal', 'Unavailable'),
('b4', 3, 'A', 5, 'Normal', 'Available'),
('b4', 3, 'A', 6, 'Normal', 'Unavailable'),
('b4', 3, 'A', 7, 'Normal', 'Available'),
('b4', 3, 'A', 8, 'Normal', 'Unavailable'),
('b4', 3, 'A', 9, 'Normal', 'Unavailable'),
('b4', 3, 'A', 10, 'Normal', 'Unavailable'),
('b4', 3, 'B', 1, 'Normal', 'Unavailable'),
('b4', 3, 'B', 2, 'Normal', 'Unavailable'),
('b4', 3, 'B', 3, 'Normal', 'Available'),
('b4', 3, 'B', 4, 'Normal', 'Available'),
('b4', 3, 'B', 5, 'Normal', 'Available'),
('b4', 3, 'B', 6, 'Normal', 'Available'),
('b4', 3, 'B', 7, 'Normal', 'Unavailable'),
('b4', 3, 'B', 8, 'Normal', 'Unavailable'),
('b4', 3, 'B', 9, 'Normal', 'Unavailable'),
('b4', 3, 'B', 10, 'Normal', 'Available'),
('b4', 3, 'C', 1, 'Normal', 'Available'),
('b4', 3, 'C', 2, 'Normal', 'Unavailable'),
('b4', 3, 'C', 3, 'Normal', 'Available'),
('b4', 3, 'C', 4, 'Normal', 'Unavailable'),
('b4', 3, 'C', 5, 'Normal', 'Unavailable'),
('b4', 3, 'C', 6, 'Normal', 'Available'),
('b4', 3, 'C', 7, 'Normal', 'Unavailable'),
('b4', 3, 'C', 8, 'Normal', 'Unavailable'),
('b4', 3, 'C', 9, 'Normal', 'Available'),
('b4', 3, 'C', 10, 'Normal', 'Unavailable'),
('b4', 3, 'D', 1, 'Normal', 'Available'),
('b4', 3, 'D', 2, 'Normal', 'Unavailable'),
('b4', 3, 'D', 3, 'Normal', 'Available'),
('b4', 3, 'D', 4, 'VIP', 'Available'),
('b4', 3, 'D', 5, 'VIP', 'Available'),
('b4', 3, 'D', 6, 'VIP', 'Unavailable'),
('b4', 3, 'D', 7, 'Normal', 'Available'),
('b4', 3, 'D', 8, 'Normal', 'Available'),
('b4', 3, 'D', 9, 'Normal', 'Available'),
('b4', 3, 'D', 10, 'Normal', 'Unavailable'),
('b4', 3, 'E', 1, 'Normal', 'Available'),
('b4', 3, 'E', 2, 'Normal', 'Available'),
('b4', 3, 'E', 3, 'Normal', 'Available'),
('b4', 3, 'E', 4, 'VIP', 'Available'),
('b4', 3, 'E', 5, 'VIP', 'Available'),
('b4', 3, 'E', 6, 'VIP', 'Available'),
('b4', 3, 'E', 7, 'Normal', 'Unavailable'),
('b4', 3, 'E', 8, 'Normal', 'Unavailable'),
('b4', 3, 'E', 9, 'Normal', 'Unavailable'),
('b4', 3, 'E', 10, 'Normal', 'Unavailable'),
('b4', 3, 'F', 1, 'Normal', 'Unavailable'),
('b4', 3, 'F', 2, 'Normal', 'Unavailable'),
('b4', 3, 'F', 3, 'Normal', 'Unavailable'),
('b4', 3, 'F', 4, 'VIP', 'Available'),
('b4', 3, 'F', 5, 'VIP', 'Available'),
('b4', 3, 'F', 6, 'VIP', 'Unavailable'),
('b4', 3, 'F', 7, 'Normal', 'Unavailable'),
('b4', 3, 'F', 8, 'Normal', 'Available'),
('b4', 3, 'F', 9, 'Normal', 'Unavailable'),
('b4', 3, 'F', 10, 'Normal', 'Unavailable'),
('b4', 3, 'G', 1, 'Normal', 'Available'),
('b4', 3, 'G', 2, 'Normal', 'Unavailable'),
('b4', 3, 'G', 3, 'Normal', 'Available'),
('b4', 3, 'G', 4, 'Normal', 'Unavailable'),
('b4', 3, 'G', 5, 'Normal', 'Available'),
('b4', 3, 'G', 6, 'Normal', 'Unavailable'),
('b4', 3, 'G', 7, 'Normal', 'Available'),
('b4', 3, 'G', 8, 'Normal', 'Available'),
('b4', 3, 'G', 9, 'Normal', 'Available'),
('b4', 3, 'G', 10, 'Normal', 'Available'),
('b4', 3, 'H', 1, 'Normal', 'Available'),
('b4', 3, 'H', 2, 'Normal', 'Available'),
('b4', 3, 'H', 3, 'Normal', 'Unavailable'),
('b4', 3, 'H', 4, 'Normal', 'Unavailable'),
('b4', 3, 'H', 5, 'Normal', 'Available'),
('b4', 3, 'H', 6, 'Normal', 'Available'),
('b4', 3, 'H', 7, 'Normal', 'Available'),
('b4', 3, 'H', 8, 'Normal', 'Unavailable'),
('b4', 3, 'H', 9, 'Normal', 'Unavailable'),
('b4', 3, 'H', 10, 'Normal', 'Unavailable'),
('b4', 3, 'I', 1, 'Normal', 'Unavailable'),
('b4', 3, 'I', 2, 'Normal', 'Unavailable'),
('b4', 3, 'I', 3, 'Normal', 'Unavailable'),
('b4', 3, 'I', 4, 'Normal', 'Unavailable'),
('b4', 3, 'I', 5, 'Normal', 'Unavailable'),
('b4', 3, 'I', 6, 'Normal', 'Available'),
('b4', 3, 'I', 7, 'Normal', 'Available'),
('b4', 3, 'I', 8, 'Normal', 'Unavailable'),
('b4', 3, 'I', 9, 'Normal', 'Unavailable'),
('b4', 3, 'I', 10, 'Normal', 'Available'),
('b4', 3, 'J', 1, 'Normal', 'Unavailable'),
('b4', 3, 'J', 2, 'Normal', 'Available'),
('b4', 3, 'J', 3, 'Normal', 'Unavailable'),
('b4', 3, 'J', 4, 'Normal', 'Available'),
('b4', 3, 'J', 5, 'Normal', 'Available'),
('b4', 3, 'J', 6, 'Normal', 'Available'),
('b4', 3, 'J', 7, 'Normal', 'Unavailable'),
('b4', 3, 'J', 8, 'Normal', 'Available'),
('b4', 3, 'J', 9, 'Normal', 'Unavailable'),
('b4', 3, 'J', 10, 'Normal', 'Available'),
('b4', 4, 'A', 1, 'Normal', 'Unavailable'),
('b4', 4, 'A', 2, 'Normal', 'Available'),
('b4', 4, 'A', 3, 'Normal', 'Available'),
('b4', 4, 'A', 4, 'Normal', 'Unavailable'),
('b4', 4, 'A', 5, 'Normal', 'Available'),
('b4', 4, 'A', 6, 'Normal', 'Available'),
('b4', 4, 'A', 7, 'Normal', 'Unavailable'),
('b4', 4, 'A', 8, 'Normal', 'Unavailable'),
('b4', 4, 'A', 9, 'Normal', 'Unavailable'),
('b4', 4, 'A', 10, 'Normal', 'Unavailable'),
('b4', 4, 'B', 1, 'Normal', 'Unavailable'),
('b4', 4, 'B', 2, 'Normal', 'Available'),
('b4', 4, 'B', 3, 'Normal', 'Unavailable'),
('b4', 4, 'B', 4, 'Normal', 'Available'),
('b4', 4, 'B', 5, 'Normal', 'Unavailable'),
('b4', 4, 'B', 6, 'Normal', 'Unavailable'),
('b4', 4, 'B', 7, 'Normal', 'Unavailable'),
('b4', 4, 'B', 8, 'Normal', 'Unavailable'),
('b4', 4, 'B', 9, 'Normal', 'Unavailable'),
('b4', 4, 'B', 10, 'Normal', 'Unavailable'),
('b4', 4, 'C', 1, 'Normal', 'Available'),
('b4', 4, 'C', 2, 'Normal', 'Available'),
('b4', 4, 'C', 3, 'Normal', 'Unavailable'),
('b4', 4, 'C', 4, 'Normal', 'Available'),
('b4', 4, 'C', 5, 'Normal', 'Unavailable'),
('b4', 4, 'C', 6, 'Normal', 'Unavailable'),
('b4', 4, 'C', 7, 'Normal', 'Unavailable'),
('b4', 4, 'C', 8, 'Normal', 'Available'),
('b4', 4, 'C', 9, 'Normal', 'Unavailable'),
('b4', 4, 'C', 10, 'Normal', 'Unavailable'),
('b4', 4, 'D', 1, 'Normal', 'Available'),
('b4', 4, 'D', 2, 'Normal', 'Unavailable'),
('b4', 4, 'D', 3, 'Normal', 'Available'),
('b4', 4, 'D', 4, 'VIP', 'Available'),
('b4', 4, 'D', 5, 'VIP', 'Available'),
('b4', 4, 'D', 6, 'VIP', 'Available'),
('b4', 4, 'D', 7, 'Normal', 'Unavailable'),
('b4', 4, 'D', 8, 'Normal', 'Unavailable'),
('b4', 4, 'D', 9, 'Normal', 'Unavailable'),
('b4', 4, 'D', 10, 'Normal', 'Unavailable'),
('b4', 4, 'E', 1, 'Normal', 'Unavailable'),
('b4', 4, 'E', 2, 'Normal', 'Unavailable'),
('b4', 4, 'E', 3, 'Normal', 'Unavailable'),
('b4', 4, 'E', 4, 'VIP', 'Available'),
('b4', 4, 'E', 5, 'VIP', 'Unavailable'),
('b4', 4, 'E', 6, 'VIP', 'Unavailable'),
('b4', 4, 'E', 7, 'Normal', 'Available'),
('b4', 4, 'E', 8, 'Normal', 'Available'),
('b4', 4, 'E', 9, 'Normal', 'Available'),
('b4', 4, 'E', 10, 'Normal', 'Unavailable'),
('b4', 4, 'F', 1, 'Normal', 'Unavailable'),
('b4', 4, 'F', 2, 'Normal', 'Unavailable'),
('b4', 4, 'F', 3, 'Normal', 'Available'),
('b4', 4, 'F', 4, 'VIP', 'Unavailable'),
('b4', 4, 'F', 5, 'VIP', 'Available'),
('b4', 4, 'F', 6, 'VIP', 'Unavailable'),
('b4', 4, 'F', 7, 'Normal', 'Available'),
('b4', 4, 'F', 8, 'Normal', 'Unavailable'),
('b4', 4, 'F', 9, 'Normal', 'Available'),
('b4', 4, 'F', 10, 'Normal', 'Available'),
('b4', 4, 'G', 1, 'Normal', 'Available'),
('b4', 4, 'G', 2, 'Normal', 'Unavailable'),
('b4', 4, 'G', 3, 'Normal', 'Available'),
('b4', 4, 'G', 4, 'Normal', 'Unavailable'),
('b4', 4, 'G', 5, 'Normal', 'Unavailable'),
('b4', 4, 'G', 6, 'Normal', 'Unavailable'),
('b4', 4, 'G', 7, 'Normal', 'Unavailable'),
('b4', 4, 'G', 8, 'Normal', 'Unavailable'),
('b4', 4, 'G', 9, 'Normal', 'Unavailable'),
('b4', 4, 'G', 10, 'Normal', 'Available'),
('b4', 4, 'H', 1, 'Normal', 'Unavailable'),
('b4', 4, 'H', 2, 'Normal', 'Available'),
('b4', 4, 'H', 3, 'Normal', 'Available'),
('b4', 4, 'H', 4, 'Normal', 'Unavailable'),
('b4', 4, 'H', 5, 'Normal', 'Available'),
('b4', 4, 'H', 6, 'Normal', 'Available'),
('b4', 4, 'H', 7, 'Normal', 'Unavailable'),
('b4', 4, 'H', 8, 'Normal', 'Available'),
('b4', 4, 'H', 9, 'Normal', 'Unavailable'),
('b4', 4, 'H', 10, 'Normal', 'Unavailable'),
('b4', 4, 'I', 1, 'Normal', 'Available'),
('b4', 4, 'I', 2, 'Normal', 'Unavailable'),
('b4', 4, 'I', 3, 'Normal', 'Unavailable'),
('b4', 4, 'I', 4, 'Normal', 'Unavailable'),
('b4', 4, 'I', 5, 'Normal', 'Unavailable'),
('b4', 4, 'I', 6, 'Normal', 'Unavailable'),
('b4', 4, 'I', 7, 'Normal', 'Unavailable'),
('b4', 4, 'I', 8, 'Normal', 'Unavailable'),
('b4', 4, 'I', 9, 'Normal', 'Available'),
('b4', 4, 'I', 10, 'Normal', 'Unavailable'),
('b4', 4, 'J', 1, 'Normal', 'Available'),
('b4', 4, 'J', 2, 'Normal', 'Unavailable'),
('b4', 4, 'J', 3, 'Normal', 'Available'),
('b4', 4, 'J', 4, 'Normal', 'Available'),
('b4', 4, 'J', 5, 'Normal', 'Unavailable'),
('b4', 4, 'J', 6, 'Normal', 'Unavailable'),
('b4', 4, 'J', 7, 'Normal', 'Available'),
('b4', 4, 'J', 8, 'Normal', 'Unavailable'),
('b4', 4, 'J', 9, 'Normal', 'Unavailable'),
('b4', 4, 'J', 10, 'Normal', 'Available'),
('b4', 5, 'A', 1, 'Normal', 'Available'),
('b4', 5, 'A', 2, 'Normal', 'Available'),
('b4', 5, 'A', 3, 'Normal', 'Available'),
('b4', 5, 'A', 4, 'Normal', 'Unavailable'),
('b4', 5, 'A', 5, 'Normal', 'Unavailable'),
('b4', 5, 'A', 6, 'Normal', 'Available'),
('b4', 5, 'A', 7, 'Normal', 'Unavailable'),
('b4', 5, 'A', 8, 'Normal', 'Available'),
('b4', 5, 'A', 9, 'Normal', 'Available'),
('b4', 5, 'A', 10, 'Normal', 'Unavailable'),
('b4', 5, 'B', 1, 'Normal', 'Unavailable'),
('b4', 5, 'B', 2, 'Normal', 'Available'),
('b4', 5, 'B', 3, 'Normal', 'Unavailable'),
('b4', 5, 'B', 4, 'Normal', 'Available'),
('b4', 5, 'B', 5, 'Normal', 'Unavailable'),
('b4', 5, 'B', 6, 'Normal', 'Available'),
('b4', 5, 'B', 7, 'Normal', 'Unavailable'),
('b4', 5, 'B', 8, 'Normal', 'Available'),
('b4', 5, 'B', 9, 'Normal', 'Unavailable'),
('b4', 5, 'B', 10, 'Normal', 'Unavailable'),
('b4', 5, 'C', 1, 'Normal', 'Unavailable'),
('b4', 5, 'C', 2, 'Normal', 'Unavailable'),
('b4', 5, 'C', 3, 'Normal', 'Available'),
('b4', 5, 'C', 4, 'Normal', 'Available'),
('b4', 5, 'C', 5, 'Normal', 'Unavailable'),
('b4', 5, 'C', 6, 'Normal', 'Unavailable'),
('b4', 5, 'C', 7, 'Normal', 'Unavailable'),
('b4', 5, 'C', 8, 'Normal', 'Unavailable'),
('b4', 5, 'C', 9, 'Normal', 'Unavailable'),
('b4', 5, 'C', 10, 'Normal', 'Unavailable'),
('b4', 5, 'D', 1, 'Normal', 'Unavailable'),
('b4', 5, 'D', 2, 'Normal', 'Available'),
('b4', 5, 'D', 3, 'Normal', 'Available'),
('b4', 5, 'D', 4, 'VIP', 'Available'),
('b4', 5, 'D', 5, 'VIP', 'Available'),
('b4', 5, 'D', 6, 'VIP', 'Unavailable'),
('b4', 5, 'D', 7, 'Normal', 'Unavailable'),
('b4', 5, 'D', 8, 'Normal', 'Available'),
('b4', 5, 'D', 9, 'Normal', 'Unavailable'),
('b4', 5, 'D', 10, 'Normal', 'Unavailable'),
('b4', 5, 'E', 1, 'Normal', 'Unavailable'),
('b4', 5, 'E', 2, 'Normal', 'Available'),
('b4', 5, 'E', 3, 'Normal', 'Unavailable');
INSERT INTO `seat` (`Branch_code`, `Number`, `Row_index`, `Col_index`, `Type`, `State`) VALUES
('b4', 5, 'E', 4, 'VIP', 'Unavailable'),
('b4', 5, 'E', 5, 'VIP', 'Available'),
('b4', 5, 'E', 6, 'VIP', 'Unavailable'),
('b4', 5, 'E', 7, 'Normal', 'Available'),
('b4', 5, 'E', 8, 'Normal', 'Unavailable'),
('b4', 5, 'E', 9, 'Normal', 'Available'),
('b4', 5, 'E', 10, 'Normal', 'Unavailable'),
('b4', 5, 'F', 1, 'Normal', 'Available'),
('b4', 5, 'F', 2, 'Normal', 'Unavailable'),
('b4', 5, 'F', 3, 'Normal', 'Available'),
('b4', 5, 'F', 4, 'VIP', 'Available'),
('b4', 5, 'F', 5, 'VIP', 'Unavailable'),
('b4', 5, 'F', 6, 'VIP', 'Unavailable'),
('b4', 5, 'F', 7, 'Normal', 'Unavailable'),
('b4', 5, 'F', 8, 'Normal', 'Available'),
('b4', 5, 'F', 9, 'Normal', 'Available'),
('b4', 5, 'F', 10, 'Normal', 'Available'),
('b4', 5, 'G', 1, 'Normal', 'Available'),
('b4', 5, 'G', 2, 'Normal', 'Available'),
('b4', 5, 'G', 3, 'Normal', 'Unavailable'),
('b4', 5, 'G', 4, 'Normal', 'Unavailable'),
('b4', 5, 'G', 5, 'Normal', 'Available'),
('b4', 5, 'G', 6, 'Normal', 'Unavailable'),
('b4', 5, 'G', 7, 'Normal', 'Available'),
('b4', 5, 'G', 8, 'Normal', 'Available'),
('b4', 5, 'G', 9, 'Normal', 'Unavailable'),
('b4', 5, 'G', 10, 'Normal', 'Unavailable'),
('b4', 5, 'H', 1, 'Normal', 'Unavailable'),
('b4', 5, 'H', 2, 'Normal', 'Available'),
('b4', 5, 'H', 3, 'Normal', 'Available'),
('b4', 5, 'H', 4, 'Normal', 'Available'),
('b4', 5, 'H', 5, 'Normal', 'Available'),
('b4', 5, 'H', 6, 'Normal', 'Available'),
('b4', 5, 'H', 7, 'Normal', 'Available'),
('b4', 5, 'H', 8, 'Normal', 'Available'),
('b4', 5, 'H', 9, 'Normal', 'Available'),
('b4', 5, 'H', 10, 'Normal', 'Unavailable'),
('b4', 5, 'I', 1, 'Normal', 'Unavailable'),
('b4', 5, 'I', 2, 'Normal', 'Unavailable'),
('b4', 5, 'I', 3, 'Normal', 'Unavailable'),
('b4', 5, 'I', 4, 'Normal', 'Available'),
('b4', 5, 'I', 5, 'Normal', 'Unavailable'),
('b4', 5, 'I', 6, 'Normal', 'Unavailable'),
('b4', 5, 'I', 7, 'Normal', 'Available'),
('b4', 5, 'I', 8, 'Normal', 'Unavailable'),
('b4', 5, 'I', 9, 'Normal', 'Unavailable'),
('b4', 5, 'I', 10, 'Normal', 'Available'),
('b4', 5, 'J', 1, 'Normal', 'Unavailable'),
('b4', 5, 'J', 2, 'Normal', 'Available'),
('b4', 5, 'J', 3, 'Normal', 'Unavailable'),
('b4', 5, 'J', 4, 'Normal', 'Unavailable'),
('b4', 5, 'J', 5, 'Normal', 'Unavailable'),
('b4', 5, 'J', 6, 'Normal', 'Available'),
('b4', 5, 'J', 7, 'Normal', 'Available'),
('b4', 5, 'J', 8, 'Normal', 'Unavailable'),
('b4', 5, 'J', 9, 'Normal', 'Unavailable'),
('b4', 5, 'J', 10, 'Normal', 'Unavailable');

-- --------------------------------------------------------

--
-- Table structure for table `theatre`
--

CREATE TABLE `theatre` (
  `Branch_code` varchar(2) NOT NULL,
  `Name` varchar(50) NOT NULL,
  `Address` varchar(50) NOT NULL
) ENGINE=InnoDB DEFAULT CHARSET=utf8mb4;

--
-- Dumping data for table `theatre`
--

INSERT INTO `theatre` (`Branch_code`, `Name`, `Address`) VALUES
('b0', 'CGV Sinh vin', '71100 Swallow Street'),
('b1', 'CGV Vincom Bch Khoa', '857 Lunder Drive'),
('b2', 'CGV Lam Sn', '88 Doe Crossing Hill'),
('b3', 'CGV Th c', '496 Beilfuss Circle'),
('b4', 'CGV Hng Vng', '0 Darwin Court');

-- --------------------------------------------------------

--
-- Table structure for table `ticket`
--

CREATE TABLE `ticket` (
  `TicketID` varchar(9) NOT NULL,
  `Invoice_num` varchar(9) NOT NULL,
  `Branch_code` varchar(2) NOT NULL,
  `Room_number` int(11) NOT NULL,
  `Row_index` varchar(1) NOT NULL,
  `Col_index` int(11) NOT NULL,
  `ShowID` varchar(9) NOT NULL
) ENGINE=InnoDB DEFAULT CHARSET=utf8mb4;

--
-- Dumping data for table `ticket`
--

INSERT INTO `ticket` (`TicketID`, `Invoice_num`, `Branch_code`, `Room_number`, `Row_index`, `Col_index`, `ShowID`) VALUES
('t00395523', 'o00128357', 'b0', 1, 'A', 1, 's82663010'),
('t00422454', 'o00266088', 'b0', 1, 'A', 2, 's82663010'),
('t01067244', 'o00325858', 'b0', 1, 'A', 3, 's82663010'),
('t01393549', 'o00594733', 'b0', 1, 'A', 4, 's82663010'),
('t01860798', 'o00868179', 'b0', 1, 'A', 5, 's82663010'),
('t01919957', 'o01037881', 'b0', 1, 'A', 6, 's82663010'),
('t02014212', 'o01118371', 'b0', 1, 'A', 7, 's82663010'),
('t02143764', 'o01189037', 'b0', 1, 'A', 8, 's82663010'),
('t02250260', 'o01278137', 'b0', 1, 'A', 9, 's82663010'),
('t02680971', 'o01329218', 'b0', 1, 'A', 10, 's82663010'),
('t02681694', 'o01364763', 'b0', 1, 'B', 1, 's82663010'),
('t02983908', 'o01450797', 'b0', 1, 'B', 2, 's82663010'),
('t03489459', 'o01609189', 'b0', 1, 'B', 3, 's82663010'),
('t03508755', 'o01651238', 'b0', 1, 'B', 4, 's82663010'),
('t04087586', 'o01660076', 'b0', 1, 'B', 5, 's82663010'),
('t04441141', 'o01732380', 'b0', 1, 'B', 6, 's82663010'),
('t04578873', 'o01757980', 'b0', 1, 'B', 7, 's82663010'),
('t04693525', 'o01820337', 'b0', 1, 'B', 8, 's82663010'),
('t05062469', 'o02049312', 'b0', 1, 'B', 9, 's82663010'),
('t05072931', 'o02078082', 'b0', 1, 'B', 10, 's82663010'),
('t05076795', 'o02355010', 'b0', 1, 'C', 1, 's82663010'),
('t05358815', 'o02430183', 'b0', 1, 'C', 2, 's82663010'),
('t05533583', 'o02614437', 'b0', 1, 'C', 3, 's82663010'),
('t05614025', 'o02632171', 'b0', 1, 'C', 4, 's82663010'),
('t05645423', 'o02702603', 'b0', 1, 'C', 5, 's82663010'),
('t05782749', 'o02764427', 'b0', 1, 'C', 6, 's82663010'),
('t06377163', 'o02773810', 'b0', 1, 'C', 7, 's82663010'),
('t06431481', 'o02829687', 'b0', 1, 'C', 8, 's82663010'),
('t06811718', 'o02865501', 'b0', 1, 'C', 9, 's82663010'),
('t07004624', 'o02935464', 'b0', 1, 'C', 10, 's82663010'),
('t07545325', 'o02950966', 'b0', 1, 'D', 1, 's82663010'),
('t07808014', 'o03039841', 'b0', 1, 'D', 2, 's82663010'),
('t07844346', 'o03065520', 'b0', 1, 'D', 3, 's82663010'),
('t07847793', 'o03411867', 'b0', 1, 'D', 4, 's82663010'),
('t08044838', 'o03440577', 'b0', 1, 'D', 5, 's82663010'),
('t08063346', 'o03536163', 'b0', 1, 'D', 6, 's82663010'),
('t08342452', 'o03929649', 'b0', 1, 'D', 7, 's82663010'),
('t08804191', 'o03960063', 'b0', 1, 'D', 8, 's82663010'),
('t08938671', 'o04180549', 'b0', 1, 'D', 9, 's82663010'),
('t09600956', 'o04265677', 'b0', 1, 'D', 10, 's82663010'),
('t10050705', 'o04482467', 'b0', 1, 'E', 1, 's82663010'),
('t10074602', 'o04592694', 'b0', 1, 'E', 2, 's82663010'),
('t10394095', 'o04753289', 'b0', 1, 'E', 3, 's82663010'),
('t10407854', 'o04793205', 'b0', 1, 'E', 4, 's82663010'),
('t10604952', 'o04823140', 'b0', 1, 'E', 5, 's82663010'),
('t10613584', 'o04887098', 'b0', 1, 'E', 6, 's82663010'),
('t11269292', 'o05324897', 'b0', 1, 'E', 7, 's82663010'),
('t11293646', 'o05351804', 'b0', 1, 'E', 8, 's82663010'),
('t11856022', 'o05397613', 'b0', 1, 'E', 9, 's82663010'),
('t11871306', 'o05560140', 'b0', 1, 'E', 10, 's82663010'),
('t11937679', 'o05692709', 'b0', 1, 'F', 1, 's82663010'),
('t11948840', 'o05834441', 'b0', 1, 'F', 2, 's82663010'),
('t12459978', 'o05902263', 'b0', 1, 'F', 3, 's82663010'),
('t12646454', 'o05979450', 'b0', 1, 'F', 4, 's82663010'),
('t12772166', 'o05993285', 'b0', 1, 'F', 5, 's82663010'),
('t12857775', 'o06045794', 'b0', 1, 'F', 6, 's82663010'),
('t12860924', 'o06093258', 'b0', 1, 'F', 7, 's82663010'),
('t13002766', 'o06098818', 'b0', 1, 'F', 8, 's82663010'),
('t13195122', 'o06390482', 'b0', 1, 'F', 9, 's82663010'),
('t13765307', 'o06457466', 'b0', 1, 'F', 10, 's82663010'),
('t13767698', 'o06793937', 'b0', 1, 'G', 1, 's82663010'),
('t13987097', 'o06983536', 'b0', 1, 'G', 2, 's82663010'),
('t14143074', 'o07125099', 'b0', 1, 'G', 3, 's82663010'),
('t14175822', 'o07171479', 'b0', 1, 'G', 4, 's82663010'),
('t14365674', 'o07177430', 'b0', 1, 'G', 5, 's82663010'),
('t14618211', 'o07289718', 'b0', 1, 'G', 6, 's82663010'),
('t14770156', 'o07524641', 'b0', 1, 'G', 7, 's82663010'),
('t15112470', 'o07537295', 'b0', 1, 'G', 8, 's82663010'),
('t15462985', 'o07940521', 'b0', 1, 'G', 9, 's82663010'),
('t15727738', 'o07997588', 'b0', 1, 'G', 10, 's82663010'),
('t15895584', 'o08012374', 'b0', 1, 'H', 1, 's82663010'),
('t15940177', 'o08137915', 'b0', 1, 'H', 2, 's82663010'),
('t15991975', 'o08206400', 'b0', 1, 'H', 3, 's82663010'),
('t16152449', 'o08289783', 'b0', 1, 'H', 4, 's82663010'),
('t16447984', 'o08360701', 'b0', 1, 'H', 5, 's82663010'),
('t16933842', 'o08376267', 'b0', 1, 'H', 6, 's82663010'),
('t17074326', 'o08505774', 'b0', 1, 'H', 7, 's82663010'),
('t17144545', 'o08508166', 'b0', 1, 'H', 8, 's82663010'),
('t17207692', 'o08584663', 'b0', 1, 'H', 9, 's82663010'),
('t17315129', 'o08720210', 'b0', 1, 'H', 10, 's82663010'),
('t17805006', 'o08746968', 'b0', 1, 'I', 1, 's82663010'),
('t17944720', 'o08876087', 'b0', 1, 'I', 2, 's82663010'),
('t18148051', 'o08913569', 'b0', 1, 'I', 3, 's82663010'),
('t18200957', 'o08932955', 'b0', 1, 'I', 4, 's82663010'),
('t18495725', 'o09055476', 'b0', 1, 'I', 5, 's82663010'),
('t18666870', 'o09128927', 'b0', 1, 'I', 6, 's82663010'),
('t18741176', 'o09185985', 'b0', 1, 'I', 7, 's82663010'),
('t18934722', 'o09314127', 'b0', 1, 'I', 8, 's82663010'),
('t18982119', 'o09496873', 'b0', 1, 'I', 9, 's82663010'),
('t19045961', 'o09730605', 'b0', 1, 'I', 10, 's82663010'),
('t19235097', 'o09764999', 'b0', 1, 'J', 1, 's82663010'),
('t19349131', 'o09766851', 'b0', 1, 'J', 2, 's82663010'),
('t19539365', 'o09873212', 'b0', 1, 'J', 3, 's82663010'),
('t19553619', 'o10068925', 'b0', 1, 'J', 4, 's82663010'),
('t19678149', 'o10082169', 'b0', 1, 'J', 5, 's82663010'),
('t19756671', 'o10439224', 'b0', 1, 'J', 6, 's82663010'),
('t19784923', 'o10505521', 'b0', 1, 'J', 7, 's82663010'),
('t19962906', 'o10662920', 'b0', 1, 'J', 8, 's82663010'),
('t19974758', 'o10916816', 'b0', 1, 'J', 9, 's82663010'),
('t20173849', 'o10961404', 'b0', 1, 'J', 10, 's82663010'),
('t20278819', 'o10966782', 'b0', 1, 'A', 1, 's97179598'),
('t20543059', 'o11064143', 'b0', 1, 'A', 2, 's97179598'),
('t21184049', 'o11128667', 'b0', 1, 'A', 3, 's97179598'),
('t21205874', 'o11400751', 'b0', 1, 'A', 4, 's97179598'),
('t21656553', 'o11434094', 'b0', 1, 'A', 5, 's97179598'),
('t21775237', 'o11607186', 'b0', 1, 'A', 6, 's97179598'),
('t21924869', 'o11686459', 'b0', 1, 'A', 7, 's97179598'),
('t21966548', 'o11741350', 'b0', 1, 'A', 8, 's97179598'),
('t22166692', 'o11779464', 'b0', 1, 'A', 9, 's97179598'),
('t22609157', 'o11972871', 'b0', 1, 'A', 10, 's97179598'),
('t22726964', 'o11975134', 'b0', 1, 'B', 1, 's97179598'),
('t22794541', 'o12219948', 'b0', 1, 'B', 2, 's97179598'),
('t22870197', 'o12353296', 'b0', 1, 'B', 3, 's97179598'),
('t23081932', 'o12425948', 'b0', 1, 'B', 4, 's97179598'),
('t23223960', 'o12713677', 'b0', 1, 'B', 5, 's97179598'),
('t23319847', 'o12842331', 'b0', 1, 'B', 6, 's97179598'),
('t23546801', 'o12899944', 'b0', 1, 'B', 7, 's97179598'),
('t23558644', 'o13108959', 'b0', 1, 'B', 8, 's97179598'),
('t23644954', 'o13111780', 'b0', 1, 'B', 9, 's97179598'),
('t24120306', 'o13186637', 'b0', 1, 'B', 10, 's97179598'),
('t24518501', 'o13250388', 'b0', 1, 'C', 1, 's97179598'),
('t24754828', 'o13257493', 'b0', 1, 'C', 2, 's97179598'),
('t24982381', 'o13367492', 'b0', 1, 'C', 3, 's97179598'),
('t25388734', 'o13369095', 'b0', 1, 'C', 4, 's97179598'),
('t25445352', 'o13409224', 'b0', 1, 'C', 5, 's97179598'),
('t25524193', 'o13481437', 'b0', 1, 'C', 6, 's97179598'),
('t25553074', 'o13500453', 'b0', 1, 'C', 7, 's97179598'),
('t25688146', 'o13516700', 'b0', 1, 'C', 8, 's97179598'),
('t25866617', 'o13617198', 'b0', 1, 'C', 9, 's97179598'),
('t26030718', 'o13782081', 'b0', 1, 'C', 10, 's97179598'),
('t26624084', 'o14127308', 'b0', 1, 'D', 1, 's97179598'),
('t26871023', 'o14143979', 'b0', 1, 'D', 2, 's97179598'),
('t26961118', 'o14220027', 'b0', 1, 'D', 3, 's97179598'),
('t27252117', 'o14238444', 'b0', 1, 'D', 4, 's97179598'),
('t27929706', 'o14281966', 'b0', 1, 'D', 5, 's97179598'),
('t27990077', 'o14297966', 'b0', 1, 'D', 6, 's97179598'),
('t28048211', 'o14313377', 'b0', 1, 'D', 7, 's97179598'),
('t28098818', 'o14381742', 'b0', 1, 'D', 8, 's97179598'),
('t28100158', 'o14471020', 'b0', 1, 'D', 9, 's97179598'),
('t28222724', 'o14474557', 'b0', 1, 'D', 10, 's97179598'),
('t28447041', 'o14853504', 'b0', 1, 'E', 1, 's97179598'),
('t28539977', 'o14989608', 'b0', 1, 'E', 2, 's97179598'),
('t28701282', 'o15127365', 'b0', 1, 'E', 3, 's97179598'),
('t28782150', 'o15145708', 'b0', 1, 'E', 4, 's97179598'),
('t29337462', 'o15152471', 'b0', 1, 'E', 5, 's97179598'),
('t29547044', 'o15162997', 'b0', 1, 'E', 6, 's97179598'),
('t29625883', 'o15188255', 'b0', 1, 'E', 7, 's97179598'),
('t29713802', 'o15215053', 'b0', 1, 'E', 8, 's97179598'),
('t29815787', 'o15291609', 'b0', 1, 'E', 9, 's97179598'),
('t29842263', 'o15294480', 'b0', 1, 'E', 10, 's97179598'),
('t30086459', 'o15507817', 'b0', 1, 'F', 1, 's97179598'),
('t30270523', 'o15648127', 'b0', 1, 'F', 2, 's97179598'),
('t30305416', 'o15691994', 'b0', 1, 'F', 3, 's97179598'),
('t30364538', 'o15733055', 'b0', 1, 'F', 4, 's97179598'),
('t30593374', 'o15773676', 'b0', 1, 'F', 5, 's97179598'),
('t30814778', 'o15854968', 'b0', 1, 'F', 6, 's97179598'),
('t30827112', 'o15860219', 'b0', 1, 'F', 7, 's97179598'),
('t30887161', 'o15919849', 'b0', 1, 'F', 8, 's97179598'),
('t31204485', 'o15944265', 'b0', 1, 'F', 9, 's97179598'),
('t31482724', 'o16008283', 'b0', 1, 'F', 10, 's97179598'),
('t31562161', 'o16062893', 'b0', 1, 'G', 1, 's97179598'),
('t31566629', 'o16087601', 'b0', 1, 'G', 2, 's97179598'),
('t31677258', 'o16419721', 'b0', 1, 'G', 3, 's97179598'),
('t31810098', 'o16487237', 'b0', 1, 'G', 4, 's97179598'),
('t31959542', 'o16534429', 'b0', 1, 'G', 5, 's97179598'),
('t32619907', 'o16634317', 'b0', 1, 'G', 6, 's97179598'),
('t32660064', 'o16702182', 'b0', 1, 'G', 7, 's97179598'),
('t32756504', 'o16746753', 'b0', 1, 'G', 8, 's97179598'),
('t32858558', 'o16981334', 'b0', 1, 'G', 9, 's97179598'),
('t32888391', 'o17151004', 'b0', 1, 'G', 10, 's97179598'),
('t32951414', 'o17227865', 'b0', 1, 'H', 1, 's97179598'),
('t32979352', 'o17529025', 'b0', 1, 'H', 2, 's97179598'),
('t32983762', 'o17665083', 'b0', 1, 'H', 3, 's97179598'),
('t33001719', 'o17967931', 'b0', 1, 'H', 4, 's97179598'),
('t33025162', 'o18034771', 'b0', 1, 'H', 5, 's97179598'),
('t33195484', 'o18121105', 'b0', 1, 'H', 6, 's97179598'),
('t33341344', 'o18149355', 'b0', 1, 'H', 7, 's97179598'),
('t33494989', 'o18446284', 'b0', 1, 'H', 8, 's97179598'),
('t33648319', 'o18490637', 'b0', 1, 'H', 9, 's97179598'),
('t33939605', 'o18511109', 'b0', 1, 'H', 10, 's97179598'),
('t34000903', 'o18728458', 'b0', 1, 'I', 1, 's97179598'),
('t34031038', 'o18786702', 'b0', 1, 'I', 2, 's97179598'),
('t34150671', 'o18797602', 'b0', 1, 'I', 3, 's97179598'),
('t34292644', 'o18903277', 'b0', 1, 'I', 4, 's97179598'),
('t34403072', 'o18935297', 'b0', 1, 'I', 5, 's97179598'),
('t34712506', 'o18947986', 'b0', 1, 'I', 6, 's97179598'),
('t34715967', 'o19055740', 'b0', 1, 'I', 7, 's97179598'),
('t35013750', 'o19100920', 'b0', 1, 'I', 8, 's97179598'),
('t35224545', 'o19450091', 'b0', 1, 'I', 9, 's97179598'),
('t35633629', 'o19498357', 'b0', 1, 'I', 10, 's97179598'),
('t35655138', 'o19615092', 'b0', 1, 'J', 1, 's97179598'),
('t35666370', 'o19741796', 'b0', 1, 'J', 2, 's97179598'),
('t35749939', 'o19804433', 'b0', 1, 'J', 3, 's97179598'),
('t35786659', 'o19940210', 'b0', 1, 'J', 4, 's97179598'),
('t35873763', 'o20196998', 'b0', 1, 'J', 5, 's97179598'),
('t36044390', 'o20205563', 'b0', 1, 'J', 6, 's97179598'),
('t36485146', 'o20263406', 'b0', 1, 'J', 7, 's97179598'),
('t36576699', 'o20315456', 'b0', 1, 'J', 8, 's97179598'),
('t36594450', 'o20407657', 'b0', 1, 'J', 9, 's97179598'),
('t36706774', 'o20673884', 'b0', 1, 'J', 10, 's97179598'),
('t36906712', 'o20685355', 'b0', 1, 'A', 1, 's38968347'),
('t36931873', 'o20836714', 'b0', 1, 'A', 2, 's38968347'),
('t37467005', 'o20839748', 'b0', 1, 'A', 3, 's38968347'),
('t37503774', 'o21389719', 'b0', 1, 'A', 4, 's38968347'),
('t37563555', 'o21427298', 'b0', 1, 'A', 5, 's38968347'),
('t37566447', 'o21504995', 'b0', 1, 'A', 6, 's38968347'),
('t37578678', 'o21525233', 'b0', 1, 'A', 7, 's38968347'),
('t38518106', 'o21583879', 'b0', 1, 'A', 8, 's38968347'),
('t38791504', 'o21595921', 'b0', 1, 'A', 9, 's38968347'),
('t39240322', 'o21750387', 'b0', 1, 'A', 10, 's38968347'),
('t39512869', 'o22062836', 'b0', 1, 'B', 1, 's38968347'),
('t39672493', 'o22179944', 'b0', 1, 'B', 2, 's38968347'),
('t39748459', 'o22245799', 'b0', 1, 'B', 3, 's38968347'),
('t39887560', 'o22313370', 'b0', 1, 'B', 4, 's38968347'),
('t39958807', 'o22348983', 'b0', 1, 'B', 5, 's38968347'),
('t40035838', 'o22471824', 'b0', 1, 'B', 6, 's38968347'),
('t40208511', 'o22602348', 'b0', 1, 'B', 7, 's38968347'),
('t40481218', 'o22687139', 'b0', 1, 'B', 8, 's38968347'),
('t40994615', 'o22747238', 'b0', 1, 'B', 9, 's38968347'),
('t41468344', 'o22782016', 'b0', 1, 'B', 10, 's38968347'),
('t41483321', 'o22837614', 'b0', 1, 'C', 1, 's38968347'),
('t41645882', 'o22878465', 'b0', 1, 'C', 2, 's38968347'),
('t42567448', 'o22927380', 'b0', 1, 'C', 3, 's38968347'),
('t42628471', 'o23080938', 'b0', 1, 'C', 4, 's38968347'),
('t43076144', 'o23136954', 'b0', 1, 'C', 5, 's38968347'),
('t43147380', 'o23190561', 'b0', 1, 'C', 6, 's38968347'),
('t45182248', 'o23198194', 'b0', 1, 'C', 7, 's38968347'),
('t45314680', 'o23243046', 'b0', 1, 'C', 8, 's38968347'),
('t45316746', 'o23425333', 'b0', 1, 'C', 9, 's38968347'),
('t45729259', 'o23502639', 'b0', 1, 'C', 10, 's38968347'),
('t45987253', 'o23523243', 'b0', 1, 'D', 1, 's38968347'),
('t46113473', 'o23569624', 'b0', 1, 'D', 2, 's38968347'),
('t46225069', 'o23657840', 'b0', 1, 'D', 3, 's38968347'),
('t46418561', 'o23913286', 'b0', 1, 'D', 4, 's38968347'),
('t46485486', 'o24007339', 'b0', 1, 'D', 5, 's38968347'),
('t46545943', 'o24484137', 'b0', 1, 'D', 6, 's38968347'),
('t46691845', 'o24565726', 'b0', 1, 'D', 7, 's38968347'),
('t46851176', 'o24896755', 'b0', 1, 'D', 8, 's38968347'),
('t46869638', 'o25117740', 'b0', 1, 'D', 9, 's38968347'),
('t47065635', 'o25123974', 'b0', 1, 'D', 10, 's38968347'),
('t47071844', 'o25203831', 'b0', 1, 'E', 1, 's38968347'),
('t47093614', 'o25250420', 'b0', 1, 'E', 2, 's38968347'),
('t47383320', 'o25288735', 'b0', 1, 'E', 3, 's38968347'),
('t48542001', 'o25328042', 'b0', 1, 'E', 4, 's38968347'),
('t48631185', 'o25436702', 'b0', 1, 'E', 5, 's38968347'),
('t48961653', 'o25860456', 'b0', 1, 'E', 6, 's38968347'),
('t49047252', 'o25940409', 'b0', 1, 'E', 7, 's38968347'),
('t49277920', 'o25955569', 'b0', 1, 'E', 8, 's38968347'),
('t49387931', 'o26020867', 'b0', 1, 'E', 9, 's38968347'),
('t49467166', 'o26040963', 'b0', 1, 'E', 10, 's38968347'),
('t49732637', 'o26270498', 'b0', 1, 'F', 1, 's38968347'),
('t49942569', 'o26302689', 'b0', 1, 'F', 2, 's38968347'),
('t50371589', 'o26372170', 'b0', 1, 'F', 3, 's38968347'),
('t50421478', 'o26495237', 'b0', 1, 'F', 4, 's38968347'),
('t50653348', 'o26531759', 'b0', 1, 'F', 5, 's38968347'),
('t50705721', 'o26693985', 'b0', 1, 'F', 6, 's38968347'),
('t50827521', 'o26697662', 'b0', 1, 'F', 7, 's38968347'),
('t50859812', 'o50859812', 'b1', 1, 'A', 1, 's05113177'),
('t50892004', 'o50892004', 'b1', 1, 'A', 2, 's05113177'),
('t50932650', 'o26718724', 'b0', 1, 'F', 8, 's38968347'),
('t51031907', 'o51031907', 'b1', 1, 'A', 3, 's05113177'),
('t51055538', 'o51055538', 'b1', 1, 'A', 4, 's05113177'),
('t51129427', 'o51129427', 'b1', 1, 'A', 5, 's05113177'),
('t51149926', 'o51149926', 'b1', 1, 'A', 6, 's05113177'),
('t51256709', 'o26750552', 'b0', 1, 'F', 9, 's38968347'),
('t51404271', 'o51404271', 'b1', 1, 'A', 7, 's05113177'),
('t51484465', 'o51484465', 'b1', 1, 'A', 8, 's05113177'),
('t51660166', 'o26753449', 'b0', 1, 'F', 10, 's38968347'),
('t51783098', 'o26832302', 'b0', 1, 'G', 1, 's38968347'),
('t51813045', 'o26835103', 'b0', 1, 'G', 2, 's38968347'),
('t51817145', 'o26853846', 'b0', 1, 'G', 3, 's38968347'),
('t51894809', 'o51894809', 'b1', 1, 'A', 9, 's05113177'),
('t51902769', 'o51902769', 'b1', 1, 'A', 10, 's05113177'),
('t51940867', 'o26952973', 'b0', 1, 'G', 4, 's38968347'),
('t52016939', 'o52016939', 'b1', 1, 'B', 1, 's05113177'),
('t52118988', 'o26962077', 'b0', 1, 'G', 5, 's38968347'),
('t52139075', 'o26988874', 'b0', 1, 'G', 6, 's38968347'),
('t52172938', 'o52172938', 'b1', 1, 'B', 2, 's05113177'),
('t52366963', 'o27102006', 'b0', 1, 'G', 7, 's38968347'),
('t52423236', 'o52423236', 'b1', 1, 'B', 3, 's05113177'),
('t52443218', 'o27548117', 'b0', 1, 'G', 8, 's38968347'),
('t52548377', 'o27649145', 'b0', 1, 'G', 9, 's38968347'),
('t52611738', 'o27772244', 'b0', 1, 'G', 10, 's38968347'),
('t52619758', 'o52619758', 'b1', 1, 'B', 4, 's05113177'),
('t52629179', 'o52629179', 'b1', 1, 'B', 5, 's05113177'),
('t52710285', 'o52710285', 'b1', 1, 'B', 6, 's05113177'),
('t52730728', 'o27872792', 'b0', 1, 'H', 1, 's38968347'),
('t52796487', 'o52796487', 'b1', 1, 'B', 7, 's05113177'),
('t52839648', 'o52839648', 'b1', 1, 'B', 8, 's05113177'),
('t52999633', 'o28013800', 'b0', 1, 'H', 2, 's38968347'),
('t53000322', 'o28019147', 'b0', 1, 'H', 3, 's38968347'),
('t53084178', 'o53084178', 'b1', 1, 'B', 9, 's05113177'),
('t53180890', 'o53180890', 'b1', 1, 'B', 10, 's05113177'),
('t53270994', 'o28113433', 'b0', 1, 'H', 4, 's38968347'),
('t53286454', 'o53286454', 'b1', 1, 'C', 1, 's05113177'),
('t53350116', 'o28306030', 'b0', 1, 'H', 5, 's38968347'),
('t53373082', 'o53373082', 'b1', 1, 'C', 2, 's05113177'),
('t53419134', 'o53419134', 'b1', 1, 'C', 3, 's05113177'),
('t53439636', 'o53439636', 'b1', 1, 'C', 4, 's05113177'),
('t53468679', 'o53468679', 'b1', 1, 'C', 5, 's05113177'),
('t53486566', 'o53486566', 'b1', 1, 'C', 6, 's05113177'),
('t53500838', 'o53500838', 'b1', 1, 'C', 7, 's05113177'),
('t53501762', 'o53501762', 'b1', 1, 'C', 8, 's05113177'),
('t53550128', 'o53550128', 'b1', 1, 'C', 9, 's05113177'),
('t53693101', 'o53693101', 'b1', 1, 'C', 10, 's05113177'),
('t53727378', 'o53727378', 'b1', 1, 'D', 1, 's05113177'),
('t53750245', 'o53750245', 'b1', 1, 'D', 2, 's05113177'),
('t53792551', 'o28307975', 'b0', 1, 'H', 6, 's38968347'),
('t53870047', 'o53870047', 'b1', 1, 'D', 3, 's05113177'),
('t53918560', 'o53918560', 'b1', 1, 'D', 4, 's05113177'),
('t53940795', 'o53940795', 'b1', 1, 'D', 5, 's05113177'),
('t53996625', 'o53996625', 'b1', 1, 'D', 6, 's05113177'),
('t53999100', 'o53999100', 'b1', 1, 'D', 7, 's05113177'),
('t54017854', 'o54017854', 'b1', 1, 'D', 8, 's05113177'),
('t54220240', 'o28379998', 'b0', 1, 'H', 7, 's38968347'),
('t54258372', 'o28382017', 'b0', 1, 'H', 8, 's38968347'),
('t54323291', 'o54323291', 'b1', 1, 'D', 9, 's05113177'),
('t54385803', 'o54385803', 'b1', 1, 'D', 10, 's05113177'),
('t54403821', 'o54403821', 'b1', 1, 'E', 1, 's05113177'),
('t54407517', 'o28473771', 'b0', 1, 'H', 9, 's38968347'),
('t54550091', 'o54550091', 'b1', 1, 'E', 2, 's05113177'),
('t54595466', 'o54595466', 'b1', 1, 'E', 3, 's05113177'),
('t54615782', 'o54615782', 'b1', 1, 'E', 4, 's05113177'),
('t54701465', 'o28521515', 'b0', 1, 'H', 10, 's38968347'),
('t54733370', 'o54733370', 'b1', 1, 'E', 5, 's05113177'),
('t54837400', 'o28636761', 'b0', 1, 'I', 1, 's38968347'),
('t54844246', 'o54844246', 'b1', 1, 'E', 6, 's05113177'),
('t54962709', 'o54962709', 'b1', 1, 'E', 7, 's05113177'),
('t54971779', 'o28707008', 'b0', 1, 'I', 2, 's38968347'),
('t55120382', 'o55120382', 'b1', 1, 'E', 8, 's05113177'),
('t55154393', 'o28717103', 'b0', 1, 'I', 3, 's38968347'),
('t55208135', 'o55208135', 'b1', 1, 'E', 9, 's05113177'),
('t55340664', 'o55340664', 'b1', 1, 'E', 10, 's05113177'),
('t55345799', 'o28749024', 'b0', 1, 'I', 4, 's38968347'),
('t55373578', 'o55373578', 'b1', 1, 'F', 1, 's05113177'),
('t55441294', 'o55441294', 'b1', 1, 'F', 2, 's05113177'),
('t55465500', 'o55465500', 'b1', 1, 'F', 3, 's05113177'),
('t55531256', 'o55531256', 'b1', 1, 'F', 4, 's05113177'),
('t55633222', 'o28863528', 'b0', 1, 'I', 5, 's38968347'),
('t55740565', 'o55740565', 'b1', 1, 'F', 5, 's05113177'),
('t55753353', 'o28880048', 'b0', 1, 'I', 6, 's38968347'),
('t55815612', 'o55815612', 'b1', 1, 'F', 6, 's05113177'),
('t55930536', 'o28926499', 'b0', 1, 'I', 7, 's38968347'),
('t56016056', 'o56016056', 'b1', 1, 'F', 7, 's05113177'),
('t56065990', 'o56065990', 'b1', 1, 'F', 8, 's05113177'),
('t56104698', 'o56104698', 'b1', 1, 'F', 9, 's05113177'),
('t56263800', 'o56263800', 'b1', 1, 'F', 10, 's05113177'),
('t56303037', 'o56303037', 'b1', 1, 'G', 1, 's05113177'),
('t56363738', 'o28939150', 'b0', 1, 'I', 8, 's38968347'),
('t56381764', 'o56381764', 'b1', 1, 'G', 2, 's05113177'),
('t56530979', 'o29007237', 'b0', 1, 'I', 9, 's38968347'),
('t56624307', 'o56624307', 'b1', 1, 'G', 3, 's05113177'),
('t56684076', 'o56684076', 'b1', 1, 'G', 4, 's05113177'),
('t56749644', 'o56749644', 'b1', 1, 'G', 5, 's05113177'),
('t56770512', 'o56770512', 'b1', 1, 'G', 6, 's05113177'),
('t56813456', 'o56813456', 'b1', 1, 'G', 7, 's05113177'),
('t56817187', 'o56817187', 'b1', 1, 'G', 8, 's05113177'),
('t56822304', 'o29016172', 'b0', 1, 'I', 10, 's38968347'),
('t56822977', 'o29063575', 'b0', 1, 'J', 1, 's38968347'),
('t56845016', 'o56845016', 'b1', 1, 'G', 9, 's05113177'),
('t56863665', 'o29114906', 'b0', 1, 'J', 2, 's38968347'),
('t56866124', 'o29116779', 'b0', 1, 'J', 3, 's38968347'),
('t56876671', 'o56876671', 'b1', 1, 'G', 10, 's05113177'),
('t56971951', 'o56971951', 'b1', 1, 'H', 1, 's05113177'),
('t56978493', 'o56978493', 'b1', 1, 'H', 2, 's05113177'),
('t57064017', 'o57064017', 'b1', 1, 'H', 3, 's05113177'),
('t57165027', 'o29304185', 'b0', 1, 'J', 4, 's38968347'),
('t57240123', 'o57240123', 'b1', 1, 'H', 4, 's05113177'),
('t57365934', 'o57365934', 'b1', 1, 'H', 5, 's05113177'),
('t57481509', 'o29348239', 'b0', 1, 'J', 5, 's38968347'),
('t57535906', 'o57535906', 'b1', 1, 'H', 6, 's05113177'),
('t57574236', 'o57574236', 'b1', 1, 'H', 7, 's05113177'),
('t57624490', 'o29369423', 'b0', 1, 'J', 6, 's38968347'),
('t57849102', 'o57849102', 'b1', 1, 'H', 8, 's05113177'),
('t57859866', 'o57859866', 'b1', 1, 'H', 9, 's05113177'),
('t58074573', 'o29384081', 'b0', 1, 'J', 7, 's38968347'),
('t58174657', 'o58174657', 'b1', 1, 'H', 10, 's05113177'),
('t58519635', 'o58519635', 'b1', 1, 'I', 1, 's05113177'),
('t58530378', 'o29745523', 'b0', 1, 'J', 8, 's38968347'),
('t58591752', 'o58591752', 'b1', 1, 'I', 2, 's05113177'),
('t58768835', 'o58768835', 'b1', 1, 'I', 3, 's05113177'),
('t59105882', 'o29768036', 'b0', 1, 'J', 9, 's38968347'),
('t59241834', 'o59241834', 'b1', 1, 'I', 4, 's05113177'),
('t59258373', 'o59258373', 'b1', 1, 'I', 5, 's05113177'),
('t59262940', 'o59262940', 'b1', 1, 'I', 6, 's05113177'),
('t59364080', 'o29806124', 'b0', 1, 'J', 10, 's38968347'),
('t59388356', 'o29992271', 'b0', 1, 'A', 1, 's33395462'),
('t59412318', 'o59412318', 'b1', 1, 'I', 7, 's05113177'),
('t59473481', 'o30210910', 'b0', 1, 'A', 2, 's33395462'),
('t59481377', 'o30212851', 'b0', 1, 'A', 3, 's33395462'),
('t59512381', 'o30353022', 'b0', 1, 'A', 4, 's33395462'),
('t59575734', 'o59575734', 'b1', 1, 'I', 8, 's05113177'),
('t59593321', 'o30430456', 'b0', 1, 'A', 5, 's33395462'),
('t59719329', 'o59719329', 'b1', 1, 'I', 9, 's05113177'),
('t59843641', 'o30432783', 'b0', 1, 'A', 6, 's33395462'),
('t59956845', 'o59956845', 'b1', 1, 'I', 10, 's05113177'),
('t59991700', 'o59991700', 'b1', 1, 'J', 1, 's05113177'),
('t60048079', 'o60048079', 'b1', 1, 'J', 2, 's05113177'),
('t60109066', 'o30581309', 'b0', 1, 'A', 7, 's33395462'),
('t60118686', 'o60118686', 'b1', 1, 'J', 3, 's05113177'),
('t60204176', 'o60204176', 'b1', 1, 'J', 4, 's05113177'),
('t60208761', 'o60208761', 'b2', 1, 'J', 5, 's05113177'),
('t60216983', 'o30640232', 'b0', 1, 'A', 8, 's33395462'),
('t60227785', 'o60227785', 'b2', 1, 'J', 6, 's05113177'),
('t60254521', 'o30727019', 'b0', 1, 'A', 9, 's33395462'),
('t60289642', 'o30911197', 'b0', 1, 'A', 10, 's33395462'),
('t60320349', 'o31155873', 'b0', 1, 'B', 1, 's33395462'),
('t60472266', 'o60472266', 'b2', 1, 'J', 7, 's05113177'),
('t60594133', 'o60594133', 'b2', 1, 'J', 8, 's05113177'),
('t60594623', 'o60594623', 'b2', 1, 'J', 9, 's05113177'),
('t60651678', 'o60651678', 'b2', 1, 'J', 10, 's05113177'),
('t60659682', 'o60659682', 'b2', 1, 'A', 1, 's68438417'),
('t60665004', 'o31247316', 'b0', 1, 'B', 2, 's33395462'),
('t60729257', 'o31483135', 'b0', 1, 'B', 3, 's33395462'),
('t60755780', 'o60755780', 'b2', 1, 'A', 2, 's68438417'),
('t60781157', 'o31631482', 'b0', 1, 'B', 4, 's33395462'),
('t60795995', 'o31652066', 'b0', 1, 'B', 5, 's33395462'),
('t60861610', 'o60861610', 'b2', 1, 'A', 3, 's68438417'),
('t60915831', 'o60915831', 'b2', 1, 'A', 4, 's68438417'),
('t60976314', 'o60976314', 'b2', 1, 'A', 5, 's68438417'),
('t60999878', 'o31699384', 'b0', 1, 'B', 6, 's33395462'),
('t61096003', 'o31701595', 'b0', 1, 'B', 7, 's33395462'),
('t61269272', 'o31744368', 'b0', 1, 'B', 8, 's33395462'),
('t61429594', 'o61429594', 'b2', 1, 'A', 6, 's68438417'),
('t61488450', 'o32121259', 'b0', 1, 'B', 9, 's33395462'),
('t61685689', 'o32263593', 'b0', 1, 'B', 10, 's33395462'),
('t61734289', 'o32319482', 'b0', 1, 'C', 1, 's33395462'),
('t61804237', 'o61804237', 'b2', 1, 'A', 7, 's68438417'),
('t61821640', 'o32581501', 'b0', 1, 'C', 2, 's33395462'),
('t61995903', 'o61995903', 'b2', 1, 'A', 8, 's68438417'),
('t62181390', 'o32604712', 'b0', 1, 'C', 3, 's33395462'),
('t62235224', 'o62235224', 'b2', 1, 'A', 9, 's68438417'),
('t62279111', 'o62279111', 'b2', 1, 'A', 10, 's68438417'),
('t62356208', 'o62356208', 'b2', 1, 'B', 1, 's68438417'),
('t62375579', 'o32818574', 'b0', 1, 'C', 4, 's33395462'),
('t62456502', 'o62456502', 'b2', 1, 'B', 2, 's68438417'),
('t62531633', 'o62531633', 'b2', 1, 'B', 3, 's68438417'),
('t62547239', 'o62547239', 'b2', 1, 'B', 4, 's68438417'),
('t62551268', 'o62551268', 'b2', 1, 'B', 5, 's68438417'),
('t62566231', 'o32843931', 'b0', 1, 'C', 5, 's33395462'),
('t62591107', 'o32913681', 'b0', 1, 'C', 6, 's33395462'),
('t62605798', 'o32953858', 'b0', 1, 'C', 7, 's33395462'),
('t62621028', 'o33017424', 'b0', 1, 'C', 8, 's33395462'),
('t62621970', 'o62621970', 'b2', 1, 'B', 6, 's68438417'),
('t62667622', 'o62667622', 'b2', 1, 'B', 7, 's68438417'),
('t62675467', 'o62675467', 'b2', 1, 'B', 8, 's68438417'),
('t62677374', 'o33171780', 'b0', 1, 'C', 9, 's33395462'),
('t62729004', 'o33344234', 'b0', 1, 'C', 10, 's33395462'),
('t62745448', 'o62745448', 'b2', 1, 'B', 9, 's68438417'),
('t62748568', 'o62748568', 'b2', 1, 'B', 10, 's68438417'),
('t62763176', 'o62763176', 'b2', 1, 'C', 1, 's68438417'),
('t62811284', 'o62811284', 'b2', 1, 'C', 2, 's68438417'),
('t62853868', 'o62853868', 'b2', 1, 'C', 3, 's68438417'),
('t62874497', 'o62874497', 'b2', 1, 'C', 4, 's68438417'),
('t62932057', 'o62932057', 'b2', 1, 'C', 5, 's68438417'),
('t62945566', 'o62945566', 'b2', 1, 'C', 6, 's68438417'),
('t63130765', 'o33348966', 'b0', 1, 'D', 1, 's33395462'),
('t63134172', 'o33706062', 'b0', 1, 'D', 2, 's33395462'),
('t63276926', 'o63276926', 'b2', 1, 'C', 7, 's68438417'),
('t63331381', 'o33766418', 'b0', 1, 'D', 3, 's33395462'),
('t63588673', 'o63588673', 'b2', 1, 'C', 8, 's68438417'),
('t63760003', 'o63760003', 'b2', 1, 'C', 9, 's68438417'),
('t63791336', 'o33819346', 'b0', 1, 'D', 4, 's33395462'),
('t64057376', 'o64057376', 'b2', 1, 'C', 10, 's68438417'),
('t64119070', 'o64119070', 'b2', 1, 'D', 1, 's68438417'),
('t64189243', 'o64189243', 'b2', 1, 'D', 2, 's68438417'),
('t64229304', 'o33969055', 'b0', 1, 'D', 5, 's33395462'),
('t64274655', 'o64274655', 'b2', 1, 'D', 3, 's68438417'),
('t64376315', 'o64376315', 'b2', 1, 'D', 4, 's68438417'),
('t64521959', 'o34212326', 'b0', 1, 'D', 6, 's33395462'),
('t64748312', 'o64748312', 'b2', 1, 'D', 5, 's68438417'),
('t64830371', 'o64830371', 'b2', 1, 'D', 6, 's68438417'),
('t64864508', 'o34264493', 'b0', 1, 'D', 7, 's33395462'),
('t64928414', 'o34327433', 'b0', 1, 'D', 8, 's33395462'),
('t65108079', 'o65108079', 'b2', 1, 'D', 7, 's68438417'),
('t65148524', 'o34329279', 'b0', 1, 'D', 9, 's33395462'),
('t65278314', 'o65278314', 'b2', 1, 'D', 8, 's68438417'),
('t65366088', 'o65366088', 'b2', 1, 'D', 9, 's68438417'),
('t65451427', 'o65451427', 'b2', 1, 'D', 10, 's68438417'),
('t65477553', 'o65477553', 'b2', 1, 'E', 1, 's68438417'),
('t65489190', 'o65489190', 'b2', 1, 'E', 2, 's68438417'),
('t65496179', 'o65496179', 'b2', 1, 'E', 3, 's68438417'),
('t65590648', 'o65590648', 'b2', 1, 'E', 4, 's68438417'),
('t65618846', 'o65618846', 'b2', 1, 'E', 5, 's68438417'),
('t65711486', 'o65711486', 'b2', 1, 'E', 6, 's68438417'),
('t65824360', 'o65824360', 'b2', 1, 'E', 7, 's68438417'),
('t65844712', 'o65844712', 'b2', 1, 'E', 8, 's68438417'),
('t65921999', 'o34494693', 'b0', 1, 'D', 10, 's33395462'),
('t65952430', 'o65952430', 'b2', 1, 'E', 9, 's68438417'),
('t65968469', 'o34522312', 'b0', 1, 'E', 1, 's33395462'),
('t65968673', 'o34627954', 'b0', 1, 'E', 2, 's33395462'),
('t66003918', 'o66003918', 'b2', 1, 'E', 10, 's68438417'),
('t66166825', 'o66166825', 'b2', 1, 'F', 1, 's68438417'),
('t66258505', 'o66258505', 'b2', 1, 'F', 2, 's68438417'),
('t66296908', 'o66296908', 'b2', 1, 'F', 3, 's68438417'),
('t66453626', 'o34636035', 'b0', 1, 'E', 3, 's33395462'),
('t66535154', 'o66535154', 'b2', 1, 'F', 4, 's68438417'),
('t66559776', 'o66559776', 'b2', 1, 'F', 5, 's68438417'),
('t66568346', 'o34702258', 'b0', 1, 'E', 4, 's33395462'),
('t66580757', 'o66580757', 'b2', 1, 'F', 6, 's68438417'),
('t66643021', 'o34905032', 'b0', 1, 'E', 5, 's33395462'),
('t66678668', 'o66678668', 'b2', 1, 'F', 7, 's68438417'),
('t66741289', 'o35072917', 'b0', 1, 'E', 6, 's33395462'),
('t66797087', 'o35153035', 'b0', 1, 'E', 7, 's33395462'),
('t66878929', 'o66878929', 'b2', 1, 'F', 8, 's68438417'),
('t67109116', 'o67109116', 'b2', 1, 'F', 9, 's68438417'),
('t67240483', 'o67240483', 'b2', 1, 'F', 10, 's68438417'),
('t67284191', 'o67284191', 'b2', 1, 'G', 1, 's68438417'),
('t67387658', 'o67387658', 'b2', 1, 'G', 2, 's68438417'),
('t67497601', 'o67497601', 'b2', 1, 'G', 3, 's68438417'),
('t67588871', 'o67588871', 'b2', 1, 'G', 4, 's68438417'),
('t67649513', 'o67649513', 'b2', 1, 'G', 5, 's68438417'),
('t67670826', 'o67670826', 'b2', 1, 'G', 6, 's68438417'),
('t67692606', 'o67692606', 'b2', 1, 'G', 7, 's68438417'),
('t67754942', 'o67754942', 'b2', 1, 'G', 8, 's68438417'),
('t67760625', 'o67760625', 'b2', 1, 'G', 9, 's68438417'),
('t67833762', 'o67833762', 'b2', 1, 'G', 10, 's68438417'),
('t67893873', 'o67893873', 'b2', 1, 'H', 1, 's68438417'),
('t67929393', 'o67929393', 'b2', 1, 'H', 2, 's68438417'),
('t68111114', 'o35197262', 'b0', 1, 'E', 8, 's33395462'),
('t68123059', 'o68123059', 'b2', 1, 'H', 3, 's68438417'),
('t68159137', 'o35376674', 'b0', 1, 'E', 9, 's33395462'),
('t68197933', 'o68197933', 'b2', 1, 'H', 4, 's68438417'),
('t68242478', 'o68242478', 'b2', 1, 'H', 5, 's68438417'),
('t68353995', 'o68353995', 'b2', 1, 'H', 6, 's68438417'),
('t68508170', 'o68508170', 'b2', 1, 'H', 7, 's68438417'),
('t68585953', 'o68585953', 'b2', 1, 'H', 8, 's68438417'),
('t68605586', 'o68605586', 'b2', 1, 'H', 9, 's68438417'),
('t68633192', 'o68633192', 'b2', 1, 'H', 10, 's68438417'),
('t68673542', 'o35472923', 'b0', 1, 'E', 10, 's33395462'),
('t68738797', 'o68738797', 'b2', 1, 'I', 1, 's68438417'),
('t68876304', 'o35841902', 'b0', 1, 'F', 1, 's33395462'),
('t68887102', 'o68887102', 'b2', 1, 'I', 2, 's68438417'),
('t68901434', 'o35909859', 'b0', 1, 'F', 2, 's33395462'),
('t69044573', 'o69044573', 'b2', 1, 'I', 3, 's68438417'),
('t69053512', 'o69053512', 'b2', 1, 'I', 4, 's68438417'),
('t69085954', 'o69085954', 'b2', 1, 'I', 5, 's68438417'),
('t69127912', 'o35974513', 'b0', 1, 'F', 3, 's33395462'),
('t69135103', 'o69135103', 'b2', 1, 'I', 6, 's68438417'),
('t69161944', 'o69161944', 'b2', 1, 'I', 7, 's68438417'),
('t69211082', 'o36074290', 'b0', 1, 'F', 4, 's33395462'),
('t69221380', 'o36118691', 'b0', 1, 'F', 5, 's33395462'),
('t69244546', 'o69244546', 'b2', 1, 'I', 8, 's68438417'),
('t69296403', 'o69296403', 'b2', 1, 'I', 9, 's68438417'),
('t69350852', 'o69350852', 'b2', 1, 'I', 10, 's68438417'),
('t69450686', 'o36183108', 'b0', 1, 'F', 6, 's33395462'),
('t69503080', 'o36201192', 'b0', 1, 'F', 7, 's33395462'),
('t69560267', 'o69560267', 'b2', 1, 'J', 1, 's68438417'),
('t69741123', 'o36684690', 'b0', 1, 'F', 8, 's33395462'),
('t69741520', 'o69741520', 'b2', 1, 'J', 2, 's68438417'),
('t69768438', 'o36690018', 'b0', 1, 'F', 9, 's33395462'),
('t69814682', 'o36750121', 'b0', 1, 'F', 10, 's33395462'),
('t69890321', 'o69890321', 'b2', 1, 'J', 3, 's68438417'),
('t69911977', 'o36792880', 'b0', 1, 'G', 1, 's33395462'),
('t69926810', 'o36804592', 'b0', 1, 'G', 2, 's33395462'),
('t69969093', 'o36850096', 'b0', 1, 'G', 3, 's33395462'),
('t70003688', 'o70003688', 'b2', 1, 'J', 4, 's68438417'),
('t70009086', 'o70009086', 'b2', 1, 'J', 5, 's68438417'),
('t70010234', 'o70010234', 'b2', 1, 'J', 6, 's68438417'),
('t70058393', 'o36875570', 'b0', 1, 'G', 4, 's33395462'),
('t70061425', 'o36907832', 'b0', 1, 'G', 5, 's33395462'),
('t70084520', 'o37196613', 'b0', 1, 'G', 6, 's33395462'),
('t70125620', 'o70125620', 'b2', 1, 'J', 7, 's68438417'),
('t70134075', 'o70134075', 'b2', 1, 'J', 8, 's68438417'),
('t70191598', 'o70191598', 'b2', 1, 'J', 9, 's68438417'),
('t70197288', 'o37600465', 'b0', 1, 'G', 7, 's33395462'),
('t70271365', 'o70271365', 'b2', 1, 'J', 10, 's68438417'),
('t70287227', 'o70287227', 'b2', 1, 'A', 1, 's48962998'),
('t70289567', 'o70289567', 'b2', 1, 'A', 2, 's48962998'),
('t70342916', 'o70342916', 'b2', 1, 'A', 3, 's48962998'),
('t70354834', 'o70354834', 'b2', 1, 'A', 4, 's48962998'),
('t70399368', 'o37656757', 'b0', 1, 'G', 8, 's33395462'),
('t70470527', 'o70470527', 'b2', 1, 'A', 5, 's48962998'),
('t70602744', 'o70602744', 'b2', 1, 'A', 6, 's48962998'),
('t70803960', 'o70803960', 'b2', 1, 'A', 7, 's48962998'),
('t70872362', 'o70872362', 'b2', 1, 'A', 8, 's48962998'),
('t70915173', 'o70915173', 'b2', 1, 'A', 9, 's48962998'),
('t71115647', 'o37704146', 'b0', 1, 'G', 9, 's33395462'),
('t71200101', 'o71200101', 'b2', 1, 'A', 10, 's48962998'),
('t71339211', 'o38009666', 'b0', 1, 'G', 10, 's33395462'),
('t71518458', 'o71518458', 'b2', 1, 'B', 1, 's48962998'),
('t71527855', 'o71527855', 'b2', 1, 'B', 2, 's48962998'),
('t71609131', 'o38119060', 'b0', 1, 'H', 1, 's33395462'),
('t71631667', 'o71631667', 'b2', 1, 'B', 3, 's48962998'),
('t71638781', 'o71638781', 'b2', 1, 'B', 4, 's48962998'),
('t71833331', 'o38149978', 'b0', 1, 'H', 2, 's33395462'),
('t71862762', 'o71862762', 'b2', 1, 'B', 5, 's48962998'),
('t71950737', 'o71950737', 'b2', 1, 'B', 6, 's48962998'),
('t71957892', 'o71957892', 'b2', 1, 'B', 7, 's48962998'),
('t72045807', 'o38161494', 'b0', 1, 'H', 3, 's33395462'),
('t72076540', 'o72076540', 'b2', 1, 'B', 8, 's48962998'),
('t72113519', 'o38256261', 'b0', 1, 'H', 4, 's33395462'),
('t72139291', 'o72139291', 'b2', 1, 'B', 9, 's48962998'),
('t72221839', 'o72221839', 'b2', 1, 'B', 10, 's48962998'),
('t72370200', 'o72370200', 'b2', 1, 'C', 1, 's48962998'),
('t72649591', 'o38468263', 'b0', 1, 'H', 5, 's33395462'),
('t72727686', 'o38534634', 'b0', 1, 'H', 6, 's33395462'),
('t72735877', 'o38562198', 'b0', 1, 'H', 7, 's33395462'),
('t73044604', 'o73044604', 'b2', 1, 'C', 2, 's48962998'),
('t73081462', 'o73081462', 'b2', 1, 'C', 3, 's48962998'),
('t73164249', 'o38610678', 'b0', 1, 'H', 8, 's33395462'),
('t73305440', 'o73305440', 'b2', 1, 'C', 4, 's48962998'),
('t73492039', 'o38642929', 'b0', 1, 'H', 9, 's33395462'),
('t73594188', 'o73594188', 'b2', 1, 'C', 5, 's48962998'),
('t73595187', 'o73595187', 'b2', 1, 'C', 6, 's48962998'),
('t73646075', 'o73646075', 'b2', 1, 'C', 7, 's48962998'),
('t73697861', 'o73697861', 'b2', 1, 'C', 8, 's48962998'),
('t73743459', 'o38724035', 'b0', 1, 'H', 10, 's33395462'),
('t73808742', 'o73808742', 'b2', 1, 'C', 9, 's48962998'),
('t73921006', 'o73921006', 'b2', 1, 'C', 10, 's48962998'),
('t74038850', 'o74038850', 'b2', 1, 'D', 1, 's48962998'),
('t74080144', 'o74080144', 'b2', 1, 'D', 2, 's48962998'),
('t74217513', 'o38755339', 'b0', 1, 'I', 1, 's33395462'),
('t74222840', 'o38854204', 'b0', 1, 'I', 2, 's33395462'),
('t74239151', 'o74239151', 'b2', 1, 'D', 3, 's48962998'),
('t74321997', 'o74321997', 'b2', 1, 'D', 4, 's48962998'),
('t74404207', 'o74404207', 'b2', 1, 'D', 5, 's48962998'),
('t74480442', 'o38888340', 'b0', 1, 'I', 3, 's33395462'),
('t74807853', 'o39260786', 'b0', 1, 'I', 4, 's33395462'),
('t74892675', 'o74892675', 'b2', 1, 'D', 6, 's48962998'),
('t74999401', 'o74999401', 'b2', 1, 'D', 7, 's48962998'),
('t75035599', 'o39385551', 'b0', 1, 'I', 5, 's33395462'),
('t75252803', 'o75252803', 'b2', 1, 'D', 8, 's48962998'),
('t75406310', 'o75406310', 'b2', 1, 'D', 9, 's48962998'),
('t75413318', 'o75413318', 'b2', 1, 'D', 10, 's48962998'),
('t75436303', 'o75436303', 'b2', 1, 'E', 1, 's48962998'),
('t75513629', 'o75513629', 'b2', 1, 'E', 2, 's48962998'),
('t75642258', 'o75642258', 'b2', 1, 'E', 3, 's48962998'),
('t75658371', 'o75658371', 'b2', 1, 'E', 4, 's48962998'),
('t75756762', 'o75756762', 'b2', 1, 'E', 5, 's48962998'),
('t75924659', 'o39390158', 'b0', 1, 'I', 6, 's33395462'),
('t76165966', 'o76165966', 'b2', 1, 'E', 6, 's48962998'),
('t76173253', 'o76173253', 'b2', 1, 'E', 7, 's48962998'),
('t76179110', 'o76179110', 'b2', 1, 'E', 8, 's48962998'),
('t76191290', 'o76191290', 'b2', 1, 'E', 9, 's48962998'),
('t76243979', 'o76243979', 'b2', 1, 'E', 10, 's48962998'),
('t76310264', 'o39427813', 'b0', 1, 'I', 7, 's33395462'),
('t76356374', 'o39484946', 'b0', 1, 'I', 8, 's33395462'),
('t76359980', 'o76359980', 'b2', 1, 'F', 1, 's48962998'),
('t76366804', 'o39488792', 'b0', 1, 'I', 9, 's33395462'),
('t76388052', 'o76388052', 'b2', 1, 'F', 2, 's48962998'),
('t76392395', 'o76392395', 'b2', 1, 'F', 3, 's48962998'),
('t76399196', 'o76399196', 'b2', 1, 'F', 4, 's48962998'),
('t76459228', 'o39504391', 'b0', 1, 'I', 10, 's33395462'),
('t76548478', 'o39735724', 'b0', 1, 'J', 1, 's33395462'),
('t76690744', 'o76690744', 'b2', 1, 'F', 5, 's48962998'),
('t76708230', 'o39744302', 'b0', 1, 'J', 2, 's33395462'),
('t76723525', 'o76723525', 'b2', 1, 'F', 6, 's48962998'),
('t76767874', 'o39824812', 'b0', 1, 'J', 3, 's33395462'),
('t76834736', 'o76834736', 'b2', 1, 'F', 7, 's48962998'),
('t76835339', 'o76835339', 'b2', 1, 'F', 8, 's48962998'),
('t76848208', 'o76848208', 'b2', 1, 'F', 9, 's48962998'),
('t76868467', 'o76868467', 'b2', 1, 'F', 10, 's48962998'),
('t76974717', 'o76974717', 'b2', 1, 'G', 1, 's48962998'),
('t77021690', 'o77021690', 'b2', 1, 'G', 2, 's48962998'),
('t77145816', 'o77145816', 'b2', 1, 'G', 3, 's48962998'),
('t77171678', 'o77171678', 'b2', 1, 'G', 4, 's48962998'),
('t77352492', 'o77352492', 'b2', 1, 'G', 5, 's48962998'),
('t77414149', 'o77414149', 'b2', 1, 'G', 6, 's48962998'),
('t77523977', 'o77523977', 'b2', 1, 'G', 7, 's48962998'),
('t77542387', 'o77542387', 'b2', 1, 'G', 8, 's48962998'),
('t77544389', 'o39836468', 'b0', 1, 'J', 4, 's33395462'),
('t77642712', 'o77642712', 'b2', 1, 'G', 9, 's48962998'),
('t77688648', 'o77688648', 'b2', 1, 'G', 10, 's48962998'),
('t77693315', 'o77693315', 'b2', 1, 'H', 1, 's48962998'),
('t77855918', 'o77855918', 'b2', 1, 'H', 2, 's48962998'),
('t77945586', 'o77945586', 'b2', 1, 'H', 3, 's48962998'),
('t77973755', 'o77973755', 'b2', 1, 'H', 4, 's48962998'),
('t78015040', 'o78015040', 'b2', 1, 'H', 5, 's48962998'),
('t78033196', 'o78033196', 'b2', 1, 'H', 6, 's48962998'),
('t78089063', 'o78089063', 'b2', 1, 'H', 7, 's48962998'),
('t78145846', 'o78145846', 'b2', 1, 'H', 8, 's48962998'),
('t78147875', 'o78147875', 'b2', 1, 'H', 9, 's48962998'),
('t78166090', 'o39868175', 'b0', 1, 'J', 5, 's33395462'),
('t78225937', 'o39920880', 'b0', 1, 'J', 6, 's33395462'),
('t78265204', 'o78265204', 'b2', 1, 'H', 10, 's48962998'),
('t78278644', 'o78278644', 'b2', 1, 'I', 1, 's48962998'),
('t78352897', 'o78352897', 'b2', 1, 'I', 2, 's48962998'),
('t78363127', 'o40023460', 'b0', 1, 'J', 7, 's33395462'),
('t78478173', 'o78478173', 'b2', 1, 'I', 3, 's48962998'),
('t78517675', 'o78517675', 'b3', 1, 'I', 4, 's48962998'),
('t78522155', 'o40058941', 'b0', 1, 'J', 8, 's33395462'),
('t78688385', 'o40402749', 'b0', 1, 'J', 9, 's33395462'),
('t78731654', 'o78731654', 'b3', 1, 'I', 5, 's48962998'),
('t78750534', 'o40405217', 'b0', 1, 'J', 10, 's33395462'),
('t78779746', 'o78779746', 'b3', 1, 'I', 6, 's48962998'),
('t78836619', 'o40574265', 'b0', 1, 'A', 1, 's16867228'),
('t78852963', 'o40632060', 'b0', 1, 'A', 2, 's16867228'),
('t78873179', 'o78873179', 'b3', 1, 'I', 7, 's48962998'),
('t78935159', 'o78935159', 'b3', 1, 'I', 8, 's48962998'),
('t78969412', 'o78969412', 'b3', 1, 'I', 9, 's48962998'),
('t79010585', 'o79010585', 'b3', 1, 'I', 10, 's48962998'),
('t79017391', 'o40779994', 'b0', 1, 'A', 3, 's16867228'),
('t79044547', 'o40902948', 'b0', 1, 'A', 4, 's16867228'),
('t79082774', 'o79082774', 'b3', 1, 'J', 1, 's48962998'),
('t79110637', 'o79110637', 'b3', 1, 'J', 2, 's48962998'),
('t79554855', 'o79554855', 'b3', 1, 'J', 3, 's48962998'),
('t79793003', 'o79793003', 'b3', 1, 'J', 4, 's48962998'),
('t79821812', 'o79821812', 'b3', 1, 'J', 5, 's48962998'),
('t79893223', 'o79893223', 'b3', 1, 'J', 6, 's48962998'),
('t79929246', 'o79929246', 'b3', 1, 'J', 7, 's48962998'),
('t79936273', 'o40987164', 'b0', 1, 'A', 5, 's16867228'),
('t79999570', 'o79999570', 'b3', 1, 'J', 8, 's48962998'),
('t80016577', 'o80016577', 'b3', 1, 'J', 9, 's48962998'),
('t80038610', 'o40998733', 'b0', 1, 'A', 6, 's16867228'),
('t80113932', 'o80113932', 'b3', 1, 'J', 10, 's48962998'),
('t80178578', 'o80178578', 'b3', 1, 'A', 1, 's11677621'),
('t80192088', 'o80192088', 'b3', 1, 'A', 2, 's11677621'),
('t80206618', 'o80206618', 'b3', 1, 'A', 3, 's11677621'),
('t80230903', 'o80230903', 'b3', 1, 'A', 4, 's11677621'),
('t80266189', 'o80266189', 'b3', 1, 'A', 5, 's11677621'),
('t80268495', 'o80268495', 'b3', 1, 'A', 6, 's11677621'),
('t80311351', 'o80311351', 'b3', 1, 'A', 7, 's11677621'),
('t80325146', 'o80325146', 'b3', 1, 'A', 8, 's11677621'),
('t80395383', 'o80395383', 'b3', 1, 'A', 9, 's11677621'),
('t80401639', 'o41370354', 'b0', 1, 'A', 7, 's16867228'),
('t80490510', 'o80490510', 'b3', 1, 'A', 10, 's11677621'),
('t80533759', 'o41475385', 'b0', 1, 'A', 8, 's16867228'),
('t80574020', 'o41525675', 'b0', 1, 'A', 9, 's16867228'),
('t80579178', 'o80579178', 'b3', 1, 'B', 1, 's11677621'),
('t80580805', 'o80580805', 'b3', 1, 'B', 2, 's11677621'),
('t80606217', 'o80606217', 'b3', 1, 'B', 3, 's11677621'),
('t80694201', 'o41635969', 'b0', 1, 'A', 10, 's16867228'),
('t80744545', 'o41719832', 'b0', 1, 'B', 1, 's16867228'),
('t80836467', 'o80836467', 'b3', 1, 'B', 4, 's11677621'),
('t81067361', 'o41882617', 'b0', 1, 'B', 2, 's16867228'),
('t81112401', 'o81112401', 'b3', 1, 'B', 5, 's11677621'),
('t81256728', 'o41959050', 'b0', 1, 'B', 3, 's16867228'),
('t81353039', 'o81353039', 'b3', 1, 'B', 6, 's11677621'),
('t81533998', 'o81533998', 'b3', 1, 'B', 7, 's11677621'),
('t81768638', 'o42015992', 'b0', 1, 'B', 4, 's16867228'),
('t81820384', 'o42155482', 'b0', 1, 'B', 5, 's16867228'),
('t81866983', 'o42176911', 'b0', 1, 'B', 6, 's16867228'),
('t81926353', 'o81926353', 'b3', 1, 'B', 8, 's11677621'),
('t81929000', 'o81929000', 'b3', 1, 'B', 9, 's11677621'),
('t82057524', 'o82057524', 'b3', 1, 'B', 10, 's11677621'),
('t82188381', 'o42187337', 'b0', 1, 'B', 7, 's16867228'),
('t82382356', 'o82382356', 'b3', 1, 'C', 1, 's11677621'),
('t82581666', 'o82581666', 'b3', 1, 'C', 2, 's11677621'),
('t82632011', 'o82632011', 'b3', 1, 'C', 3, 's11677621'),
('t83006469', 'o83006469', 'b3', 1, 'C', 4, 's11677621'),
('t83115262', 'o83115262', 'b3', 1, 'C', 5, 's11677621'),
('t83160948', 'o83160948', 'b3', 1, 'C', 6, 's11677621'),
('t83163429', 'o83163429', 'b3', 1, 'C', 7, 's11677621'),
('t83179897', 'o83179897', 'b3', 1, 'C', 8, 's11677621'),
('t83201322', 'o83201322', 'b3', 1, 'C', 9, 's11677621'),
('t83249001', 'o83249001', 'b3', 1, 'C', 10, 's11677621'),
('t83326462', 'o83326462', 'b3', 1, 'D', 1, 's11677621'),
('t83345873', 'o42351909', 'b0', 1, 'B', 8, 's16867228'),
('t83371688', 'o83371688', 'b3', 1, 'D', 2, 's11677621'),
('t83377600', 'o83377600', 'b3', 1, 'D', 3, 's11677621'),
('t83418846', 'o83418846', 'b3', 1, 'D', 4, 's11677621'),
('t83426362', 'o83426362', 'b3', 1, 'D', 5, 's11677621'),
('t83470198', 'o83470198', 'b3', 1, 'D', 6, 's11677621'),
('t83525341', 'o83525341', 'b3', 1, 'D', 7, 's11677621'),
('t83540689', 'o42390872', 'b0', 1, 'B', 9, 's16867228'),
('t83608246', 'o83608246', 'b3', 1, 'D', 8, 's11677621'),
('t83627641', 'o83627641', 'b3', 1, 'D', 9, 's11677621'),
('t83666066', 'o83666066', 'b3', 1, 'D', 10, 's11677621'),
('t83716665', 'o83716665', 'b3', 1, 'E', 1, 's11677621'),
('t83726632', 'o83726632', 'b3', 1, 'E', 2, 's11677621'),
('t83772659', 'o42618861', 'b0', 1, 'B', 10, 's16867228'),
('t83827629', 'o83827629', 'b3', 1, 'E', 3, 's11677621'),
('t83950627', 'o42786963', 'b0', 1, 'C', 1, 's16867228'),
('t83973933', 'o83973933', 'b3', 1, 'E', 4, 's11677621'),
('t84064156', 'o42949534', 'b0', 1, 'C', 2, 's16867228'),
('t84216318', 'o84216318', 'b3', 1, 'E', 5, 's11677621'),
('t84284003', 'o84284003', 'b3', 1, 'E', 6, 's11677621'),
('t84323849', 'o84323849', 'b3', 1, 'E', 7, 's11677621'),
('t84549646', 'o43074772', 'b0', 1, 'C', 3, 's16867228'),
('t84619933', 'o43205652', 'b0', 1, 'C', 4, 's16867228'),
('t84628114', 'o43245238', 'b0', 1, 'C', 5, 's16867228'),
('t84734921', 'o43303905', 'b0', 1, 'C', 6, 's16867228'),
('t84808446', 'o84808446', 'b3', 1, 'E', 8, 's11677621'),
('t84842064', 'o43328028', 'b0', 1, 'C', 7, 's16867228'),
('t84926889', 'o43335716', 'b0', 1, 'C', 8, 's16867228'),
('t84990398', 'o84990398', 'b3', 1, 'E', 9, 's11677621'),
('t85008107', 'o85008107', 'b3', 1, 'E', 10, 's11677621'),
('t85017109', 'o85017109', 'b3', 1, 'F', 1, 's11677621'),
('t85053583', 'o85053583', 'b3', 1, 'F', 2, 's11677621'),
('t85214225', 'o85214225', 'b3', 1, 'F', 3, 's11677621'),
('t85240400', 'o85240400', 'b3', 1, 'F', 4, 's11677621'),
('t85244342', 'o43389795', 'b0', 1, 'C', 9, 's16867228'),
('t85267929', 'o43425869', 'b0', 1, 'C', 10, 's16867228'),
('t85327221', 'o85327221', 'b3', 1, 'F', 5, 's11677621'),
('t85348157', 'o85348157', 'b3', 1, 'F', 6, 's11677621'),
('t85414296', 'o85414296', 'b3', 1, 'F', 7, 's11677621'),
('t85488299', 'o85488299', 'b3', 1, 'F', 8, 's11677621'),
('t85582749', 'o43473466', 'b0', 1, 'D', 1, 's16867228'),
('t85609268', 'o85609268', 'b3', 1, 'F', 9, 's11677621'),
('t85697132', 'o85697132', 'b3', 1, 'F', 10, 's11677621'),
('t85785100', 'o85785100', 'b3', 1, 'G', 1, 's11677621'),
('t85850096', 'o85850096', 'b3', 1, 'G', 2, 's11677621'),
('t85927963', 'o85927963', 'b3', 1, 'G', 3, 's11677621'),
('t85961313', 'o85961313', 'b3', 1, 'G', 4, 's11677621'),
('t86032036', 'o43519486', 'b0', 1, 'D', 2, 's16867228'),
('t86054785', 'o86054785', 'b3', 1, 'G', 5, 's11677621'),
('t86090364', 'o43775976', 'b0', 1, 'D', 3, 's16867228'),
('t86100445', 'o86100445', 'b3', 1, 'G', 6, 's11677621'),
('t86115153', 'o43783731', 'b0', 1, 'D', 4, 's16867228'),
('t86193052', 'o86193052', 'b3', 1, 'G', 7, 's11677621'),
('t86237876', 'o43832909', 'b0', 1, 'D', 5, 's16867228'),
('t86307575', 'o86307575', 'b3', 1, 'G', 8, 's11677621'),
('t86382853', 'o43969647', 'b0', 1, 'D', 6, 's16867228'),
('t86444877', 'o86444877', 'b3', 1, 'G', 9, 's11677621'),
('t86699815', 'o86699815', 'b3', 1, 'G', 10, 's11677621'),
('t86732480', 'o44029263', 'b0', 1, 'D', 7, 's16867228'),
('t86988626', 'o86988626', 'b3', 1, 'H', 1, 's11677621'),
('t87032966', 'o87032966', 'b3', 1, 'H', 2, 's11677621'),
('t87047663', 'o87047663', 'b3', 1, 'H', 3, 's11677621'),
('t87073823', 'o87073823', 'b3', 1, 'H', 4, 's11677621'),
('t87141428', 'o87141428', 'b3', 1, 'H', 5, 's11677621'),
('t87156340', 'o87156340', 'b3', 1, 'H', 6, 's11677621'),
('t87160510', 'o87160510', 'b3', 1, 'H', 7, 's11677621'),
('t87270352', 'o87270352', 'b3', 1, 'H', 8, 's11677621'),
('t87315281', 'o87315281', 'b3', 1, 'H', 9, 's11677621'),
('t87425650', 'o44311963', 'b0', 1, 'D', 8, 's16867228'),
('t87448004', 'o87448004', 'b3', 1, 'H', 10, 's11677621'),
('t87453044', 'o87453044', 'b3', 1, 'I', 1, 's11677621'),
('t87532666', 'o44354373', 'b0', 1, 'D', 9, 's16867228'),
('t87535291', 'o87535291', 'b3', 1, 'I', 2, 's11677621'),
('t87592875', 'o44414747', 'b0', 1, 'D', 10, 's16867228'),
('t87629606', 'o44435812', 'b0', 1, 'E', 1, 's16867228'),
('t87670686', 'o87670686', 'b3', 1, 'I', 3, 's11677621'),
('t87718997', 'o87718997', 'b3', 1, 'I', 4, 's11677621'),
('t87725482', 'o44688858', 'b0', 1, 'E', 2, 's16867228'),
('t87815954', 'o87815954', 'b3', 1, 'I', 5, 's11677621'),
('t87834260', 'o44924183', 'b0', 1, 'E', 3, 's16867228'),
('t87913508', 'o87913508', 'b3', 1, 'I', 6, 's11677621'),
('t88070134', 'o88070134', 'b3', 1, 'I', 7, 's11677621'),
('t88081807', 'o44956315', 'b0', 1, 'E', 4, 's16867228'),
('t88104083', 'o88104083', 'b3', 1, 'I', 8, 's11677621'),
('t88132317', 'o45054157', 'b0', 1, 'E', 5, 's16867228'),
('t88267777', 'o88267777', 'b3', 1, 'I', 9, 's11677621'),
('t88271656', 'o88271656', 'b3', 1, 'I', 10, 's11677621'),
('t88287386', 'o88287386', 'b3', 1, 'J', 1, 's11677621'),
('t88292706', 'o88292706', 'b3', 1, 'J', 2, 's11677621'),
('t88315081', 'o45229427', 'b0', 1, 'E', 6, 's16867228'),
('t88341216', 'o88341216', 'b3', 1, 'J', 3, 's11677621'),
('t88418644', 'o45336150', 'b0', 1, 'E', 7, 's16867228'),
('t88661555', 'o88661555', 'b3', 1, 'J', 4, 's11677621'),
('t88690448', 'o45431091', 'b0', 1, 'E', 8, 's16867228'),
('t88703703', 'o88703703', 'b3', 1, 'J', 5, 's11677621'),
('t88756332', 'o45465696', 'b0', 1, 'E', 9, 's16867228'),
('t88802786', 'o88802786', 'b3', 1, 'J', 6, 's11677621'),
('t88992706', 'o88992706', 'b3', 1, 'J', 7, 's11677621'),
('t89041977', 'o89041977', 'b3', 1, 'J', 8, 's11677621'),
('t89076512', 'o45550695', 'b0', 1, 'E', 10, 's16867228'),
('t89306237', 'o45603618', 'b0', 1, 'F', 1, 's16867228'),
('t89311188', 'o45856422', 'b0', 1, 'F', 2, 's16867228'),
('t89396221', 'o89396221', 'b3', 1, 'J', 9, 's11677621'),
('t89421818', 'o45862296', 'b0', 1, 'F', 3, 's16867228'),
('t89424973', 'o89424973', 'b3', 1, 'J', 10, 's11677621'),
('t89477943', 'o89477943', 'b3', 1, 'A', 1, 's45847946'),
('t89708952', 'o89708952', 'b3', 1, 'A', 2, 's45847946'),
('t89715228', 'o45956514', 'b0', 1, 'F', 4, 's16867228'),
('t89721791', 'o89721791', 'b3', 1, 'A', 3, 's45847946'),
('t89740398', 'o89740398', 'b3', 1, 'A', 4, 's45847946'),
('t89799999', 'o89799999', 'b3', 1, 'A', 5, 's45847946'),
('t89871609', 'o45993413', 'b0', 1, 'F', 5, 's16867228'),
('t89969414', 'o89969414', 'b3', 1, 'A', 6, 's45847946'),
('t89975996', 'o89975996', 'b3', 1, 'A', 7, 's45847946'),
('t90109919', 'o46082523', 'b0', 1, 'F', 6, 's16867228'),
('t90118971', 'o90118971', 'b3', 1, 'A', 8, 's45847946'),
('t90156481', 'o46151607', 'b0', 1, 'F', 7, 's16867228'),
('t90307300', 'o46218850', 'b0', 1, 'F', 8, 's16867228'),
('t90365983', 'o90365983', 'b3', 1, 'A', 9, 's45847946'),
('t90433454', 'o90433454', 'b3', 1, 'A', 10, 's45847946'),
('t90613146', 'o90613146', 'b3', 1, 'B', 1, 's45847946'),
('t90672704', 'o90672704', 'b3', 1, 'B', 2, 's45847946'),
('t90802787', 'o46227749', 'b0', 1, 'F', 9, 's16867228'),
('t90913920', 'o90913920', 'b3', 1, 'B', 3, 's45847946'),
('t90964322', 'o46229678', 'b0', 1, 'F', 10, 's16867228'),
('t91074001', 'o91074001', 'b3', 1, 'B', 4, 's45847946'),
('t91130951', 'o46250117', 'b0', 1, 'G', 1, 's16867228'),
('t91236121', 'o91236121', 'b3', 1, 'B', 5, 's45847946'),
('t91281475', 'o91281475', 'b3', 1, 'B', 6, 's45847946'),
('t91330236', 'o91330236', 'b3', 1, 'B', 7, 's45847946'),
('t91361658', 'o91361658', 'b3', 1, 'B', 8, 's45847946'),
('t91481849', 'o91481849', 'b3', 1, 'B', 9, 's45847946'),
('t91546401', 'o91546401', 'b3', 1, 'B', 10, 's45847946'),
('t91639038', 'o46439579', 'b0', 1, 'G', 2, 's16867228'),
('t91650658', 'o91650658', 'b3', 1, 'C', 1, 's45847946'),
('t91655158', 'o91655158', 'b3', 1, 'C', 2, 's45847946'),
('t91751198', 'o91751198', 'b3', 1, 'C', 3, 's45847946'),
('t91782292', 'o91782292', 'b3', 1, 'C', 4, 's45847946'),
('t91828653', 'o46488929', 'b0', 1, 'G', 3, 's16867228'),
('t92058331', 'o92058331', 'b3', 1, 'C', 5, 's45847946'),
('t92153468', 'o92153468', 'b3', 1, 'C', 6, 's45847946');
INSERT INTO `ticket` (`TicketID`, `Invoice_num`, `Branch_code`, `Room_number`, `Row_index`, `Col_index`, `ShowID`) VALUES
('t92218315', 'o92218315', 'b3', 1, 'C', 7, 's45847946'),
('t92392266', 'o92392266', 'b3', 1, 'C', 8, 's45847946'),
('t92426020', 'o92426020', 'b3', 1, 'C', 9, 's45847946'),
('t92605195', 'o92605195', 'b3', 1, 'C', 10, 's45847946'),
('t92684311', 'o92684311', 'b3', 1, 'D', 1, 's45847946'),
('t92836335', 'o46768120', 'b0', 1, 'G', 4, 's16867228'),
('t92870662', 'o46912184', 'b0', 1, 'G', 5, 's16867228'),
('t92915855', 'o92915855', 'b3', 1, 'D', 2, 's45847946'),
('t93092807', 'o47076591', 'b0', 1, 'G', 6, 's16867228'),
('t93132926', 'o93132926', 'b3', 1, 'D', 3, 's45847946'),
('t93226675', 'o93226675', 'b3', 1, 'D', 4, 's45847946'),
('t93284481', 'o93284481', 'b3', 1, 'D', 5, 's45847946'),
('t93314475', 'o93314475', 'b4', 1, 'D', 6, 's45847946'),
('t93448317', 'o93448317', 'b4', 1, 'D', 7, 's45847946'),
('t93453198', 'o93453198', 'b4', 1, 'D', 8, 's45847946'),
('t93595130', 'o47157690', 'b0', 1, 'G', 7, 's16867228'),
('t93699462', 'o93699462', 'b4', 1, 'D', 9, 's45847946'),
('t93875399', 'o93875399', 'b4', 1, 'D', 10, 's45847946'),
('t93900426', 'o93900426', 'b4', 1, 'E', 1, 's45847946'),
('t93940537', 'o47168809', 'b0', 1, 'G', 8, 's16867228'),
('t94023925', 'o47391491', 'b0', 1, 'G', 9, 's16867228'),
('t94072665', 'o94072665', 'b4', 1, 'E', 2, 's45847946'),
('t94083488', 'o94083488', 'b4', 1, 'E', 3, 's45847946'),
('t94088567', 'o94088567', 'b4', 1, 'E', 4, 's45847946'),
('t94243387', 'o47435664', 'b0', 1, 'G', 10, 's16867228'),
('t94312547', 'o47734968', 'b0', 1, 'H', 1, 's16867228'),
('t94318227', 'o94318227', 'b4', 1, 'E', 5, 's45847946'),
('t94345223', 'o94345223', 'b4', 1, 'E', 6, 's45847946'),
('t94417942', 'o94417942', 'b4', 1, 'E', 7, 's45847946'),
('t94443586', 'o47751595', 'b0', 1, 'H', 2, 's16867228'),
('t94556068', 'o94556068', 'b4', 1, 'E', 8, 's45847946'),
('t94628479', 'o94628479', 'b4', 1, 'E', 9, 's45847946'),
('t94698309', 'o47799650', 'b0', 1, 'H', 3, 's16867228'),
('t94920759', 'o94920759', 'b4', 1, 'E', 10, 's45847946'),
('t94961480', 'o94961480', 'b4', 1, 'F', 1, 's45847946'),
('t94984540', 'o47818005', 'b0', 1, 'H', 4, 's16867228'),
('t95216352', 'o47825387', 'b0', 1, 'H', 5, 's16867228'),
('t95235819', 'o95235819', 'b4', 1, 'F', 2, 's45847946'),
('t95244953', 'o95244953', 'b4', 1, 'F', 3, 's45847946'),
('t95263294', 'o95263294', 'b4', 1, 'F', 4, 's45847946'),
('t95275879', 'o95275879', 'b4', 1, 'F', 5, 's45847946'),
('t95290895', 'o95290895', 'b4', 1, 'F', 6, 's45847946'),
('t95383728', 'o95383728', 'b4', 1, 'F', 7, 's45847946'),
('t95544770', 'o47838424', 'b0', 1, 'H', 6, 's16867228'),
('t95585653', 'o95585653', 'b4', 1, 'F', 8, 's45847946'),
('t95651944', 'o95651944', 'b4', 1, 'F', 9, 's45847946'),
('t95749676', 'o47927263', 'b0', 1, 'H', 7, 's16867228'),
('t95781650', 'o95781650', 'b4', 1, 'F', 10, 's45847946'),
('t95790870', 'o95790870', 'b4', 1, 'G', 1, 's45847946'),
('t95875658', 'o95875658', 'b4', 1, 'G', 2, 's45847946'),
('t96030288', 'o47978118', 'b0', 1, 'H', 8, 's16867228'),
('t96077487', 'o96077487', 'b4', 1, 'G', 3, 's45847946'),
('t96131157', 'o96131157', 'b4', 1, 'G', 4, 's45847946'),
('t96180310', 'o96180310', 'b4', 1, 'G', 5, 's45847946'),
('t96215185', 'o96215185', 'b4', 1, 'G', 6, 's45847946'),
('t96390062', 'o96390062', 'b4', 1, 'G', 7, 's45847946'),
('t96528333', 'o96528333', 'b4', 1, 'G', 8, 's45847946'),
('t96529524', 'o96529524', 'b4', 1, 'G', 9, 's45847946'),
('t96540381', 'o48173880', 'b0', 1, 'H', 9, 's16867228'),
('t96601754', 'o48412890', 'b0', 1, 'H', 10, 's16867228'),
('t96646952', 'o96646952', 'b4', 1, 'G', 10, 's45847946'),
('t96668205', 'o48505618', 'b0', 1, 'I', 1, 's16867228'),
('t96673318', 'o96673318', 'b4', 1, 'H', 1, 's45847946'),
('t96728031', 'o48963358', 'b0', 1, 'I', 2, 's16867228'),
('t96763481', 'o49305342', 'b0', 1, 'I', 3, 's16867228'),
('t96822359', 'o49352122', 'b0', 1, 'I', 4, 's16867228'),
('t96909912', 'o96909912', 'b4', 1, 'H', 2, 's45847946'),
('t96938525', 'o96938525', 'b4', 1, 'H', 3, 's45847946'),
('t97057570', 'o97057570', 'b4', 1, 'H', 4, 's45847946'),
('t97173595', 'o49360082', 'b0', 1, 'I', 5, 's16867228'),
('t97183564', 'o97183564', 'b4', 1, 'H', 5, 's45847946'),
('t97218215', 'o97218215', 'b4', 1, 'H', 6, 's45847946'),
('t97234304', 'o97234304', 'b4', 1, 'H', 7, 's45847946'),
('t97270975', 'o97270975', 'b4', 1, 'H', 8, 's45847946'),
('t97357186', 'o49410532', 'b0', 1, 'I', 6, 's16867228'),
('t97400361', 'o97400361', 'b4', 1, 'H', 9, 's45847946'),
('t97563303', 'o97563303', 'b4', 1, 'H', 10, 's45847946'),
('t97613656', 'o97613656', 'b4', 1, 'I', 1, 's45847946'),
('t97614730', 'o97614730', 'b4', 1, 'I', 2, 's45847946'),
('t97835489', 'o49438830', 'b0', 1, 'I', 7, 's16867228'),
('t97891930', 'o97891930', 'b4', 1, 'I', 3, 's45847946'),
('t97938629', 'o49595748', 'b0', 1, 'I', 8, 's16867228'),
('t97954777', 'o97954777', 'b4', 1, 'I', 4, 's45847946'),
('t98012456', 'o98012456', 'b4', 1, 'I', 5, 's45847946'),
('t98037803', 'o98037803', 'b4', 1, 'I', 6, 's45847946'),
('t98185147', 'o98185147', 'b4', 1, 'I', 7, 's45847946'),
('t98213957', 'o49664818', 'b0', 1, 'I', 9, 's16867228'),
('t98227409', 'o49686125', 'b0', 1, 'I', 10, 's16867228'),
('t98391801', 'o49699369', 'b0', 1, 'J', 1, 's16867228'),
('t98433561', 'o49752965', 'b0', 1, 'J', 2, 's16867228'),
('t98597316', 'o98597316', 'b4', 1, 'I', 8, 's45847946'),
('t98638267', 'o98638267', 'b4', 1, 'I', 9, 's45847946'),
('t98688064', 'o98688064', 'b4', 1, 'I', 10, 's45847946'),
('t98749252', 'o50116525', 'b0', 1, 'J', 3, 's16867228'),
('t98896225', 'o98896225', 'b4', 1, 'J', 1, 's45847946'),
('t98957816', 'o98957816', 'b4', 1, 'J', 2, 's45847946'),
('t98959284', 'o98959284', 'b4', 1, 'J', 3, 's45847946'),
('t99079535', 'o50135136', 'b0', 1, 'J', 4, 's16867228'),
('t99112877', 'o50399551', 'b0', 1, 'J', 5, 's16867228'),
('t99115547', 'o99115547', 'b4', 1, 'J', 4, 's45847946'),
('t99278046', 'o50449192', 'b0', 1, 'J', 6, 's16867228'),
('t99302706', 'o99302706', 'b4', 1, 'J', 5, 's45847946'),
('t99610196', 'o50482878', 'b0', 1, 'J', 7, 's16867228'),
('t99614301', 'o99614301', 'b4', 1, 'J', 6, 's45847946'),
('t99763858', 'o99763858', 'b4', 1, 'J', 7, 's45847946'),
('t99797214', 'o50666741', 'b0', 1, 'J', 8, 's16867228'),
('t99861868', 'o50753542', 'b0', 1, 'J', 9, 's16867228'),
('t99886162', 'o99886162', 'b4', 1, 'J', 8, 's45847946'),
('t99906669', 'o99906669', 'b4', 1, 'J', 9, 's45847946'),
('t99925304', 'o50787936', 'b0', 1, 'J', 10, 's16867228'),
('t99976804', 'o99976804', 'b4', 1, 'J', 10, 's45847946');

-- --------------------------------------------------------

--
-- Table structure for table `voucher`
--

CREATE TABLE `voucher` (
  `VoucherID` varchar(9) NOT NULL,
  `S_time` datetime NOT NULL,
  `E_time` datetime NOT NULL,
  `Gender` varchar(20) DEFAULT NULL,
  `Order_price` int(11) DEFAULT NULL,
  `Total_point` int(11) DEFAULT NULL CHECK (`Total_point` >= 0),
  `Description` varchar(100) NOT NULL,
  `Discount_percent` int(11) NOT NULL
) ENGINE=InnoDB DEFAULT CHARSET=utf8mb4;

--
-- Dumping data for table `voucher`
--

INSERT INTO `voucher` (`VoucherID`, `S_time`, `E_time`, `Gender`, `Order_price`, `Total_point`, `Description`, `Discount_percent`) VALUES
('v00116318', '2022-12-18 21:08:00', '2022-12-23 04:20:00', 'Male', 2200000, 30, 'International Children\'s Day', 10),
('v00906575', '2022-12-17 18:01:00', '2022-12-23 15:57:00', 'Male', 1600000, 970, 'Veteran\'s Day', 45),
('v00939305', '2022-12-16 08:24:00', '2022-12-25 18:44:00', 'Male', 3200000, 370, 'Yom Kippur', 45),
('v02106705', '2022-12-18 08:09:00', '2022-12-26 05:56:00', 'Female', 1800000, 250, 'June Solstice', 35),
('v05249117', '2022-12-18 12:12:00', '2022-12-28 20:11:00', 'Bigender', 6100000, 360, 'Flag Day', 45),
('v05456624', '2022-12-18 14:28:00', '2022-12-27 00:24:00', 'Female', 5000000, 520, 'Mardi Gras', 20),
('v05574781', '2022-12-19 17:37:00', '2022-12-23 00:07:00', 'Male', 5300000, 900, 'Black Friday', 10),
('v06275396', '2022-12-17 12:04:00', '2022-12-20 02:36:00', 'Male', 8100000, 820, 'Good Friday', 5),
('v07228385', '2022-12-18 06:45:00', '2022-12-19 00:33:00', 'Female', 900000, 250, 'Aviation Day', 45),
('v07282948', '2022-12-20 20:51:00', '2022-12-26 08:55:00', 'Male', 9600000, 420, 'Chinese New  Year', 50),
('v07284724', '2022-12-19 13:16:00', '2022-12-21 03:03:00', 'Female', 8800000, 460, 'Communist Party of Viet Nam Foundation Anniversary', 20),
('v08121133', '2022-12-16 01:13:00', '2022-12-30 18:44:00', 'Female', 400000, 250, 'International Women\'s Day', 30),
('v08660037', '2022-12-19 01:51:00', '2022-12-30 10:01:00', 'Polygender', 6200000, 880, 'Independence Day', 10),
('v11176701', '2022-12-16 17:16:00', '2022-12-30 05:30:00', 'Male', 5700000, 910, 'Armed Forces Day', 45),
('v12692229', '2022-12-17 20:10:00', '2022-12-25 20:39:00', 'Male', 2500000, 250, 'Labor Day', 15),
('v12739241', '2022-12-19 19:32:00', '2022-12-19 18:41:00', 'Male', 7500000, 250, 'Martin Luther King Jr. Day', 50),
('v15924040', '2022-12-17 19:54:00', '2022-12-22 07:55:00', 'Female', 7600000, 290, 'Autumnal equinox ', 45),
('v16402923', '2022-12-17 08:04:00', '2022-12-31 15:14:00', 'Female', 10000000, 250, 'Washington\'s Birthday', 20),
('v18303210', '2022-12-20 21:20:00', '2022-12-25 10:19:00', 'Male', 3900000, 140, 'Vietnamese Women\'s Day', 10),
('v18432397', '2022-12-18 13:29:00', '2022-12-22 21:43:00', 'Female', 7800000, 840, 'Ghost Festival', 45),
('v18491661', '2022-12-18 21:04:00', '2022-12-22 12:14:00', 'Genderfluid', 100000, 250, 'National Day', 30),
('v19454802', '2022-12-19 08:25:00', '2022-12-20 04:29:00', 'Male', 3400000, 790, 'Victoria Day ', 5),
('v20286648', '2022-12-17 17:10:00', '2022-12-20 15:17:00', 'Male', 4100000, 500, 'President Ho Chi Minh\'s Birthday', 30),
('v20544592', '2022-12-20 18:01:00', '2022-12-21 12:19:00', 'Male', 7100000, 630, 'Single\'s Day', 40),
('v20562648', '2022-12-18 05:12:00', '2022-12-22 04:19:00', 'Female', 2800000, 600, 'End of Ramadan', 40),
('v22212121', '2022-12-16 12:10:00', '2022-12-23 21:05:00', 'Male', 2900000, 40, 'Vernal equinox', 40),
('v22725006', '2022-12-17 20:05:00', '2022-12-30 20:51:00', 'Polygender', 7700000, 910, 'Parents\' Day', 30),
('v22936155', '2022-12-17 20:27:00', '2022-12-25 06:08:00', 'Female', 100000, 160, 'Mid-Autumn Festival', 25),
('v23826916', '2022-12-18 08:51:00', '2022-12-31 19:03:00', 'Female', 100000, 390, 'Vietnamese Family Day', 20),
('v24044546', '2022-12-18 16:28:00', '2022-12-21 00:47:00', 'Female', 6700000, 450, 'Pearl Harbor', 40),
('v26342508', '2022-12-18 22:52:00', '2022-12-20 16:57:00', 'Male', 500000, 250, 'Thanksgiving', 35),
('v29214952', '2022-12-17 09:57:00', '2022-12-19 14:54:00', 'Agender', 6700000, 250, 'Taxes Due', 25),
('v30753049', '2022-12-20 02:59:00', '2022-12-19 20:11:00', 'Male', 2700000, 910, 'White Monday', 20),
('v30810434', '2022-12-16 03:56:00', '2022-12-30 01:17:00', 'Female', 100000, 260, 'United Nations Day', 30),
('v30837199', '2022-12-17 00:39:00', '2022-12-19 04:46:00', 'Female', 300000, 1000, 'Daylight Saving', 35),
('v31534255', '2022-12-19 11:28:00', '2022-12-27 22:12:00', 'Male', 2000000, 220, 'Cinco de Mayo', 50),
('v34248916', '2022-12-16 12:30:00', '2022-12-31 17:37:00', 'Female', 6700000, 710, 'Memorial Day', 30),
('v34617681', '2022-12-17 06:27:00', '2022-12-25 15:47:00', 'Female', 1400000, 910, 'New Year\'s Eve', 10),
('v35110683', '2022-12-19 08:29:00', '2022-12-21 04:39:00', 'Male', 2100000, 140, 'Passover', 10),
('v39007763', '2022-12-18 03:54:00', '2022-12-27 03:44:00', 'Male', 9600000, 670, 'Remembrance Day', 5),
('v40904503', '2022-12-20 07:16:00', '2022-12-25 21:26:00', 'Male', 100000, 970, 'Kwanzaa begins', 15),
('v41451862', '2022-12-19 21:09:00', '2022-12-19 20:08:00', 'Female', 2000000, 390, 'Buddha\'s Birthday', 35),
('v42824026', '2022-12-20 10:41:00', '2022-12-26 14:08:00', 'Male', 3100000, 250, 'National Defence Day', 10),
('v42876003', '2022-12-17 15:00:00', '2022-12-29 00:49:00', 'Male', 6800000, 370, 'Labour Day', 25),
('v45095227', '2022-12-19 00:46:00', '2022-12-27 04:25:00', 'Male', 100000, 250, 'Grandparents Day', 50),
('v47527039', '2022-12-16 19:45:00', '2022-12-23 23:42:00', 'Male', 4100000, 690, 'Father\'s Day', 30),
('v49224931', '2022-12-17 05:33:00', '2022-12-30 22:22:00', 'Female', 100000, 250, 'Day after Thanksgiving Day', 5),
('v51985032', '2022-12-20 06:50:00', '2022-12-22 20:48:00', 'Male', 4300000, 310, 'Labor Day', 25),
('v52326334', '2022-12-20 05:47:00', '2022-12-25 20:16:00', 'Male', 8200000, 700, 'Late Summer Bank Holiday', 5),
('v52910230', '2022-12-18 06:17:00', '2022-12-26 06:10:00', 'Female', 9700000, 470, 'Ash Wednesday', 50),
('v53192089', '2022-12-17 02:22:00', '2022-12-19 08:19:00', 'Male', 3900000, 320, 'New Year\'s Day', 35),
('v54740459', '2022-12-20 10:23:00', '2022-12-22 18:30:00', 'Female', 10000000, 740, 'Tax Day', 10),
('v55009817', '2022-12-17 10:13:00', '2022-12-31 06:21:00', 'Male', 4000000, 470, 'Martin Luther King Day', 45),
('v56150798', '2022-12-18 11:34:00', '2022-12-22 05:54:00', 'Female', 7500000, 260, 'Constitution Day', 15),
('v58153989', '2022-12-16 10:24:00', '2022-12-27 07:09:00', 'Male', 8200000, 880, 'Dec. Solstice (GMT)', 30),
('v59610911', '2022-12-17 10:53:00', '2022-12-28 09:39:00', 'Male', 9800000, 630, 'President\'s Day', 30),
('v60116222', '2022-12-19 12:01:00', '2022-12-21 00:00:00', 'Female', 5900000, 250, 'Boss\'s Day', 5),
('v60286024', '2022-12-17 18:23:00', '2022-12-29 20:15:00', 'Male', 7900000, 250, 'Groundhog Day', 15),
('v61860082', '2022-12-16 19:15:00', '2022-12-27 09:47:00', 'Male', 2100000, 900, 'Easter Monday', 30),
('v62115697', '2022-12-20 03:21:00', '2022-12-29 18:55:00', 'Female', 400000, 330, 'Day of liberating the South for national reunification', 25),
('v63137872', '2022-12-19 12:50:00', '2022-12-31 05:05:00', 'Female', 100000, 720, 'Administrative Professionals Day', 30),
('v64971023', '2022-12-17 16:22:00', '2022-12-24 10:56:00', 'Male', 100000, 970, 'Vietnamese New Year Holidays', 50),
('v64972482', '2022-12-16 01:28:00', '2022-12-19 09:01:00', 'Male', 1000000, 1000, 'Summer Bank Holiday', 15),
('v65456414', '2022-12-16 12:04:00', '2022-12-19 00:14:00', 'Female', 5800000, 660, 'St. Patrick\'s Day', 25),
('v66175397', '2022-12-16 04:34:00', '2022-12-28 20:31:00', 'Female', 1100000, 310, 'Vietnamese New Year', 20),
('v66199029', '2022-12-20 18:55:00', '2022-12-21 11:18:00', 'Non-binary', 6400000, 760, 'Presidents\' Day', 35),
('v66866248', '2022-12-17 16:02:00', '2022-12-29 00:55:00', 'Male', 3000000, 110, 'Boxing Day', 15),
('v67040937', '2022-12-16 10:10:00', '2022-12-22 13:41:00', 'Female', 5200000, 250, 'Halloween', 35),
('v67427244', '2022-12-20 12:53:00', '2022-12-23 20:27:00', 'Female', 4400000, 350, 'Victory of Ng?c H?i-??ng ?a', 45),
('v70102855', '2022-12-19 14:02:00', '2022-12-19 14:42:00', 'Female', 6600000, 30, 'Vietnam Book Day', 20),
('v72274175', '2022-12-19 08:21:00', '2022-12-19 11:21:00', 'Female', 100000, 690, 'Capital Liberation Day', 25),
('v72918463', '2022-12-17 20:29:00', '2022-12-24 03:41:00', 'Male', 2400000, 250, 'Thanksgiving Day', 20),
('v73544877', '2022-12-18 06:21:00', '2022-12-20 14:04:00', 'Male', 2100000, 380, 'Dien Bien Phu Victory Day', 45),
('v73762728', '2022-12-16 19:11:00', '2022-12-28 02:13:00', 'Male', 1200000, 80, 'Easter Sunday', 35),
('v75541334', '2022-12-18 13:25:00', '2022-12-29 04:27:00', 'Male', 4100000, 250, 'Lincoln\'s B-Day', 15),
('v76411498', '2022-12-18 02:58:00', '2022-12-31 03:03:00', 'Female', 6800000, 760, 'Veterans Day', 50),
('v78118650', '2022-12-18 11:20:00', '2022-12-27 17:25:00', 'Male', 100000, 680, 'Vietnamese Teacher\'s Day', 30),
('v78267920', '2022-12-18 13:15:00', '2022-12-28 13:28:00', 'Female', 100000, 400, 'Ramadan begins', 45),
('v79172274', '2022-12-17 19:30:00', '2022-12-31 03:08:00', 'Female', 4600000, 250, 'Christmas Eve', 10),
('v79353122', '2022-12-19 14:12:00', '2022-12-24 09:14:00', 'Female', 7300000, 250, 'Hung Kings Commemorations', 30),
('v81729636', '2022-12-17 21:36:00', '2022-12-22 08:45:00', 'Female', 8000000, 250, 'Lantern Festival', 15),
('v83260835', '2022-12-17 04:42:00', '2022-12-20 14:58:00', 'Genderqueer', 1100000, 50, 'Earth Day', 50),
('v83708465', '2022-12-17 00:28:00', '2022-12-31 08:42:00', 'Female', 100000, 950, 'Juneteenth', 25),
('v83774716', '2022-12-19 03:53:00', '2022-12-30 09:50:00', 'Female', 6300000, 150, 'Easter', 30),
('v84271795', '2022-12-19 22:57:00', '2022-12-25 05:05:00', 'Female', 3800000, 580, 'Mid-year Festival', 30),
('v87183312', '2022-12-17 00:37:00', '2022-12-31 11:27:00', 'Female', 4100000, 470, 'Christmas Day', 20),
('v88655350', '2022-12-17 18:38:00', '2022-12-21 10:56:00', 'Male', 900000, 470, 'Valentine\'s Day', 50),
('v88932261', '2022-12-20 23:58:00', '2022-12-26 09:50:00', 'Female', 9700000, 620, 'April Fool\'s Day', 5),
('v89544589', '2022-12-17 12:55:00', '2022-12-26 13:55:00', 'Female', 6800000, 430, 'Columbus Day', 5),
('v89932194', '2022-12-18 12:30:00', '2022-12-20 21:47:00', 'Male', 9500000, 60, 'Patriot Day', 25),
('v90199682', '2022-12-16 23:14:00', '2022-12-29 21:24:00', 'Male', 5400000, 730, 'Pentecost', 40),
('v90752992', '2022-12-19 17:32:00', '2022-12-28 11:01:00', 'Female', 8200000, 60, 'Hanukkah begins', 5),
('v92187932', '2022-12-18 17:22:00', '2022-12-22 01:51:00', 'Polygender', 7800000, 840, 'Rosh Hashanah', 5),
('v92726482', '2022-12-18 13:50:00', '2022-12-26 03:26:00', 'Male', 8100000, 960, 'Admin Assist Day', 25),
('v96864375', '2022-12-19 00:11:00', '2022-12-26 09:56:00', 'Male', 7400000, 170, 'Women\'s day', 15),
('v97192010', '2022-12-19 19:17:00', '2022-12-31 08:31:00', 'Female', 5100000, 250, 'May Day', 15),
('v98346309', '2022-12-20 22:53:00', '2022-12-26 00:11:00', 'Female', 100000, 790, 'Mother\'s Day', 30),
('v98488602', '2022-12-19 07:47:00', '2022-12-21 05:43:00', 'Female', 2800000, 380, 'The East Asian Valentine\'s Day', 45),
('v99457680', '2022-12-17 04:38:00', '2022-12-28 10:06:00', 'Male', 5100000, 50, 'Kitchen guardians', 50),
('v99873309', '2022-12-19 18:34:00', '2022-12-23 03:13:00', 'Female', 2500000, 710, 'August Revolution Commemoration Day', 50);

--
-- Indexes for dumped tables
--

--
-- Indexes for table `admin`
--
ALTER TABLE `admin`
  ADD PRIMARY KEY (`AdminID`),
  ADD UNIQUE KEY `Username` (`Username`);

--
-- Indexes for table `corder`
--
ALTER TABLE `corder`
  ADD PRIMARY KEY (`Invoice_num`),
  ADD KEY `CustomerID` (`CustomerID`);

--
-- Indexes for table `customer`
--
ALTER TABLE `customer`
  ADD PRIMARY KEY (`CustomerID`),
  ADD UNIQUE KEY `Username` (`Username`);

--
-- Indexes for table `food`
--
ALTER TABLE `food`
  ADD PRIMARY KEY (`FoodID`);

--
-- Indexes for table `food_order`
--
ALTER TABLE `food_order`
  ADD PRIMARY KEY (`FoodID`,`Invoice_num`),
  ADD KEY `Invoice_num` (`Invoice_num`);

--
-- Indexes for table `isapplied`
--
ALTER TABLE `isapplied`
  ADD PRIMARY KEY (`VoucherID`,`Invoice_num`);

--
-- Indexes for table `movie`
--
ALTER TABLE `movie`
  ADD PRIMARY KEY (`Movie_code`);

--
-- Indexes for table `movie_cast`
--
ALTER TABLE `movie_cast`
  ADD PRIMARY KEY (`Movie_code`,`Cast`);

--
-- Indexes for table `movie_format`
--
ALTER TABLE `movie_format`
  ADD PRIMARY KEY (`Movie_code`,`Format`);

--
-- Indexes for table `movie_genres`
--
ALTER TABLE `movie_genres`
  ADD PRIMARY KEY (`Movie_code`,`Genres`);

--
-- Indexes for table `movie_language`
--
ALTER TABLE `movie_language`
  ADD PRIMARY KEY (`Movie_code`,`Language`);

--
-- Indexes for table `movie_show`
--
ALTER TABLE `movie_show`
  ADD PRIMARY KEY (`ShowID`);

--
-- Indexes for table `room`
--
ALTER TABLE `room`
  ADD PRIMARY KEY (`Branch_code`,`Number`);

--
-- Indexes for table `scheduled`
--
ALTER TABLE `scheduled`
  ADD PRIMARY KEY (`ShowID`,`Branch_code`,`Room_number`),
  ADD KEY `Branch_code` (`Branch_code`,`Room_number`);

--
-- Indexes for table `seat`
--
ALTER TABLE `seat`
  ADD PRIMARY KEY (`Branch_code`,`Number`,`Row_index`,`Col_index`);

--
-- Indexes for table `theatre`
--
ALTER TABLE `theatre`
  ADD PRIMARY KEY (`Branch_code`),
  ADD UNIQUE KEY `Name` (`Name`);

--
-- Indexes for table `ticket`
--
ALTER TABLE `ticket`
  ADD PRIMARY KEY (`TicketID`),
  ADD KEY `Branch_code` (`Branch_code`,`Room_number`,`Row_index`,`Col_index`);

--
-- Indexes for table `voucher`
--
ALTER TABLE `voucher`
  ADD PRIMARY KEY (`VoucherID`);

--
-- Constraints for dumped tables
--

--
-- Constraints for table `corder`
--
ALTER TABLE `corder`
  ADD CONSTRAINT `corder_ibfk_1` FOREIGN KEY (`CustomerID`) REFERENCES `customer` (`CustomerID`) ON DELETE CASCADE ON UPDATE CASCADE;

--
-- Constraints for table `food_order`
--
ALTER TABLE `food_order`
  ADD CONSTRAINT `food_order_ibfk_1` FOREIGN KEY (`FoodID`) REFERENCES `food` (`FoodID`) ON DELETE CASCADE ON UPDATE CASCADE,
  ADD CONSTRAINT `food_order_ibfk_2` FOREIGN KEY (`Invoice_num`) REFERENCES `corder` (`Invoice_num`) ON DELETE CASCADE ON UPDATE CASCADE;

--
-- Constraints for table `scheduled`
--
ALTER TABLE `scheduled`
  ADD CONSTRAINT `scheduled_ibfk_1` FOREIGN KEY (`Branch_code`,`Room_number`) REFERENCES `room` (`Branch_code`, `Number`) ON DELETE CASCADE ON UPDATE CASCADE;

--
-- Constraints for table `ticket`
--
ALTER TABLE `ticket`
  ADD CONSTRAINT `ticket_ibfk_1` FOREIGN KEY (`Branch_code`,`Room_number`,`Row_index`,`Col_index`) REFERENCES `seat` (`Branch_code`, `Number`, `Row_index`, `Col_index`) ON DELETE CASCADE ON UPDATE CASCADE;
COMMIT;

/*!40101 SET CHARACTER_SET_CLIENT=@OLD_CHARACTER_SET_CLIENT */;
/*!40101 SET CHARACTER_SET_RESULTS=@OLD_CHARACTER_SET_RESULTS */;
/*!40101 SET COLLATION_CONNECTION=@OLD_COLLATION_CONNECTION */;
